gen,best_train_mse,mean_train_mse,val_mse,sigma,diversity
1,0.2852964696,0.83537094,0.219741341,0.1498646135,0.247770026
2,0.04203621443,0.8303953949,0.04021432827,0.1497293491,0.26706091
3,0.04203621443,0.9250638598,0.04021432827,0.1495942069,0.2857869041
4,0.02050772632,0.922671928,0.01662152123,0.1494591866,0.3014856199
5,0.02050772632,0.9367582006,0.01662152123,0.1493242882,0.3114207131
6,0.02050772632,0.8943537124,0.01662152123,0.1491895116,0.3206665831
7,0.02050772632,0.8626939281,0.01662152123,0.1490548566,0.3315234141
8,0.02050772632,0.848522583,0.01662152123,0.1489203231,0.3346509352
9,0.02050772632,0.7518157297,0.01662152123,0.1487859111,0.3421472294
10,0.02050772632,0.6579073262,0.01662152123,0.1486516204,0.3460338418
11,0.02050772632,0.5850707308,0.01662152123,0.1485174509,0.3435529416
12,0.02050772632,0.4420145631,0.01662152123,0.1483834025,0.3408877198
13,0.02050772632,0.4204905059,0.01662152123,0.1482494751,0.3402292577
14,0.02050772632,0.4103739005,0.01662152123,0.1481156685,0.337761457
15,0.01324549984,0.4187039434,0.0115794838,0.1479819827,0.3412424702
16,0.01324549984,0.394989994,0.0115794838,0.1478484176,0.3483927038
17,0.01324549984,0.3483450977,0.0115794838,0.1477149731,0.3494885473
18,0.01324549984,0.3988323431,0.0115794838,0.147581649,0.3507946054
19,0.01324549984,0.3621659274,0.0115794838,0.1474484452,0.352100132
20,0.01324549984,0.3466260346,0.0115794838,0.1473153616,0.3598301726
21,0.01324549984,0.3040181623,0.0115794838,0.1471823982,0.3627056106
22,0.01185641574,0.3559012703,0.01022085508,0.1470495548,0.3641426464
23,0.01185641574,0.3439390788,0.01022085508,0.1469168313,0.369899108
24,0.01185641574,0.3077859256,0.01022085508,0.1467842275,0.3749485761
25,0.0113050627,0.2839031159,0.01029437142,0.1466517435,0.3749710036
26,0.0113050627,0.3112124228,0.01029437142,0.146519379,0.3829545312
27,0.009980720183,0.3114470538,0.008294449343,0.146387134,0.3783626846
28,0.009980720183,0.260536415,0.008294449343,0.1462550084,0.3532940437
29,0.009980720183,0.2513819838,0.008294449343,0.146123002,0.3506583183
30,0.009980720183,0.2433876374,0.008294449343,0.1459911148,0.3405537303
31,0.009980720183,0.2474654216,0.008294449343,0.1458593466,0.3413070675
32,0.009980720183,0.2139046251,0.008294449343,0.1457276973,0.32903457
33,0.009980720183,0.241382171,0.008294449343,0.1455961669,0.3294610133
34,0.009980720183,0.2142172139,0.008294449343,0.1454647552,0.331593782
35,0.009980720183,0.1878762024,0.008294449343,0.145333462,0.330589168
36,0.009980720183,0.1909133934,0.008294449343,0.1452022874,0.3297756187
37,0.009980720183,0.2121255726,0.008294449343,0.1450712312,0.320697056
38,0.009980720183,0.1939452824,0.008294449343,0.1449402933,0.3036781868
39,0.009980720183,0.190540287,0.008294449343,0.1448094735,0.3018534627
40,0.009980720183,0.1424527014,0.008294449343,0.1446787718,0.2827225892
41,0.009980720183,0.1402026809,0.008294449343,0.1445481881,0.2782471213
42,0.009980720183,0.1582530511,0.008294449343,0.1444177223,0.2813337333
43,0.009980720183,0.1890921078,0.008294449343,0.1442873742,0.2830630558
44,0.009980720183,0.1616181867,0.008294449343,0.1441571438,0.2781370568
45,0.009980720183,0.1518112072,0.008294449343,0.1440270309,0.2747286192
46,0.009980720183,0.14234355,0.008294449343,0.1438970354,0.2702959767
47,0.009980720183,0.1751115493,0.008294449343,0.1437671573,0.2690243537
48,0.009980720183,0.1405551138,0.008294449343,0.1436373964,0.2665822201
49,0.009980720183,0.1419258924,0.008294449343,0.1435077526,0.2686117448
50,0.009980720183,0.1384480998,0.008294449343,0.1433782258,0.2615755078
51,0.009980720183,0.1340102457,0.008294449343,0.143248816,0.2568492365
52,0.009980720183,0.1302429888,0.008294449343,0.1431195229,0.2576318548
53,0.009980720183,0.1381587021,0.008294449343,0.1429903465,0.2549525226
54,0.009980720183,0.1343306776,0.008294449343,0.1428612868,0.2466922527
55,0.009980720183,0.1314663383,0.008294449343,0.1427323435,0.2409528176
56,0.009980720183,0.1183241987,0.008294449343,0.1426035166,0.2340047186
57,0.009980720183,0.1245075403,0.008294449343,0.1424748059,0.2351241696
58,0.009980720183,0.1282735173,0.008294449343,0.1423462115,0.2303310779
59,0.009980720183,0.1345531785,0.008294449343,0.1422177331,0.234254418
60,0.009980720183,0.1434169876,0.008294449343,0.1420893706,0.2418036931
61,0.009980720183,0.1551674002,0.008294449343,0.1419611241,0.2486463027
62,0.009980720183,0.1593645556,0.008294449343,0.1418329933,0.2479891961
63,0.009980720183,0.1653777782,0.008294449343,0.1417049781,0.2509886226
64,0.009980720183,0.1440198215,0.008294449343,0.1415770785,0.2457195515
65,0.009980720183,0.1653404902,0.008294449343,0.1414492943,0.2478847893
66,0.009980720183,0.1732061108,0.008294449343,0.1413216254,0.2488246464
67,0.009980720183,0.1821287872,0.008294449343,0.1411940718,0.2518664476
68,0.009980720183,0.160491025,0.008294449343,0.1410666333,0.249030345
69,0.009980720183,0.176364163,0.008294449343,0.1409393098,0.2472206302
70,0.009980720183,0.1591005752,0.008294449343,0.1408121013,0.2432574937
71,0.009980720183,0.1548701965,0.008294449343,0.1406850075,0.2454854312
72,0.009114911928,0.1391964422,0.009018428217,0.1405580285,0.237889663
73,0.009114911928,0.1383153958,0.009018428217,0.1404311641,0.2316697344
74,0.009114911928,0.1436910848,0.009018428217,0.1403044142,0.2331003126
75,0.009114911928,0.1200361287,0.009018428217,0.1401777786,0.2271284672
76,0.009114911928,0.1389247326,0.009018428217,0.1400512574,0.2309445062
77,0.009114911928,0.1250823788,0.009018428217,0.1399248504,0.2386867587
78,0.009114911928,0.1427849356,0.009018428217,0.1397985575,0.2453061699
79,0.009114911928,0.1491742731,0.009018428217,0.1396723785,0.2521116667
80,0.009114911928,0.1495332206,0.009018428217,0.1395463135,0.2519853678
81,0.009114911928,0.1386646402,0.009018428217,0.1394203622,0.2545892352
82,0.009114911928,0.1425470815,0.009018428217,0.1392945246,0.2506175334
83,0.009114911928,0.1359816765,0.009018428217,0.1391688006,0.2479991518
84,0.009114911928,0.1306649332,0.009018428217,0.1390431901,0.2540780883
85,0.009114911928,0.1599192838,0.009018428217,0.1389176929,0.257245835
86,0.009114911928,0.1406439801,0.009018428217,0.138792309,0.2651478797
87,0.009114911928,0.142266254,0.009018428217,0.1386670383,0.2708531454
88,0.009114911928,0.1413539309,0.009018428217,0.1385418807,0.2718885229
89,0.009114911928,0.1278574404,0.009018428217,0.138416836,0.2709753709
90,0.009114911928,0.1220664965,0.009018428217,0.1382919041,0.2699027468
91,0.009114911928,0.1269713733,0.009018428217,0.1381670851,0.2639352603
92,0.009114911928,0.1314701883,0.009018428217,0.1380423787,0.2564958377
93,0.009114911928,0.1329853956,0.009018428217,0.1379177848,0.2573225389
94,0.009114911928,0.1387201391,0.009018428217,0.1377933034,0.259907487
95,0.009114911928,0.1257585558,0.009018428217,0.1376689344,0.2582817114
96,0.009114911928,0.1324608647,0.009018428217,0.1375446776,0.2597797944
97,0.009114911928,0.1415503011,0.009018428217,0.1374205329,0.2553275237
98,0.009114911928,0.1363848387,0.009018428217,0.1372965003,0.2613326857
99,0.009114911928,0.1391788538,0.009018428217,0.1371725797,0.2695984549
100,0.009114911928,0.1627827129,0.009018428217,0.1370487709,0.2753076175
101,0.009114911928,0.1400187248,0.009018428217,0.1369250739,0.2672607926
102,0.009114911928,0.140469404,0.009018428217,0.1368014885,0.2670496572
103,0.009114911928,0.1205303501,0.009018428217,0.1366780146,0.255950684
104,0.009114911928,0.1295161074,0.009018428217,0.1365546522,0.2505167359
105,0.006926315608,0.1506630247,0.004936704612,0.1364314011,0.2474612351
106,0.006926315608,0.1484536202,0.004936704612,0.1363082613,0.251229272
107,0.006926315608,0.1346837362,0.004936704612,0.1361852326,0.2612374594
108,0.006926315608,0.1549455197,0.004936704612,0.136062315,0.2681712297
109,0.006926315608,0.1527900121,0.004936704612,0.1359395083,0.2808296624
110,0.006926315608,0.1520289907,0.004936704612,0.1358168125,0.2843842097
111,0.006926315608,0.1550991298,0.004936704612,0.1356942274,0.2955045208
112,0.006926315608,0.1687159176,0.004936704612,0.1355717529,0.3068480812
113,0.006926315608,0.1454830067,0.004936704612,0.135449389,0.316493371
114,0.006926315608,0.1604909888,0.004936704612,0.1353271355,0.3226038706
115,0.006926315608,0.1381369385,0.004936704612,0.1352049924,0.3289389742
116,0.006926315608,0.147450737,0.004936704612,0.1350829595,0.3399459376
117,0.006926315608,0.1536627862,0.004936704612,0.1349610367,0.3507781029
118,0.006926315608,0.165906057,0.004936704612,0.134839224,0.3570427105
119,0.006926315608,0.1434154501,0.004936704612,0.1347175213,0.3572045707
120,0.006926315608,0.1549827425,0.004936704612,0.1345959283,0.3610685708
121,0.006926315608,0.1766112442,0.004936704612,0.1344744452,0.3636727614
122,0.006662828741,0.1445598282,0.004206847987,0.1343530717,0.3549708368
123,0.006662828741,0.1349680671,0.004206847987,0.1342318077,0.3481275368
124,0.006662828741,0.1407864027,0.004206847987,0.1341106532,0.3497215203
125,0.006662828741,0.129204148,0.004206847987,0.133989608,0.3437984059
126,0.006662828741,0.1348347057,0.004206847987,0.1338686721,0.3474529187
127,0.006662828741,0.1269448402,0.004206847987,0.1337478453,0.3629451472
128,0.006662828741,0.1392008522,0.004206847987,0.1336271276,0.3699878578
129,0.006662828741,0.1358238525,0.004206847987,0.1335065189,0.3739180772
130,0.006662828741,0.1283954025,0.004206847987,0.133386019,0.373736599
131,0.006662828741,0.1448912617,0.004206847987,0.1332656278,0.3818045036
132,0.006662828741,0.1705030566,0.004206847987,0.1331453454,0.3767992904
133,0.006662828741,0.1516966393,0.004206847987,0.1330251715,0.3549530425
134,0.006662828741,0.1378783915,0.004206847987,0.132905106,0.3565500413
135,0.006662828741,0.1320312136,0.004206847987,0.132785149,0.3428284396
136,0.006662828741,0.1281290405,0.004206847987,0.1326653002,0.3387407604
137,0.006662828741,0.1289048618,0.004206847987,0.1325455595,0.3292739722
138,0.006662828741,0.1061528995,0.004206847987,0.132425927,0.3315223031
139,0.006662828741,0.1070235043,0.004206847987,0.1323064024,0.3371339697
140,0.006662828741,0.1270136353,0.004206847987,0.1321869857,0.3380757489
141,0.006662828741,0.1192403504,0.004206847987,0.1320676768,0.3425110055
142,0.006662828741,0.1115114159,0.004206847987,0.1319484756,0.3394820245
143,0.006662828741,0.1313031861,0.004206847987,0.131829382,0.3531538088
144,0.006662828741,0.1388404533,0.004206847987,0.1317103958,0.3614104981
145,0.006662828741,0.1502596622,0.004206847987,0.1315915171,0.3538139865
146,0.006662828741,0.1159035069,0.004206847987,0.1314727456,0.3552694349
147,0.006662828741,0.1278514023,0.004206847987,0.1313540814,0.3537946934
148,0.006662828741,0.1296696966,0.004206847987,0.1312355242,0.3515364895
149,0.006662828741,0.1147034137,0.004206847987,0.1311170741,0.3444033805
150,0.006662828741,0.116192371,0.004206847987,0.1309987308,0.3372220164
151,0.006662828741,0.1026913707,0.004206847987,0.1308804944,0.3146260048
152,0.006662828741,0.1145290815,0.004206847987,0.1307623647,0.3104264929
153,0.006662828741,0.1087530564,0.004206847987,0.1306443416,0.303731911
154,0.006662828741,0.1206868914,0.004206847987,0.1305264251,0.3051483858
155,0.006662828741,0.09017645798,0.004206847987,0.1304086149,0.2935240194
156,0.006662828741,0.09650848835,0.004206847987,0.1302909112,0.2918003826
157,0.006662828741,0.1038165085,0.004206847987,0.1301733136,0.2836111752
158,0.006662828741,0.0985618199,0.004206847987,0.1300558222,0.2689554519
159,0.006662828741,0.09585700503,0.004206847987,0.1299384368,0.2656330959
160,0.006662828741,0.09557785555,0.004206847987,0.1298211574,0.2667945335
161,0.006662828741,0.08952819775,0.004206847987,0.1297039838,0.2646799366
162,0.006662828741,0.08960683558,0.004206847987,0.129586916,0.2653193742
163,0.006662828741,0.0950445396,0.004206847987,0.1294699539,0.2707997083
164,0.006662828741,0.1002229919,0.004206847987,0.1293530973,0.2633238959
165,0.006662828741,0.1050875519,0.004206847987,0.1292363462,0.2608789421
166,0.006662828741,0.1007760852,0.004206847987,0.1291197004,0.2675644215
167,0.006662828741,0.112768945,0.004206847987,0.12900316,0.2726450352
168,0.006662828741,0.1171452662,0.004206847987,0.1288867247,0.2825232961
169,0.006662828741,0.1063758968,0.004206847987,0.1287703946,0.2920683694
170,0.006662828741,0.1145097639,0.004206847987,0.1286541694,0.2977190649
171,0.006662828741,0.1184905765,0.004206847987,0.1285380491,0.2976077311
172,0.006662828741,0.1093503948,0.004206847987,0.1284220336,0.2991368389
173,0.006662828741,0.09548487685,0.004206847987,0.1283061229,0.2917027513
174,0.006662828741,0.103327561,0.004206847987,0.1281903168,0.2838693331
175,0.006662828741,0.102173915,0.004206847987,0.1280746152,0.2741173545
176,0.006662828741,0.1024140356,0.004206847987,0.127959018,0.2776077708
177,0.006662828741,0.1082243282,0.004206847987,0.1278435251,0.2864924281
178,0.006662828741,0.1132048605,0.004206847987,0.1277281365,0.2902986342
179,0.006662828741,0.09794852444,0.004206847987,0.1276128521,0.2868438551
180,0.006662828741,0.09850917784,0.004206847987,0.1274976717,0.2858665073
181,0.006662828741,0.1042044236,0.004206847987,0.1273825952,0.2903019497
182,0.006662828741,0.1101373242,0.004206847987,0.1272676226,0.2938332317
183,0.006662828741,0.1083526511,0.004206847987,0.1271527538,0.3008048425
184,0.006662828741,0.0962303071,0.004206847987,0.1270379887,0.3144547941
185,0.006662828741,0.1121763282,0.004206847987,0.1269233272,0.312511824
186,0.006662828741,0.1222318573,0.004206847987,0.1268087691,0.3258440252
187,0.006662828741,0.1002061527,0.004206847987,0.1266943144,0.3291448146
188,0.006662828741,0.1064833113,0.004206847987,0.1265799631,0.3288113147
189,0.006662828741,0.1136018253,0.004206847987,0.126465715,0.3260435362
190,0.006662828741,0.1249725832,0.004206847987,0.1263515699,0.3211712205
191,0.006662828741,0.1053282298,0.004206847987,0.1262375279,0.3193566965
192,0.006662828741,0.1062070223,0.004206847987,0.1261235889,0.3135200742
193,0.005896914614,0.09128930297,0.003717083418,0.1260097526,0.3137916829
194,0.005896914614,0.1112499658,0.003717083418,0.1258960192,0.3127246762
195,0.005896914614,0.08309340437,0.003717083418,0.1257823883,0.3073400286
196,0.005896914614,0.08705873958,0.003717083418,0.1256688601,0.3041677798
197,0.005896914614,0.0873702824,0.003717083418,0.1255554343,0.3107224013
198,0.005896914614,0.1015411885,0.003717083418,0.1254421108,0.3136313317
199,0.005896914614,0.09286582237,0.003717083418,0.1253288897,0.3100325848
200,0.005896914614,0.1097869651,0.003717083418,0.1252157707,0.3127669499
201,0.005896914614,0.1018915198,0.003717083418,0.1251027539,0.3134882702
202,0.005896914614,0.09069436526,0.003717083418,0.124989839,0.3119907527
203,0.005896914614,0.1098705607,0.003717083418,0.1248770261,0.3246404161
204,0.005896914614,0.1184148869,0.003717083418,0.124764315,0.3336021433
205,0.005896914614,0.1010659594,0.003717083418,0.1246517056,0.3360249422
206,0.005896914614,0.1127428209,0.003717083418,0.1245391979,0.3328354429
207,0.005896914614,0.09829497527,0.003717083418,0.1244267917,0.3261705895
208,0.005896914614,0.1169425406,0.003717083418,0.1243144869,0.3228633942
209,0.005896914614,0.1365867358,0.003717083418,0.1242022836,0.323107636
210,0.005896914614,0.127116023,0.003717083418,0.1240901815,0.3295263423
211,0.005896914614,0.1123108661,0.003717083418,0.1239781805,0.3316630873
212,0.005896914614,0.114059514,0.003717083418,0.1238662807,0.3426298671
213,0.005896914614,0.1307376639,0.003717083418,0.1237544819,0.3438325764
214,0.005896914614,0.1251605706,0.003717083418,0.1236427839,0.3346395869
215,0.005896914614,0.1077492891,0.003717083418,0.1235311868,0.3335396985
216,0.005896914614,0.1025143978,0.003717083418,0.1234196904,0.336273222
217,0.005896914614,0.1019673756,0.003717083418,0.1233082947,0.3322028951
218,0.005896914614,0.09222734686,0.003717083418,0.1231969995,0.3172319367
219,0.005896914614,0.1078713796,0.003717083418,0.1230858047,0.3134159566
220,0.005896914614,0.1111461977,0.003717083418,0.1229747103,0.296808534
221,0.005896914614,0.09797936147,0.003717083418,0.1228637162,0.2762346509
222,0.005896914614,0.1106404746,0.003717083418,0.1227528223,0.2667656676
223,0.005896914614,0.09568603822,0.003717083418,0.1226420284,0.2553089748
224,0.005896914614,0.09549506279,0.003717083418,0.1225313346,0.2426570985
225,0.005896914614,0.08336264787,0.003717083418,0.1224207406,0.2338770996
226,0.005896914614,0.08619958725,0.003717083418,0.1223102465,0.2299219525
227,0.005896914614,0.07494756765,0.003717083418,0.1221998521,0.2242216494
228,0.005896914614,0.07675335593,0.003717083418,0.1220895573,0.2284604894
229,0.005896914614,0.07905744188,0.003717083418,0.1219793621,0.2313968257
230,0.005896914614,0.07020082943,0.003717083418,0.1218692664,0.2328596519
231,0.005896914614,0.07316342356,0.003717083418,0.12175927,0.2367787642
232,0.005896914614,0.06839660973,0.003717083418,0.1216493729,0.2378110182
233,0.005896914614,0.07391018728,0.003717083418,0.121539575,0.2452458274
234,0.005896914614,0.08315010866,0.003717083418,0.1214298762,0.2460108628
235,0.005896914614,0.0835766575,0.003717083418,0.1213202764,0.2433244822
236,0.005896914614,0.07453454133,0.003717083418,0.1212107755,0.2423106409
237,0.005896914614,0.08441844885,0.003717083418,0.1211013735,0.2395442241
238,0.005896914614,0.0814733511,0.003717083418,0.1209920702,0.2348043204
239,0.005896914614,0.07390516388,0.003717083418,0.1208828656,0.2435751593
240,0.005896914614,0.07549204683,0.003717083418,0.1207737595,0.2442918289
241,0.005896914614,0.0799846721,0.003717083418,0.1206647519,0.2434602709
242,0.005896914614,0.09269849057,0.003717083418,0.1205558427,0.2412247175
243,0.005896914614,0.07688677123,0.003717083418,0.1204470318,0.2372449263
244,0.005896914614,0.08304875893,0.003717083418,0.1203383191,0.2314955995
245,0.005896914614,0.09157330088,0.003717083418,0.1202297045,0.2256787564
246,0.005896914614,0.09106113314,0.003717083418,0.120121188,0.2264559102
247,0.005896914614,0.08601683738,0.003717083418,0.1200127694,0.2243976464
248,0.005896914614,0.09417741232,0.003717083418,0.1199044486,0.2227567588
249,0.005896914614,0.07618931362,0.003717083418,0.1197962256,0.2238619876
250,0.005896914614,0.09222865122,0.003717083418,0.1196881003,0.227104053
251,0.005896914614,0.08445787381,0.003717083418,0.1195800726,0.2337561444
252,0.005896914614,0.0807088017,0.003717083418,0.1194721424,0.2354315705
253,0.005896914614,0.08632334796,0.003717083418,0.1193643096,0.24530741
254,0.005896914614,0.09126938971,0.003717083418,0.1192565742,0.2557087626
255,0.005896914614,0.1053546899,0.003717083418,0.119148936,0.258114858
256,0.005896914614,0.09137169137,0.003717083418,0.1190413949,0.2517038037
257,0.005896914614,0.08441213787,0.003717083418,0.1189339509,0.2532805652
258,0.005896914614,0.0812212987,0.003717083418,0.1188266039,0.2479826485
259,0.005896914614,0.07793412441,0.003717083418,0.1187193537,0.2451131147
260,0.005896914614,0.08388719321,0.003717083418,0.1186122004,0.2387527412
261,0.005896914614,0.09142254166,0.003717083418,0.1185051438,0.2508729855
262,0.005896914614,0.09147815222,0.003717083418,0.1183981838,0.2549162983
263,0.005896914614,0.09323462339,0.003717083418,0.1182913203,0.2580231146
264,0.005896914614,0.09018011795,0.003717083418,0.1181845533,0.2636873509
265,0.005896914614,0.07869772986,0.003717083418,0.1180778827,0.2638930307
266,0.005896914614,0.0929008824,0.003717083418,0.1179713083,0.26364211
267,0.005896914614,0.08802195015,0.003717083418,0.1178648301,0.2547947935
268,0.005896914614,0.1019863488,0.003717083418,0.1177584481,0.2471542833
269,0.005896914614,0.08259239027,0.003717083418,0.117652162,0.2410214598
270,0.005896914614,0.08657754804,0.003717083418,0.1175459719,0.2343394248
271,0.005896914614,0.08342236508,0.003717083418,0.1174398776,0.234069703
272,0.005896914614,0.08652356148,0.003717083418,0.1173338791,0.2305118429
273,0.005896914614,0.08272136146,0.003717083418,0.1172279763,0.2332053643
274,0.005896914614,0.07623558856,0.003717083418,0.117122169,0.2327701348
275,0.005896914614,0.07805513512,0.003717083418,0.1170164573,0.2388884805
276,0.005896914614,0.08077863806,0.003717083418,0.1169108409,0.2436789854
277,0.005896914614,0.07652294635,0.003717083418,0.1168053199,0.2524235054
278,0.005896914614,0.09974919226,0.003717083418,0.1166998941,0.2584075932
279,0.005896914614,0.1138710995,0.003717083418,0.1165945635,0.266784888
280,0.005896914614,0.09567667056,0.003717083418,0.116489328,0.2723578238
281,0.005896914614,0.09588838782,0.003717083418,0.1163841874,0.2741850259
282,0.005896914614,0.09671354835,0.003717083418,0.1162791417,0.2782037654
283,0.005896914614,0.1271775184,0.003717083418,0.1161741909,0.2867170678
284,0.005896914614,0.0969170591,0.003717083418,0.1160693347,0.28425601
285,0.005896914614,0.1095621909,0.003717083418,0.1159645733,0.2890802191
286,0.005896914614,0.1144237663,0.003717083418,0.1158599063,0.3011906016
287,0.005896914614,0.1119667982,0.003717083418,0.1157553339,0.3076509015
288,0.005896914614,0.1195792648,0.003717083418,0.1156508558,0.3099027292
289,0.005896914614,0.1215094574,0.003717083418,0.115546472,0.3124899154
290,0.005896914614,0.1125973976,0.003717083418,0.1154421824,0.3095845062
291,0.005896914614,0.1023935402,0.003717083418,0.115337987,0.3092526644
292,0.005896914614,0.1273233435,0.003717083418,0.1152338856,0.3123257644
293,0.005896914614,0.1073126146,0.003717083418,0.1151298781,0.3018178866
294,0.005896914614,0.09815617755,0.003717083418,0.1150259646,0.291315028
295,0.005896914614,0.09883860134,0.003717083418,0.1149221448,0.2867154582
296,0.005896914614,0.09852905028,0.003717083418,0.1148184188,0.2881866068
297,0.005896914614,0.09553057011,0.003717083418,0.1147147863,0.2924184624
298,0.005896914614,0.0922807604,0.003717083418,0.1146112474,0.2988614791
299,0.005896914614,0.09092653639,0.003717083418,0.1145078019,0.3074775365
300,0.005896914614,0.09015934125,0.003717083418,0.1144044499,0.3002039068
301,0.005896914614,0.09805233027,0.003717083418,0.1143011911,0.302100211
302,0.005896914614,0.08944995041,0.003717083418,0.1141980254,0.2832435169
303,0.005896914614,0.1076000386,0.003717083418,0.114094953,0.2785169604
304,0.005896914614,0.09233492616,0.003717083418,0.1139919735,0.2819064605
305,0.005896914614,0.08904730308,0.003717083418,0.113889087,0.2810603926
306,0.005896914614,0.09209829601,0.003717083418,0.1137862933,0.2805868881
307,0.005896914614,0.08244857115,0.003717083418,0.1136835925,0.2630197936
308,0.005896914614,0.06955484864,0.003717083418,0.1135809843,0.2527983659
309,0.005896914614,0.07731163289,0.003717083418,0.1134784687,0.2452228631
310,0.005896914614,0.06121049368,0.003717083418,0.1133760457,0.2217676949
311,0.005896914614,0.07021640145,0.003717083418,0.1132737151,0.2249566814
312,0.005896914614,0.06316584974,0.003717083418,0.1131714769,0.2184396444
313,0.005896914614,0.06401709747,0.003717083418,0.1130693309,0.2204641136
314,0.005896914614,0.07417339355,0.003717083418,0.1129672771,0.2208422119
315,0.005896914614,0.06266678337,0.003717083418,0.1128653155,0.228824473
316,0.005896914614,0.08089269475,0.003717083418,0.1127634459,0.2339790225
317,0.005896914614,0.08399296918,0.003717083418,0.1126616682,0.2444073967
318,0.005896914614,0.07661196283,0.003717083418,0.1125599824,0.2452247476
319,0.005896914614,0.0714507557,0.003717083418,0.1124583884,0.2445885771
320,0.005896914614,0.08801988034,0.003717083418,0.112356886,0.2469730679
321,0.005896914614,0.08841634942,0.003717083418,0.1122554753,0.237608226
322,0.00588926557,0.09301271931,0.003521759257,0.1121541561,0.2321338666
323,0.00588926557,0.09237208265,0.003521759257,0.1120529284,0.236955608
324,0.00588926557,0.09013218734,0.003521759257,0.111951792,0.2386275326
325,0.00588926557,0.08875542684,0.003521759257,0.1118507469,0.2406011947
326,0.00588926557,0.1083500779,0.003521759257,0.111749793,0.2397699116
327,0.00588926557,0.10426791,0.003521759257,0.1116489302,0.2439994072
328,0.00588926557,0.09755297543,0.003521759257,0.1115481585,0.2500062893
329,0.00588926557,0.1062846824,0.003521759257,0.1114474777,0.2542364898
330,0.005799142925,0.09368653811,0.003666093746,0.1113468878,0.2547788069
331,0.005799142925,0.1056034346,0.003666093746,0.1112463887,0.2507408897
332,0.005799142925,0.08814903693,0.003666093746,0.1111459803,0.2503274649
333,0.005799142925,0.08602232476,0.003666093746,0.1110456625,0.2500088908
334,0.005799142925,0.08721499075,0.003666093746,0.1109454352,0.2488569037
335,0.005799142925,0.08009655991,0.003666093746,0.1108452985,0.2521947457
336,0.005572957186,0.09208692243,0.003692508904,0.1107452521,0.2507328188
337,0.005572957186,0.08963383272,0.003692508904,0.110645296,0.2515711852
338,0.005572957186,0.08978945484,0.003692508904,0.1105454301,0.2488875749
339,0.005572957186,0.08005780555,0.003692508904,0.1104456543,0.24371742
340,0.005572957186,0.08151066197,0.003692508904,0.1103459687,0.234547204
341,0.005572957186,0.0884064244,0.003692508904,0.1102463729,0.235453896
342,0.005572957186,0.08612391652,0.003692508904,0.1101468671,0.2428158476
343,0.005572957186,0.0945447101,0.003692508904,0.1100474511,0.2500387676
344,0.005572957186,0.09345748351,0.003692508904,0.1099481248,0.2492225357
345,0.005572957186,0.09006694311,0.003692508904,0.1098488882,0.2570394603
346,0.005572957186,0.08958147571,0.003692508904,0.1097497411,0.2547537758
347,0.005572957186,0.09139818149,0.003692508904,0.1096506836,0.2541332204
348,0.005572957186,0.08144249685,0.003692508904,0.1095517154,0.259808887
349,0.005572957186,0.08358207375,0.003692508904,0.1094528366,0.268771534
350,0.005572957186,0.09382133393,0.003692508904,0.109354047,0.2720359021
351,0.005572957186,0.09243569881,0.003692508904,0.1092553465,0.2780146142
352,0.005572957186,0.1013349975,0.003692508904,0.1091567352,0.2805712024
353,0.005572957186,0.08629363195,0.003692508904,0.1090582129,0.2757514905
354,0.005572957186,0.09581614402,0.003692508904,0.1089597794,0.2885864719
355,0.005572957186,0.09555139469,0.003692508904,0.1088614349,0.2930351348
356,0.005572957186,0.1114761403,0.003692508904,0.1087631791,0.304067501
357,0.005572957186,0.1034462605,0.003692508904,0.1086650119,0.3109137955
358,0.005572957186,0.09813624526,0.003692508904,0.1085669334,0.3122108866
359,0.005572957186,0.1095267354,0.003692508904,0.1084689434,0.3137525026
360,0.005156896755,0.1093060689,0.003031278478,0.1083710419,0.3217095986
361,0.005156896755,0.1062982735,0.003031278478,0.1082732287,0.3223960957
362,0.005156896755,0.1046564961,0.003031278478,0.1081755038,0.3195027419
363,0.005156896755,0.111524459,0.003031278478,0.1080778671,0.3181375065
364,0.005156896755,0.1265544825,0.003031278478,0.1079803185,0.3260164199
365,0.005156896755,0.1033635352,0.003031278478,0.107882858,0.3325681175
366,0.005156896755,0.1025405919,0.003031278478,0.1077854854,0.3304063637
367,0.005156896755,0.1171322649,0.003031278478,0.1076882007,0.3338239965
368,0.005156896755,0.1018940905,0.003031278478,0.1075910038,0.3315256314
369,0.005156896755,0.1054358277,0.003031278478,0.1074938947,0.3324178815
370,0.005156896755,0.1166340308,0.003031278478,0.1073968732,0.3263543748
371,0.005156896755,0.1048557943,0.003031278478,0.1072999393,0.3173686357
372,0.005156896755,0.09890124373,0.003031278478,0.1072030928,0.3137523305
373,0.005156896755,0.1121652309,0.003031278478,0.1071063338,0.3063690943
374,0.005156896755,0.08980899277,0.003031278478,0.1070096621,0.2901376009
375,0.005156896755,0.08482291943,0.003031278478,0.1069130777,0.2861828126
376,0.005156896755,0.07261369651,0.003031278478,0.1068165804,0.2672581722
377,0.005156896755,0.08820398301,0.003031278478,0.1067201702,0.2784003315
378,0.005156896755,0.08461596859,0.003031278478,0.1066238471,0.2685185215
379,0.005156896755,0.09169702021,0.003031278478,0.1065276108,0.2626771038
380,0.005156896755,0.08234474279,0.003031278478,0.1064314615,0.2543234554
381,0.005156896755,0.08344799452,0.003031278478,0.1063353989,0.2603903684
382,0.005156896755,0.08700667859,0.003031278478,0.1062394231,0.2606577738
383,0.005156896755,0.09301276153,0.003031278478,0.1061435338,0.2630502546
384,0.005156896755,0.08832630942,0.003031278478,0.1060477311,0.263346599
385,0.005156896755,0.08629603033,0.003031278478,0.1059520149,0.2670913909
386,0.005156896755,0.08882709993,0.003031278478,0.1058563851,0.2597670183
387,0.005156896755,0.09107925361,0.003031278478,0.1057608415,0.2653886915
388,0.005156896755,0.08265733009,0.003031278478,0.1056653843,0.2643935373
389,0.005156896755,0.07687733066,0.003031278478,0.1055700131,0.2656635654
390,0.005156896755,0.08460318901,0.003031278478,0.1054747281,0.2634598634
391,0.005156896755,0.1074885865,0.003031278478,0.105379529,0.2711046271
392,0.005156896755,0.08760010803,0.003031278478,0.1052844159,0.2574036981
393,0.005156896755,0.09616984717,0.003031278478,0.1051893886,0.2507712693
394,0.005156896755,0.08280232721,0.003031278478,0.1050944471,0.2425157363
395,0.005156896755,0.07011248393,0.003031278478,0.1049995913,0.2299207828
396,0.005156896755,0.0792856926,0.003031278478,0.1049048211,0.2185922588
397,0.005156896755,0.09153196204,0.003031278478,0.1048101365,0.2158491529
398,0.005156896755,0.07778650292,0.003031278478,0.1047155373,0.2098423032
399,0.005156896755,0.07456946881,0.003031278478,0.1046210234,0.2061276392
400,0.005156896755,0.07942787346,0.003031278478,0.1045265949,0.2056260632
401,0.005156896755,0.06552311861,0.003031278478,0.1044322517,0.2029055644
402,0.005156896755,0.07101733703,0.003031278478,0.1043379935,0.2028086232
403,0.005156896755,0.07498943627,0.003031278478,0.1042438205,0.2033028919
404,0.005156896755,0.0735060441,0.003031278478,0.1041497324,0.2056245237
405,0.005156896755,0.07239169793,0.003031278478,0.1040557293,0.2056419582
406,0.005156896755,0.07755409169,0.003031278478,0.103961811,0.2091628675
407,0.005156896755,0.08004090395,0.003031278478,0.1038679775,0.2176571966
408,0.005156896755,0.08573908556,0.003031278478,0.1037742286,0.2256800492
409,0.005156896755,0.09107185183,0.003031278478,0.1036805644,0.227509616
410,0.005156896755,0.08670913684,0.003031278478,0.1035869847,0.2335446711
411,0.005156896755,0.09347423891,0.003031278478,0.1034934895,0.2423394916
412,0.005156896755,0.1002222711,0.003031278478,0.1034000787,0.2424354299
413,0.005156896755,0.08756964854,0.003031278478,0.1033067522,0.2423035912
414,0.005156896755,0.08125122913,0.003031278478,0.1032135099,0.233499016
415,0.005156896755,0.08351061621,0.003031278478,0.1031203518,0.2299885079
416,0.005156896755,0.07455050899,0.003031278478,0.1030272778,0.2297339307
417,0.005156896755,0.07932372082,0.003031278478,0.1029342877,0.2258823026
418,0.005156896755,0.08505512826,0.003031278478,0.1028413816,0.2193231289
419,0.005156896755,0.08269098476,0.003031278478,0.1027485594,0.2122649162
420,0.005156896755,0.06472203258,0.003031278478,0.1026558209,0.2083957616
421,0.005156896755,0.07346248141,0.003031278478,0.1025631661,0.2108294544
422,0.005156896755,0.06964910547,0.003031278478,0.102470595,0.2041922992
423,0.005156896755,0.07654079252,0.003031278478,0.1023781074,0.2035863456
424,0.005156896755,0.0656490015,0.003031278478,0.1022857033,0.203850871
425,0.005156896755,0.06981103212,0.003031278478,0.1021933826,0.2022287187
426,0.005156896755,0.06048110268,0.003031278478,0.1021011452,0.1998963079
427,0.005156896755,0.06714738879,0.003031278478,0.1020089911,0.2012399405
428,0.005156896755,0.05909452789,0.003031278478,0.1019169201,0.1995804704
429,0.005156896755,0.05616121161,0.003031278478,0.1018249323,0.19864231
430,0.005156896755,0.07070899581,0.003031278478,0.1017330275,0.1987188383
431,0.005156896755,0.06869911278,0.003031278478,0.1016412056,0.2049599893
432,0.005156896755,0.06707153445,0.003031278478,0.1015494666,0.2073476377
433,0.005156896755,0.06374866348,0.003031278478,0.1014578104,0.2087986082
434,0.005156896755,0.07387343203,0.003031278478,0.1013662369,0.2123860658
435,0.005156896755,0.06701310758,0.003031278478,0.1012747461,0.2150568429
436,0.005156896755,0.07341292936,0.003031278478,0.1011833379,0.214907932
437,0.005156896755,0.07412883603,0.003031278478,0.1010920121,0.208992391
438,0.005156896755,0.0664844074,0.003031278478,0.1010007688,0.1932493244
439,0.005156896755,0.05485270844,0.003031278478,0.1009096079,0.1889867349
440,0.005156896755,0.06075688497,0.003031278478,0.1008185292,0.1843267899
441,0.005156896755,0.06862931358,0.003031278478,0.1007275327,0.1801167969
442,0.005156896755,0.06502018583,0.003031278478,0.1006366184,0.1837326618
443,0.005156896755,0.06232702633,0.003031278478,0.1005457861,0.1868977066
444,0.005156896755,0.06764470423,0.003031278478,0.1004550358,0.1944618012
445,0.005156896755,0.06950826743,0.003031278478,0.1003643674,0.1953374387
446,0.005156896755,0.05982170773,0.003031278478,0.1002737809,0.1901540611
447,0.005156896755,0.0595168458,0.003031278478,0.1001832761,0.192924229
448,0.005156896755,0.06806448208,0.003031278478,0.100092853,0.1967233673
449,0.005156896755,0.06697155884,0.003031278478,0.1000025115,0.1946076098
450,0.005156896755,0.07621267805,0.003031278478,0.09991225155,0.1940598516
451,0.005156896755,0.07022725677,0.003031278478,0.09982207307,0.1967758597
452,0.005156896755,0.07541047497,0.003031278478,0.09973197598,0.203324666
453,0.005156896755,0.06700781877,0.003031278478,0.09964196021,0.203488615
454,0.005156896755,0.05996506483,0.003031278478,0.09955202568,0.2047005336
455,0.005156896755,0.06271297473,0.003031278478,0.09946217233,0.2029345018
456,0.005156896755,0.06398613386,0.003031278478,0.09937240008,0.2034942828
457,0.005156896755,0.05419821624,0.003031278478,0.09928270885,0.2033867006
458,0.005156896755,0.05256832067,0.003031278478,0.09919309858,0.203856895
459,0.005156896755,0.05105654994,0.003031278478,0.09910356919,0.2083062212
460,0.005156896755,0.05097381241,0.003031278478,0.0990141206,0.2061183649
461,0.005156896755,0.05268711704,0.003031278478,0.09892475275,0.2068191756
462,0.005156896755,0.06415151628,0.003031278478,0.09883546556,0.2090113706
463,0.005156896755,0.05813561147,0.003031278478,0.09874625896,0.2119197017
464,0.005156896755,0.06063233876,0.003031278478,0.09865713288,0.2171644871
465,0.005156896755,0.0704970359,0.003031278478,0.09856808723,0.2229953627
466,0.005156896755,0.0712495774,0.003031278478,0.09847912196,0.2266392004
467,0.005156896755,0.07019469678,0.003031278478,0.09839023699,0.2248705139
468,0.005156896755,0.07717176154,0.003031278478,0.09830143224,0.2187751992
469,0.005156896755,0.06364126079,0.003031278478,0.09821270765,0.2128646904
470,0.005156896755,0.06335836425,0.003031278478,0.09812406313,0.2029046278
471,0.005156896755,0.06376776172,0.003031278478,0.09803549863,0.1938946451
472,0.005156896755,0.06714179663,0.003031278478,0.09794701406,0.189508989
473,0.005156896755,0.06116799235,0.003031278478,0.09785860935,0.1827564941
474,0.005156896755,0.05921973222,0.003031278478,0.09777028444,0.1772827952
475,0.005156896755,0.05354665355,0.003031278478,0.09768203925,0.1706656223
476,0.005156896755,0.06439910471,0.003031278478,0.0975938737,0.1752295322
477,0.005156896755,0.06656804306,0.003031278478,0.09750578773,0.1806359564
478,0.005156896755,0.07179498964,0.003031278478,0.09741778127,0.1849085622
479,0.005156896755,0.07524261916,0.003031278478,0.09732985424,0.1898227564
480,0.005156896755,0.07706331045,0.003031278478,0.09724200657,0.1910913949
481,0.005156896755,0.06863417533,0.003031278478,0.09715423818,0.1952090484
482,0.005156896755,0.07182289565,0.003031278478,0.09706654902,0.1984691481
483,0.005156896755,0.07773503327,0.003031278478,0.096978939,0.1929121577
484,0.005156896755,0.0687066069,0.003031278478,0.09689140806,0.189638237
485,0.005135382749,0.06498367929,0.002877227264,0.09680395612,0.1872004376
486,0.005135382749,0.05723487869,0.002877227264,0.09671658311,0.1809207804
487,0.005135382749,0.05681938019,0.002877227264,0.09662928896,0.179692746
488,0.005135382749,0.05549438415,0.002877227264,0.09654207361,0.1762549791
489,0.005135382749,0.05996967055,0.002877227264,0.09645493697,0.1773743923
490,0.005135382749,0.05780245602,0.002877227264,0.09636787898,0.1759708218
491,0.005135382749,0.06087265614,0.002877227264,0.09628089956,0.1702140182
492,0.005135382749,0.05313660064,0.002877227264,0.09619399865,0.1678519231
493,0.005135382749,0.0557222968,0.002877227264,0.09610717618,0.169636976
494,0.005135382749,0.05165150373,0.002877227264,0.09602043207,0.169874703
495,0.005135382749,0.05307256885,0.002877227264,0.09593376625,0.1655419172
496,0.005135382749,0.04981011121,0.002877227264,0.09584717866,0.1678686002
497,0.005135382749,0.04819884655,0.002877227264,0.09576066922,0.1709768419
498,0.005135382749,0.05169222805,0.002877227264,0.09567423786,0.1819127031
499,0.005135382749,0.05214590355,0.002877227264,0.09558788451,0.1851595175
500,0.005135382749,0.06324619786,0.002877227264,0.0955016091,0.1937228103
501,0.005135382749,0.06794272359,0.002877227264,0.09541541156,0.2070873049
502,0.005135382749,0.06511445779,0.002877227264,0.09532929182,0.2074998948
503,0.005135382749,0.07105735417,0.002877227264,0.09524324981,0.20806791
504,0.005135382749,0.07167525105,0.002877227264,0.09515728546,0.217325694
505,0.005135382749,0.07260890652,0.002877227264,0.0950713987,0.2176472401
506,0.005135382749,0.07631906204,0.002877227264,0.09498558945,0.2188588105
507,0.005135382749,0.07585918638,0.002877227264,0.09489985766,0.2197096995
508,0.005135382749,0.06259369836,0.002877227264,0.09481420325,0.2200602078
509,0.005135382749,0.06374501621,0.002877227264,0.09472862615,0.2195472548
510,0.005135382749,0.06607833183,0.002877227264,0.09464312628,0.2183251358
511,0.005135382749,0.06779142142,0.002877227264,0.09455770359,0.2259441214
512,0.005135382749,0.0650917711,0.002877227264,0.094472358,0.2154479825
513,0.005135382749,0.06603903392,0.002877227264,0.09438708944,0.2171097524
514,0.005135382749,0.06364378312,0.002877227264,0.09430189784,0.2085491072
515,0.005135382749,0.05859378326,0.002877227264,0.09421678313,0.2059937919
516,0.005135382749,0.06470141894,0.002877227264,0.09413174525,0.2033011975
517,0.005135382749,0.07219920671,0.002877227264,0.09404678411,0.2045703331
518,0.005135382749,0.05963293223,0.002877227264,0.09396189967,0.2036396875
519,0.005135382749,0.07063737568,0.002877227264,0.09387709183,0.2007426456
520,0.005135382749,0.0641090769,0.002877227264,0.09379236054,0.2017194307
521,0.005135382749,0.06068873766,0.002877227264,0.09370770573,0.1954378147
522,0.005135382749,0.06458171094,0.002877227264,0.09362312733,0.1946822102
523,0.005135382749,0.06085398028,0.002877227264,0.09353862526,0.1895129828
524,0.005135382749,0.06330662925,0.002877227264,0.09345419947,0.1952025469
525,0.005135382749,0.05912626127,0.002877227264,0.09336984987,0.1911379421
526,0.005135382749,0.07034668369,0.002877227264,0.09328557641,0.1992442074
527,0.005135382749,0.06485531871,0.002877227264,0.09320137901,0.2006881932
528,0.005135382749,0.05235923,0.002877227264,0.09311725761,0.201034347
529,0.005135382749,0.0613216303,0.002877227264,0.09303321213,0.1968211988
530,0.005135382749,0.05059632613,0.002877227264,0.09294924251,0.1830965439
531,0.005135382749,0.05045508249,0.002877227264,0.09286534867,0.1814359326
532,0.005135382749,0.05240926418,0.002877227264,0.09278153056,0.1855618568
533,0.005135382749,0.04934202529,0.002877227264,0.0926977881,0.1829356872
534,0.005135382749,0.05629386505,0.002877227264,0.09261412123,0.182393102
535,0.005135382749,0.05842396652,0.002877227264,0.09253052987,0.1748260861
536,0.005135382749,0.05220743591,0.002877227264,0.09244701396,0.1725968814
537,0.005135382749,0.05144753525,0.002877227264,0.09236357342,0.1770115636
538,0.005135382749,0.05213391065,0.002877227264,0.0922802082,0.1807945021
539,0.005135382749,0.05225145774,0.002877227264,0.09219691822,0.1802206343
540,0.005135382749,0.05352563204,0.002877227264,0.09211370342,0.1830269349
541,0.005135382749,0.05829539888,0.002877227264,0.09203056373,0.1859035937
542,0.005135382749,0.05454087908,0.002877227264,0.09194749907,0.1882610197
543,0.005135382749,0.05033861605,0.002877227264,0.09186450939,0.190152031
544,0.005135382749,0.06024033827,0.002877227264,0.09178159461,0.1925616515
545,0.005135382749,0.05646521884,0.002877227264,0.09169875467,0.1896314423
546,0.005135382749,0.04456697274,0.002877227264,0.0916159895,0.1852574813
547,0.005135382749,0.0445527513,0.002877227264,0.09153329903,0.180622054
548,0.005135382749,0.04914264687,0.002877227264,0.0914506832,0.1806463043
549,0.005135382749,0.05692214878,0.002877227264,0.09136814193,0.184881327
550,0.005135382749,0.05284510679,0.002877227264,0.09128567516,0.1877732293
551,0.005135382749,0.04679050158,0.002877227264,0.09120328283,0.1920654931
552,0.005135382749,0.05429942893,0.002877227264,0.09112096486,0.1958218033
553,0.005135382749,0.05719222501,0.002877227264,0.09103872119,0.1979404957
554,0.005135382749,0.05692600427,0.002877227264,0.09095655175,0.1968650086
555,0.005135382749,0.048520201,0.002877227264,0.09087445647,0.1868491709
556,0.005135382749,0.04683823031,0.002877227264,0.09079243529,0.1792845677
557,0.005135382749,0.04627278498,0.002877227264,0.09071048814,0.1754693836
558,0.005135382749,0.04801861547,0.002877227264,0.09062861496,0.1726464073
559,0.005135382749,0.04398088945,0.002877227264,0.09054681567,0.1761580169
560,0.005135382749,0.04431592417,0.002877227264,0.09046509021,0.1667370413
561,0.005135382749,0.03530326178,0.002877227264,0.09038343852,0.1604902746
562,0.005135382749,0.03768544775,0.002877227264,0.09030186052,0.1453404709
563,0.005135382749,0.03240540889,0.002877227264,0.09022035616,0.1424300097
564,0.005135382749,0.03525942748,0.002877227264,0.09013892535,0.1379566697
565,0.005135382749,0.03806146135,0.002877227264,0.09005756805,0.1342510899
566,0.005135382749,0.03395892688,0.002877227264,0.08997628417,0.1345829231
567,0.005135382749,0.03732947515,0.002877227264,0.08989507367,0.1345074419
568,0.005135382749,0.0399029704,0.002877227264,0.08981393645,0.1372813803
569,0.005135382749,0.0429572081,0.002877227264,0.08973287248,0.1440056188
570,0.005135382749,0.04682717145,0.002877227264,0.08965188167,0.1509880031
571,0.005135382749,0.04511293759,0.002877227264,0.08957096395,0.1528134811
572,0.005135382749,0.04828710676,0.002877227264,0.08949011928,0.1546869889
573,0.005135382749,0.04507989848,0.002877227264,0.08940934757,0.1552858308
574,0.005135382749,0.04230449921,0.002877227264,0.08932864877,0.1539135513
575,0.005135382749,0.04099919225,0.002877227264,0.0892480228,0.157238107
576,0.005135382749,0.04760298787,0.002877227264,0.0891674696,0.1609502616
577,0.005135382749,0.04383495524,0.002877227264,0.08908698911,0.1623675273
578,0.005135382749,0.04709284468,0.002877227264,0.08900658126,0.1646761214
579,0.005135382749,0.05145380207,0.002877227264,0.08892624598,0.1662066995
580,0.005135382749,0.04911556809,0.002877227264,0.08884598321,0.1689187454
581,0.005135382749,0.04793628685,0.002877227264,0.08876579288,0.165049804
582,0.005135382749,0.04328184723,0.002877227264,0.08868567494,0.156790176
583,0.005135382749,0.04321158306,0.002877227264,0.0886056293,0.1540269901
584,0.005135382749,0.04318159525,0.002877227264,0.08852565591,0.1477228691
585,0.005135382749,0.04132936977,0.002877227264,0.08844575471,0.1461923366
586,0.005135382749,0.04445583384,0.002877227264,0.08836592562,0.1474009345
587,0.005135382749,0.04027918719,0.002877227264,0.08828616858,0.1507069279
588,0.005135382749,0.0459046722,0.002877227264,0.08820648353,0.1556621821
589,0.005135382749,0.04546628528,0.002877227264,0.0881268704,0.1607678285
590,0.005135382749,0.04851743391,0.002877227264,0.08804732913,0.1640751367
591,0.005135382749,0.04592268783,0.002877227264,0.08796785965,0.1639548815
592,0.005135382749,0.04909581361,0.002877227264,0.0878884619,0.1631265258
593,0.005135382749,0.04825607299,0.002877227264,0.08780913581,0.1687325295
594,0.005135382749,0.04647882746,0.002877227264,0.08772988132,0.1712870417
595,0.005135382749,0.04599999664,0.002877227264,0.08765069836,0.1746787441
596,0.005135382749,0.04732749222,0.002877227264,0.08757158687,0.172540588
597,0.005135382749,0.05153809675,0.002877227264,0.08749254679,0.1747753922
598,0.005135382749,0.04449289003,0.002877227264,0.08741357804,0.1743022084
599,0.005135382749,0.0482700858,0.002877227264,0.08733468057,0.1762979383
600,0.005135382749,0.04615086048,0.002877227264,0.08725585431,0.1777433295
601,0.005135382749,0.04553493015,0.002877227264,0.0871770992,0.1776739764
602,0.005135382749,0.04456665254,0.002877227264,0.08709841517,0.1784369831
603,0.005135382749,0.04730214549,0.002877227264,0.08701980216,0.1849820557
604,0.005135382749,0.04362636269,0.002877227264,0.0869412601,0.1791030009
605,0.005135382749,0.04573166438,0.002877227264,0.08686278894,0.180837351
606,0.005135382749,0.04443690714,0.002877227264,0.0867843886,0.1825269324
607,0.005135382749,0.05002457463,0.002877227264,0.08670605902,0.1863367621
608,0.005135382749,0.05426913418,0.002877227264,0.08662780014,0.1909367432
609,0.005135382749,0.05017386572,0.002877227264,0.08654961189,0.1894961981
610,0.005135382749,0.05166424387,0.002877227264,0.08647149422,0.1924763738
611,0.005135382749,0.04437798861,0.002877227264,0.08639344705,0.1879401337
612,0.005135382749,0.04686650002,0.002877227264,0.08631547033,0.1873158321
613,0.005135382749,0.05128420738,0.002877227264,0.08623756399,0.1865283021
614,0.005135382749,0.050147572,0.002877227264,0.08615972796,0.1840965676
615,0.005135382749,0.04843095395,0.002877227264,0.08608196219,0.1814929726
616,0.005135382749,0.05643780217,0.002877227264,0.0860042666,0.1790589323
617,0.005135382749,0.05611653892,0.002877227264,0.08592664114,0.1806606964
618,0.005135382749,0.05927341742,0.002877227264,0.08584908575,0.1847658641
619,0.005135382749,0.06035999938,0.002877227264,0.08577160035,0.1865687935
620,0.005135382749,0.05710014773,0.002877227264,0.08569418489,0.1853718462
621,0.004932716779,0.05548962948,0.00260450973,0.08561683931,0.1825054619
622,0.004932716779,0.05320713347,0.00260450973,0.08553956353,0.1802311151
623,0.004932716779,0.04910902291,0.00260450973,0.08546235751,0.1807386781
624,0.004932716779,0.05615647358,0.00260450973,0.08538522116,0.1818000193
625,0.004932716779,0.05065149323,0.00260450973,0.08530815444,0.1760642245
626,0.004932716779,0.04720824688,0.00260450973,0.08523115728,0.1760253713
627,0.004932716779,0.04720149223,0.00260450973,0.08515422961,0.1779753489
628,0.004932716779,0.04805066326,0.00260450973,0.08507737137,0.1788572412
629,0.004932716779,0.04868620586,0.00260450973,0.08500058251,0.1822492875
630,0.004932716779,0.05272638681,0.00260450973,0.08492386295,0.1904654788
631,0.004932716779,0.05984221152,0.00260450973,0.08484721264,0.1983372717
632,0.004932716779,0.06092020075,0.00260450973,0.08477063152,0.203886614
633,0.004932716779,0.06291029259,0.00260450973,0.08469411951,0.2053069046
634,0.004932716779,0.06481764456,0.00260450973,0.08461767656,0.2074131872
635,0.004932716779,0.0601427561,0.00260450973,0.0845413026,0.2026780749
636,0.004932716779,0.05678374395,0.00260450973,0.08446499758,0.1967745311
637,0.004932716779,0.05025015996,0.00260450973,0.08438876143,0.1910036444
638,0.004932716779,0.04867411453,0.00260450973,0.08431259409,0.18496466
639,0.004932716779,0.05308764957,0.00260450973,0.0842364955,0.1818150653
640,0.004932716779,0.04986859553,0.00260450973,0.08416046559,0.1844814606
641,0.004932716779,0.04800877083,0.00260450973,0.08408450431,0.1866085602
642,0.004932716779,0.04738193341,0.00260450973,0.08400861158,0.1842040137
643,0.004932716779,0.05719658524,0.00260450973,0.08393278735,0.1829288812
644,0.004932716779,0.04974299726,0.00260450973,0.08385703157,0.184092697
645,0.004932716779,0.05425044167,0.00260450973,0.08378134415,0.1881063697
646,0.004932716779,0.05197391495,0.00260450973,0.08370572505,0.187818695
647,0.004932716779,0.04798530594,0.00260450973,0.0836301742,0.1956811913
648,0.004932716779,0.0499785199,0.00260450973,0.08355469155,0.198687359
649,0.004932716779,0.05970221653,0.00260450973,0.08347927702,0.2058568636
650,0.004932716779,0.06016280175,0.00260450973,0.08340393056,0.2140910838
651,0.004711558955,0.05264753482,0.002410788973,0.0833286521,0.2127623935
652,0.004711558955,0.06004511718,0.002410788973,0.08325344159,0.2150920962
653,0.004711558955,0.05994497584,0.002410788973,0.08317829896,0.2118772637
654,0.004711558955,0.06194069616,0.002410788973,0.08310322416,0.2075259872
655,0.004711558955,0.05492780771,0.002410788973,0.08302821712,0.1967755297
656,0.004711558955,0.05541156902,0.002410788973,0.08295327777,0.1904669895
657,0.004694773444,0.05371005817,0.002429930429,0.08287840606,0.1860068902
658,0.004690322614,0.05157706241,0.002399295093,0.08280360194,0.182985922
659,0.004690322614,0.05273855252,0.002399295093,0.08272886532,0.1810563171
660,0.004690322614,0.05539085237,0.002399295093,0.08265419617,0.1878455064
661,0.004690322614,0.04641957793,0.002399295093,0.0825795944,0.1864449711
662,0.004690322614,0.04805905235,0.002399295093,0.08250505998,0.1903758645
663,0.004690322614,0.05159522284,0.002399295093,0.08243059282,0.1876866632
664,0.004690322614,0.05533184399,0.002399295093,0.08235619288,0.1928433269
665,0.004690322614,0.05842745687,0.002399295093,0.08228186009,0.1928359307
666,0.004690322614,0.04434533691,0.002399295093,0.08220759439,0.1808877576
667,0.004690322614,0.04690007403,0.002399295093,0.08213339572,0.1728252525
668,0.004690322614,0.03967134233,0.002399295093,0.08205926402,0.171716918
669,0.004690322614,0.03824334421,0.002399295093,0.08198519923,0.1649120061
670,0.004690322614,0.04301540101,0.002399295093,0.08191120129,0.1656376002
671,0.004690322614,0.04722692724,0.002399295093,0.08183727013,0.1620644369
672,0.004690322614,0.04675813963,0.002399295093,0.08176340571,0.1612046929
673,0.004690322614,0.04830819348,0.002399295093,0.08168960795,0.1604068949
674,0.004690322614,0.05280223134,0.002399295093,0.08161587681,0.1628793059
675,0.004690322614,0.04915145458,0.002399295093,0.08154221221,0.167375254
676,0.004690322614,0.05180119829,0.002399295093,0.0814686141,0.1646466961
677,0.004690322614,0.04477349118,0.002399295093,0.08139508241,0.1627105926
678,0.004690322614,0.043141169,0.002399295093,0.0813216171,0.1548769815
679,0.004690322614,0.04244726396,0.002399295093,0.08124821809,0.1476860052
680,0.004690322614,0.03401099842,0.002399295093,0.08117488533,0.1432406996
681,0.004690322614,0.03676078392,0.002399295093,0.08110161876,0.1370223527
682,0.004690322614,0.03069434151,0.002399295093,0.08102841832,0.1320743409
683,0.004690322614,0.0345962833,0.002399295093,0.08095528395,0.1302257454
684,0.004690322614,0.03111253547,0.002399295093,0.08088221558,0.1336279332
685,0.004690322614,0.03547616933,0.002399295093,0.08080921317,0.1351852839
686,0.004690322614,0.03209795964,0.002399295093,0.08073627665,0.1359266206
687,0.004690322614,0.03714347338,0.002399295093,0.08066340595,0.1408171691
688,0.004690322614,0.03740765682,0.002399295093,0.08059060103,0.1460952029
689,0.004690322614,0.04059366019,0.002399295093,0.08051786182,0.151923958
690,0.004690322614,0.04081552563,0.002399295093,0.08044518827,0.1515403653
691,0.004690322614,0.04380029152,0.002399295093,0.08037258031,0.1533937936
692,0.004690322614,0.04153383152,0.002399295093,0.08030003788,0.1560930608
693,0.004690322614,0.03333360713,0.002399295093,0.08022756092,0.1550472483
694,0.004690322614,0.03913389239,0.002399295093,0.08015514939,0.156236713
695,0.004690322614,0.03508616497,0.002399295093,0.08008280321,0.1496336839
696,0.004690322614,0.033771011,0.002399295093,0.08001052232,0.1480940088
697,0.004690322614,0.0396446001,0.002399295093,0.07993830668,0.1493735792
698,0.004690322614,0.04015297389,0.002399295093,0.07986615622,0.14236666
699,0.004690322614,0.03576644512,0.002399295093,0.07979407087,0.1349404879
700,0.004690322614,0.03709726221,0.002399295093,0.0797220506,0.1299896181
701,0.004356195761,0.03641426148,0.002350298105,0.07965009532,0.1271599506
702,0.004356195761,0.03554176598,0.002350298105,0.07957820499,0.1281877438
703,0.004356195761,0.03319978983,0.002350298105,0.07950637955,0.126525351
704,0.004356195761,0.03134091302,0.002350298105,0.07943461893,0.1256959825
705,0.004356195761,0.03550023775,0.002350298105,0.07936292308,0.1267805528
706,0.004356195761,0.03312521401,0.002350298105,0.07929129195,0.1282635279
707,0.004356195761,0.03458321677,0.002350298105,0.07921972547,0.1297467629
708,0.004356195761,0.03778850079,0.002350298105,0.07914822358,0.1298797815
709,0.004356195761,0.04167275968,0.002350298105,0.07907678622,0.1359984278
710,0.004356195761,0.04459133186,0.002350298105,0.07900541335,0.1406417921
711,0.004356195761,0.0429787757,0.002350298105,0.07893410489,0.142695552
712,0.004356195761,0.04288027878,0.002350298105,0.0788628608,0.1451232286
713,0.004356195761,0.04249434506,0.002350298105,0.07879168101,0.1440933936
714,0.004356195761,0.043425325,0.002350298105,0.07872056546,0.1472574276
715,0.004356195761,0.04049898824,0.002350298105,0.07864951411,0.1506125792
716,0.004356195761,0.04043202665,0.002350298105,0.07857852688,0.1501363548
717,0.004356195761,0.04313879666,0.002350298105,0.07850760372,0.1560719489
718,0.004356195761,0.04163023432,0.002350298105,0.07843674458,0.1514258863
719,0.004356195761,0.04321621979,0.002350298105,0.07836594939,0.152437158
720,0.004356195761,0.04003525279,0.002350298105,0.0782952181,0.1546507631
721,0.004356195761,0.0439034041,0.002350298105,0.07822455065,0.1591322462
722,0.004356195761,0.04198472845,0.002350298105,0.07815394698,0.1632955278
723,0.004356195761,0.04544154897,0.002350298105,0.07808340704,0.1672007262
724,0.004356195761,0.04477260172,0.002350298105,0.07801293077,0.1684548177
725,0.004356195761,0.03889741147,0.002350298105,0.0779425181,0.1676009801
726,0.004356195761,0.04328920487,0.002350298105,0.07787216899,0.1667389824
727,0.004356195761,0.04308836092,0.002350298105,0.07780188338,0.1632251214
728,0.004356195761,0.04085038351,0.002350298105,0.0777316612,0.1605102634
729,0.004356195761,0.04136604897,0.002350298105,0.0776615024,0.1597792002
730,0.004356195761,0.04656840038,0.002350298105,0.07759140693,0.1632092773
731,0.004356195761,0.044268818,0.002350298105,0.07752137472,0.1592742288
732,0.004356195761,0.04637099113,0.002350298105,0.07745140573,0.1529437463
733,0.004356195761,0.04249237522,0.002350298105,0.07738149988,0.1526348711
734,0.004356195761,0.04523493347,0.002350298105,0.07731165714,0.1495989526
735,0.004356195761,0.03936475031,0.002350298105,0.07724187743,0.1476909445
736,0.004356195761,0.03960356604,0.002350298105,0.0771721607,0.1401874116
737,0.004356195761,0.04041175862,0.002350298105,0.07710250689,0.1316589648
738,0.004356195761,0.03404852365,0.002350298105,0.07703291596,0.1262967713
739,0.004356195761,0.03500445252,0.002350298105,0.07696338783,0.1243823765
740,0.004356195761,0.0329750356,0.002350298105,0.07689392246,0.126197634
741,0.004356195761,0.03494878502,0.002350298105,0.07682451979,0.1258157224
742,0.004356195761,0.03728996261,0.002350298105,0.07675517976,0.1284187824
743,0.004356195761,0.03548195653,0.002350298105,0.07668590231,0.1313624621
744,0.004356195761,0.04010041541,0.002350298105,0.07661668739,0.1363481746
745,0.004356195761,0.03853713085,0.002350298105,0.07654753495,0.1377282182
746,0.004356195761,0.04305735423,0.002350298105,0.07647844491,0.1426027198
747,0.004356195761,0.03527053762,0.002350298105,0.07640941724,0.1415251614
748,0.004356195761,0.03950749548,0.002350298105,0.07634045187,0.1430287272
749,0.004356195761,0.0388977658,0.002350298105,0.07627154875,0.1392649876
750,0.004356195761,0.03781871854,0.002350298105,0.07620270782,0.1399366247
751,0.004356195761,0.03178003136,0.002350298105,0.07613392902,0.1377684178
752,0.004356195761,0.03400366536,0.002350298105,0.0760652123,0.1385621681
753,0.004356195761,0.03275076519,0.002350298105,0.0759965576,0.1336166369
754,0.004356195761,0.03196312879,0.002350298105,0.07592796487,0.1359705877
755,0.004356195761,0.03152343487,0.002350298105,0.07585943405,0.1393627535
756,0.004356195761,0.03116527308,0.002350298105,0.07579096508,0.1380786658
757,0.004356195761,0.03334782283,0.002350298105,0.07572255791,0.1375835369
758,0.004356195761,0.02844113567,0.002350298105,0.07565421249,0.1307009196
759,0.004356195761,0.03032052486,0.002350298105,0.07558592875,0.1302803292
760,0.004356195761,0.03144760124,0.002350298105,0.07551770664,0.1237539527
761,0.004356195761,0.03289436059,0.002350298105,0.07544954611,0.1222149
762,0.004356195761,0.03669858169,0.002350298105,0.07538144709,0.1273970081
763,0.004356195761,0.0381652635,0.002350298105,0.07531340955,0.1288040994
764,0.004356195761,0.03737533576,0.002350298105,0.07524543341,0.1311461636
765,0.004356195761,0.03926905205,0.002350298105,0.07517751862,0.1349480263
766,0.004356195761,0.04006934048,0.002350298105,0.07510966514,0.1383086051
767,0.004356195761,0.03815039456,0.002350298105,0.07504187289,0.1396845999
768,0.004356195761,0.03459201093,0.002350298105,0.07497414184,0.1404646675
769,0.004356195761,0.04025353678,0.002350298105,0.07490647192,0.1440980806
770,0.004356195761,0.03951871826,0.002350298105,0.07483886307,0.1472200597
771,0.004356195761,0.03640840667,0.002350298105,0.07477131525,0.1514742911
772,0.004356195761,0.03940257109,0.002350298105,0.07470382839,0.1540101489
773,0.004356195761,0.03955341651,0.002350298105,0.07463640245,0.1561925206
774,0.004356195761,0.03486886294,0.002350298105,0.07456903736,0.1565900539
775,0.004356195761,0.03981856308,0.002350298105,0.07450173307,0.1652213125
776,0.004356195761,0.04598512608,0.002350298105,0.07443448954,0.1692702757
777,0.004254429517,0.04457581802,0.002453995291,0.07436730669,0.1694091105
778,0.004254429517,0.04250130263,0.002453995291,0.07430018448,0.1712983097
779,0.004254429517,0.04522843068,0.002453995291,0.07423312286,0.167568128
780,0.004254429517,0.04473981021,0.002453995291,0.07416612176,0.1678562579
781,0.004254429517,0.04207736123,0.002453995291,0.07409918114,0.1650144694
782,0.004254429517,0.04337120278,0.002453995291,0.07403230093,0.1662644496
783,0.004254429517,0.0472848335,0.002453995291,0.07396548109,0.1650376489
784,0.004254429517,0.04230741158,0.002453995291,0.07389872157,0.1702629217
785,0.004254429517,0.0403026155,0.002453995291,0.07383202229,0.1726709514
786,0.004254429517,0.04434776888,0.002453995291,0.07376538322,0.1751674293
787,0.004254429517,0.04254982613,0.002453995291,0.07369880429,0.1675409086
788,0.004254429517,0.04128729592,0.002453995291,0.07363228546,0.1620213269
789,0.004254429517,0.03861298729,0.002453995291,0.07356582667,0.1668970443
790,0.004254429517,0.05060396997,0.002453995291,0.07349942786,0.1669054141
791,0.004254429517,0.04583976622,0.002453995291,0.07343308898,0.1612536762
792,0.004254429517,0.04857948954,0.002453995291,0.07336680997,0.1605858808
793,0.004254429517,0.04994862376,0.002453995291,0.07330059079,0.1634426157
794,0.004254429517,0.04466923779,0.002453995291,0.07323443137,0.1607738513
795,0.004254429517,0.04639054332,0.002453995291,0.07316833167,0.1657753017
796,0.004254429517,0.04303320431,0.002453995291,0.07310229163,0.1662845986
797,0.004254429517,0.03773970417,0.002453995291,0.0730363112,0.1564119158
798,0.004254429517,0.03778957112,0.002453995291,0.07297039032,0.150230392
799,0.004254429517,0.03487534769,0.002453995291,0.07290452893,0.1418089606
800,0.004254429517,0.03720835891,0.002453995291,0.07283872699,0.1448694058
801,0.004254429517,0.0299214727,0.002453995291,0.07277298445,0.1350798574
802,0.004254429517,0.02680910592,0.002453995291,0.07270730124,0.1262300789
803,0.004254429517,0.03154581469,0.002453995291,0.07264167731,0.1184299831
804,0.004254429517,0.02611679183,0.002453995291,0.07257611262,0.112123396
805,0.004254429517,0.02801226321,0.002453995291,0.0725106071,0.1126193451
806,0.004254429517,0.02950379209,0.002453995291,0.07244516071,0.1138263423
807,0.004254429517,0.02892613304,0.002453995291,0.07237977338,0.1130954401
808,0.004254429517,0.02782679628,0.002453995291,0.07231444508,0.1177340841
809,0.004254429517,0.03251275534,0.002453995291,0.07224917573,0.1192335896
810,0.004254429517,0.02891577691,0.002453995291,0.0721839653,0.1228673413
811,0.004254429517,0.03290989188,0.002453995291,0.07211881373,0.1222067513
812,0.004254429517,0.03474424019,0.002453995291,0.07205372096,0.1229178015
813,0.004254429517,0.02952874492,0.002453995291,0.07198868694,0.1228177573
814,0.004254429517,0.03023892974,0.002453995291,0.07192371162,0.1161988358
815,0.004254429517,0.03153810506,0.002453995291,0.07185879494,0.1210565443
816,0.004254429517,0.03466555272,0.002453995291,0.07179393686,0.1208115818
817,0.004254429517,0.03327733808,0.002453995291,0.07172913732,0.1198898577
818,0.004254429517,0.03283026133,0.002453995291,0.07166439626,0.1224500263
819,0.004254429517,0.03216839469,0.002453995291,0.07159971364,0.1253463603
820,0.004254429517,0.0348374247,0.002453995291,0.07153508939,0.1253831269
821,0.004254429517,0.03172092368,0.002453995291,0.07147052348,0.124199427
822,0.004254429517,0.03415562206,0.002453995291,0.07140601584,0.1276704941
823,0.004254429517,0.03033283262,0.002453995291,0.07134156643,0.129002814
824,0.004254429517,0.03512394952,0.002453995291,0.07127717518,0.1342563848
825,0.004227411213,0.03059835088,0.002510309997,0.07121284205,0.1356905064
826,0.004227411213,0.03654776662,0.002510309997,0.07114856699,0.1350551324
827,0.004227411213,0.03836282851,0.002510309997,0.07108434995,0.1358658557
828,0.004227411213,0.03728272318,0.002510309997,0.07102019086,0.1377468384
829,0.004227411213,0.03552151039,0.002510309997,0.07095608968,0.1407107501
830,0.004227411213,0.03526876745,0.002510309997,0.07089204636,0.1386238316
831,0.004227411213,0.03831840731,0.002510309997,0.07082806084,0.1377029607
832,0.004227411213,0.03450567396,0.002510309997,0.07076413307,0.1375499525
833,0.004227411213,0.04131683366,0.002510309997,0.07070026301,0.1380019483
834,0.004227411213,0.0379782222,0.002510309997,0.07063645059,0.134537311
835,0.004200474373,0.034585041,0.002462007171,0.07057269576,0.1326853081
836,0.004200474373,0.03750206961,0.002462007171,0.07050899848,0.1272519888
837,0.004200474373,0.02902551491,0.002462007171,0.0704453587,0.1260153788
838,0.004200474373,0.03145718117,0.002462007171,0.07038177635,0.1209213965
839,0.004200474373,0.02756988859,0.002462007171,0.07031825139,0.1198110442
840,0.004200474373,0.02796025611,0.002462007171,0.07025478376,0.1211603929
841,0.004200474373,0.02924523273,0.002462007171,0.07019137342,0.1215145968
842,0.004200474373,0.02981392362,0.002462007171,0.07012802032,0.1208136828
843,0.004200474373,0.03009955916,0.002462007171,0.07006472439,0.1209488019
844,0.004200474373,0.03033460877,0.002462007171,0.07000148559,0.1224635161
845,0.004200474373,0.03333394257,0.002462007171,0.06993830387,0.1253173973
846,0.004200474373,0.03578161484,0.002462007171,0.06987517918,0.1268442277
847,0.004200474373,0.03415798006,0.002462007171,0.06981211146,0.130560417
848,0.004200474373,0.03661138178,0.002462007171,0.06974910067,0.1344993466
849,0.004200474373,0.03416233101,0.002462007171,0.06968614675,0.1389770306
850,0.004200474373,0.03462482782,0.002462007171,0.06962324965,0.1400503638
851,0.004155373682,0.03304438144,0.002511106251,0.06956040931,0.139718496
852,0.004155373682,0.03451188311,0.002511106251,0.0694976257,0.1380849161
853,0.004155373682,0.03590311277,0.002511106251,0.06943489875,0.1388166807
854,0.004155373682,0.03351806056,0.002511106251,0.06937222842,0.1362459348
855,0.004155373682,0.02852605531,0.002511106251,0.06930961466,0.1317084279
856,0.004155373682,0.0312536255,0.002511106251,0.06924705741,0.132886533
857,0.004081412893,0.03498589994,0.002428519492,0.06918455662,0.1295555086
858,0.004081412893,0.03131998653,0.002428519492,0.06912211224,0.12916195
859,0.004081412893,0.02846574332,0.002428519492,0.06905972422,0.1315803088
860,0.004026981326,0.03112982254,0.002420604598,0.06899739252,0.1279142118
861,0.004026981326,0.03076759124,0.002420604598,0.06893511707,0.1244830393
862,0.004026981326,0.02810715081,0.002420604598,0.06887289783,0.1248956988
863,0.004026981326,0.02812029247,0.002420604598,0.06881073475,0.1169350001
864,0.004026981326,0.02605025946,0.002420604598,0.06874862777,0.1127990368
865,0.004026981326,0.02244665626,0.002420604598,0.06868657685,0.1118364079
866,0.004026981326,0.02600252838,0.002420604598,0.06862458194,0.1158092101
867,0.004026981326,0.02849632115,0.002420604598,0.06856264298,0.1166799311
868,0.004026981326,0.02603034603,0.002420604598,0.06850075993,0.1178774352
869,0.004026981326,0.03088719087,0.002420604598,0.06843893273,0.122101706
870,0.004026981326,0.03551512038,0.002420604598,0.06837716134,0.1247492854
871,0.004026981326,0.03291523184,0.002420604598,0.0683154457,0.1222377159
872,0.004026981326,0.03584236977,0.002420604598,0.06825378576,0.1266684568
873,0.004026981326,0.03453716125,0.002420604598,0.06819218147,0.1261217202
874,0.004026981326,0.03456076504,0.002420604598,0.06813063279,0.1258493415
875,0.004026981326,0.0359390288,0.002420604598,0.06806913966,0.1261220656
876,0.004026981326,0.03675789627,0.002420604598,0.06800770203,0.1263908695
877,0.004026981326,0.04016965223,0.002420604598,0.06794631986,0.1273593705
878,0.004026981326,0.03553636915,0.002420604598,0.06788499308,0.1257319975
879,0.004026981326,0.03392958556,0.002420604598,0.06782372166,0.1280998744
880,0.004026981326,0.03785808195,0.002420604598,0.06776250554,0.1274416165
881,0.004026981326,0.03142347876,0.002420604598,0.06770134467,0.1327690488
882,0.004026981326,0.03151855986,0.002420604598,0.06764023901,0.1349676759
883,0.004026981326,0.0323670977,0.002420604598,0.0675791885,0.1359495928
884,0.004026981326,0.03790740279,0.002420604598,0.06751819309,0.1403716288
885,0.004026981326,0.04307563952,0.002420604598,0.06745725273,0.1434334955
886,0.004026981326,0.04246238882,0.002420604598,0.06739636738,0.1452390781
887,0.004026981326,0.03954519677,0.002420604598,0.06733553698,0.1510479595
888,0.004026981326,0.04226371048,0.002420604598,0.06727476148,0.1546106416
889,0.004026981326,0.04078829533,0.002420604598,0.06721404084,0.1554183623
890,0.004026981326,0.04049182041,0.002420604598,0.06715337501,0.15492556
891,0.004026981326,0.04238175499,0.002420604598,0.06709276393,0.1513302111
892,0.004026981326,0.03812298088,0.002420604598,0.06703220755,0.1488971357
893,0.004026981326,0.03692408995,0.002420604598,0.06697170583,0.1461779813
894,0.004026981326,0.03239819295,0.002420604598,0.06691125872,0.1424602368
895,0.004026981326,0.03046665842,0.002420604598,0.06685086617,0.1383363405
896,0.004026981326,0.03610765179,0.002420604598,0.06679052813,0.1368565755
897,0.004026981326,0.03910963678,0.002420604598,0.06673024455,0.1355917262
898,0.004026981326,0.03512728832,0.002420604598,0.06667001537,0.1342434311
899,0.004026981326,0.03666328997,0.002420604598,0.06660984056,0.137059472
900,0.004026981326,0.03725123833,0.002420604598,0.06654972007,0.1424406128
901,0.004026981326,0.03502470723,0.002420604598,0.06648965383,0.1458036595
902,0.004026981326,0.04112547166,0.002420604598,0.06642964181,0.1485613968
903,0.004026981326,0.03618225502,0.002420604598,0.06636968395,0.1510693185
904,0.004026981326,0.03681843018,0.002420604598,0.06630978021,0.1550529287
905,0.004026981326,0.03434803632,0.002420604598,0.06624993054,0.1571612376
906,0.004026981326,0.03874600699,0.002420604598,0.06619013489,0.1582404292
907,0.004026981326,0.03204726189,0.002420604598,0.06613039321,0.1562617212
908,0.003852909844,0.03818662127,0.002385844794,0.06607070545,0.1600177434
909,0.003852909844,0.04348796418,0.002385844794,0.06601107156,0.1586764451
910,0.003852909844,0.03879293536,0.002385844794,0.0659514915,0.1585797761
911,0.003826411903,0.04021973475,0.002176114192,0.06589196521,0.1586459362
912,0.003826411903,0.04046875952,0.002176114192,0.06583249265,0.1532931725
913,0.003826411903,0.03217468888,0.002176114192,0.06577307377,0.1448828388
914,0.003826411903,0.02926851533,0.002176114192,0.06571370851,0.1380271022
915,0.003826411903,0.02679694015,0.002176114192,0.06565439684,0.1292330687
916,0.003826411903,0.02994096871,0.002176114192,0.06559513871,0.1300796061
917,0.003826411903,0.02800783999,0.002176114192,0.06553593405,0.1265129465
918,0.003731494977,0.02493138178,0.002581401709,0.06547678284,0.1250761226
919,0.003731494977,0.02871874941,0.002581401709,0.06541768501,0.1274413507
920,0.003731494977,0.0284057662,0.002581401709,0.06535864053,0.1250536327
921,0.003731494977,0.03057347698,0.002581401709,0.06529964933,0.125166395
922,0.003731494977,0.02904958657,0.002581401709,0.06524071138,0.1251984794
923,0.003731494977,0.03060084478,0.002581401709,0.06518182663,0.1262273024
924,0.003731494977,0.02821511114,0.002581401709,0.06512299502,0.1294866842
925,0.003731494977,0.02995354457,0.002581401709,0.06506421651,0.1334175667
926,0.003731494977,0.034166425,0.002581401709,0.06500549106,0.1338528592
927,0.003731494977,0.03294129134,0.002581401709,0.06494681861,0.1318820535
928,0.003731494977,0.03283241715,0.002581401709,0.06488819912,0.1318923179
929,0.003731494977,0.03916144288,0.002581401709,0.06482963253,0.1352489896
930,0.003731494977,0.03286652249,0.002581401709,0.06477111881,0.1393056693
931,0.003731494977,0.03824775811,0.002581401709,0.0647126579,0.1433121674
932,0.003731494977,0.03488124454,0.002581401709,0.06465424975,0.1461318163
933,0.003731494977,0.03581130466,0.002581401709,0.06459589432,0.144660307
934,0.003731494977,0.03470781721,0.002581401709,0.06453759157,0.1467546401
935,0.003731494977,0.04570984091,0.002581401709,0.06447934143,0.1542124056
936,0.003731494977,0.04473421586,0.002581401709,0.06442114387,0.1514377498
937,0.003731494977,0.03957023139,0.002581401709,0.06436299884,0.1500003805
938,0.003731494977,0.03415469898,0.002581401709,0.06430490629,0.1477163898
939,0.003731494977,0.04016704859,0.002581401709,0.06424686617,0.1444170626
940,0.003731494977,0.03117465794,0.002581401709,0.06418887844,0.1431497579
941,0.003731494977,0.03489256573,0.002581401709,0.06413094304,0.1403576122
942,0.003731494977,0.03278977331,0.002581401709,0.06407305994,0.1417692266
943,0.003731494977,0.0369890646,0.002581401709,0.06401522908,0.1444485477
944,0.003731494977,0.03673092429,0.002581401709,0.06395745042,0.143787613
945,0.003674808829,0.03503243246,0.002551829216,0.06389972391,0.1444676101
946,0.003674808829,0.03938457215,0.002551829216,0.0638420495,0.1448160144
947,0.003674808829,0.04145465752,0.002551829216,0.06378442714,0.1439740282
948,0.003674808829,0.03435053894,0.002551829216,0.0637268568,0.1429190478
949,0.003674808829,0.03306525849,0.002551829216,0.06366933841,0.1399544069
950,0.003674808829,0.0282284717,0.002551829216,0.06361187194,0.1329769656
951,0.003674808829,0.02937942382,0.002551829216,0.06355445734,0.1235115948
952,0.003674808829,0.02609318206,0.002551829216,0.06349709456,0.1235200865
953,0.003674808829,0.0258445523,0.002551829216,0.06343978355,0.1238134897
954,0.003674808829,0.02568825185,0.002551829216,0.06338252428,0.1223750428
955,0.003674808829,0.02904493772,0.002551829216,0.06332531668,0.1221499097
956,0.003674808829,0.02677034692,0.002551829216,0.06326816071,0.1243868882
957,0.003674808829,0.0266371199,0.002551829216,0.06321105634,0.1250804548
958,0.003674808829,0.02628352769,0.002551829216,0.0631540035,0.1245450719
959,0.003674808829,0.02649753638,0.002551829216,0.06309700216,0.1222581685
960,0.003674808829,0.03179433057,0.002551829216,0.06304005227,0.1272871273
961,0.003674808829,0.0296287213,0.002551829216,0.06298315378,0.1277687039
962,0.003674808829,0.03127305488,0.002551829216,0.06292630665,0.1296115482
963,0.003674808829,0.02962575665,0.002551829216,0.06286951082,0.1287619726
964,0.003674808829,0.03048622776,0.002551829216,0.06281276626,0.129231388
965,0.003674808829,0.03326943087,0.002551829216,0.06275607291,0.1277734793
966,0.003674808829,0.03110574007,0.002551829216,0.06269943073,0.1285124536
967,0.003674808829,0.03028620919,0.002551829216,0.06264283968,0.129444017
968,0.003674808829,0.03464631547,0.002551829216,0.0625862997,0.1327835467
969,0.003674808829,0.03180853922,0.002551829216,0.06252981076,0.1352629979
970,0.003674808829,0.03279992358,0.002551829216,0.0624733728,0.1347412663
971,0.003674808829,0.03394396657,0.002551829216,0.06241698578,0.1363785638
972,0.003674808829,0.0335158371,0.002551829216,0.06236064966,0.1370403538
973,0.003674808829,0.03310457873,0.002551829216,0.06230436438,0.1381688655
974,0.003674808829,0.03724354669,0.002551829216,0.0622481299,0.1423372069
975,0.003674808829,0.0359065374,0.002551829216,0.06219194619,0.1423326077
976,0.003674808829,0.03321074287,0.002551829216,0.06213581318,0.1359436445
977,0.003674808829,0.03704494168,0.002551829216,0.06207973083,0.1321247905
978,0.003674808829,0.03519078795,0.002551829216,0.0620236991,0.1274794749
979,0.003674808829,0.03435810726,0.002551829216,0.06196771795,0.1284796936
980,0.003674808829,0.03075364443,0.002551829216,0.06191178732,0.1298304713
981,0.003674808829,0.0339329257,0.002551829216,0.06185590718,0.1309642167
982,0.003674808829,0.03392201432,0.002551829216,0.06180007747,0.129542403
983,0.003674808829,0.02957040677,0.002551829216,0.06174429815,0.131456474
984,0.003674808829,0.03198312049,0.002551829216,0.06168856918,0.1309896633
985,0.003674808829,0.03154084069,0.002551829216,0.06163289051,0.1314137179
986,0.003674808829,0.03364580504,0.002551829216,0.06157726209,0.1259244761
987,0.003674808829,0.03048498691,0.002551829216,0.06152168388,0.124201569
988,0.003674808829,0.02852535781,0.002551829216,0.06146615583,0.1227027472
989,0.003674808829,0.02583817605,0.002551829216,0.0614106779,0.1183919427
990,0.003674808829,0.02596515904,0.002551829216,0.06135525005,0.120405844
991,0.003674537378,0.02250074409,0.002750747889,0.06129987222,0.1166823264
992,0.003674537378,0.02160859187,0.002750747889,0.06124454438,0.1157250945
993,0.003674537378,0.02218155754,0.002750747889,0.06118926647,0.1096590141
994,0.003674537378,0.0221425967,0.002750747889,0.06113403846,0.102801122
995,0.003674537378,0.02463099889,0.002750747889,0.06107886029,0.1014680444
996,0.003674537378,0.02434426008,0.002750747889,0.06102373193,0.1001449565
997,0.003674537378,0.02545173397,0.002750747889,0.06096865332,0.1005381455
998,0.003674537378,0.0225516783,0.002750747889,0.06091362443,0.1034718058
999,0.003674537378,0.02570165854,0.002750747889,0.0608586452,0.1042466897
1000,0.003674537378,0.02570823186,0.002750747889,0.0608037156,0.1078711346
1001,0.003674537378,0.02415240296,0.002750747889,0.06074883557,0.1068505196
1002,0.003674537378,0.02600324298,0.002750747889,0.06069400508,0.1070285734
1003,0.003674537378,0.02710391101,0.002750747889,0.06063922408,0.1080546948
1004,0.003674537378,0.02773630269,0.002750747889,0.06058449252,0.1092769258
1005,0.003674537378,0.02861629573,0.002750747889,0.06052981036,0.1125834781
1006,0.003674537378,0.03376261201,0.002750747889,0.06047517756,0.1146391774
1007,0.003674537378,0.030417434,0.002750747889,0.06042059406,0.113266777
1008,0.003606625964,0.03109041242,0.00274224803,0.06036605984,0.1161741431
1009,0.003606625964,0.02842615591,0.00274224803,0.06031157483,0.1162234137
1010,0.003606625964,0.02950952517,0.00274224803,0.060257139,0.1153231292
1011,0.003606625964,0.02770488857,0.00274224803,0.0602027523,0.1161827678
1012,0.003606625964,0.02637566004,0.00274224803,0.06014841469,0.1120577092
1013,0.003606625964,0.02799427912,0.00274224803,0.06009412613,0.1089724345
1014,0.003606625964,0.0272453274,0.00274224803,0.06003988656,0.1073839205
1015,0.003606625964,0.02519026302,0.00274224803,0.05998569595,0.107083101
1016,0.003606625964,0.02851720818,0.00274224803,0.05993155425,0.1074140022
1017,0.003606625964,0.02770961876,0.00274224803,0.05987746142,0.1086295495
1018,0.003606625964,0.0268755754,0.00274224803,0.05982341741,0.1126467595
1019,0.003606625964,0.02588782462,0.00274224803,0.05976942218,0.1125954165
1020,0.003606625964,0.02601292639,0.00274224803,0.05971547569,0.1149999319
1021,0.003606625964,0.02564249829,0.00274224803,0.05966157788,0.1193975162
1022,0.003606625964,0.03223543252,0.00274224803,0.05960772872,0.1210068222
1023,0.003606625964,0.03326214406,0.00274224803,0.05955392817,0.1218393241
1024,0.003606625964,0.03241658292,0.00274224803,0.05950017617,0.1229994655
1025,0.003606625964,0.02904490839,0.00274224803,0.05944647269,0.1204789716
1026,0.003606625964,0.02663255039,0.00274224803,0.05939281768,0.1133741522
1027,0.003606625964,0.03031744868,0.00274224803,0.0593392111,0.109495233
1028,0.003606625964,0.02924202314,0.00274224803,0.05928565291,0.1080646018
1029,0.003606625964,0.03025683072,0.00274224803,0.05923214305,0.1048811519
1030,0.003606625964,0.02842356196,0.00274224803,0.05917868149,0.1034735773
1031,0.003606625964,0.02815397095,0.00274224803,0.05912526818,0.1048496859
1032,0.003606625964,0.02841679407,0.00274224803,0.05907190309,0.1043124456
1033,0.003606625964,0.02718524481,0.00274224803,0.05901858616,0.1058248764
1034,0.003606625964,0.02837811336,0.00274224803,0.05896531735,0.1091423559
1035,0.003606625964,0.02832403908,0.00274224803,0.05891209662,0.1075391584
1036,0.003606625964,0.02843247439,0.00274224803,0.05885892393,0.1070363277
1037,0.003606625964,0.02567205168,0.00274224803,0.05880579922,0.1019623266
1038,0.003606625964,0.02361824245,0.00274224803,0.05875272247,0.09187132442
1039,0.003606625964,0.02121642014,0.00274224803,0.05869969363,0.0879624474
1040,0.003606625964,0.02552874284,0.00274224803,0.05864671264,0.08736482664
1041,0.003606625964,0.02435765328,0.00274224803,0.05859377948,0.08854047277
1042,0.003606625964,0.0229201843,0.00274224803,0.05854089409,0.0876827517
1043,0.003606625964,0.02034470846,0.00274224803,0.05848805644,0.08840293047
1044,0.003606625964,0.02129506273,0.00274224803,0.05843526647,0.08518772062
1045,0.003606625964,0.0217913031,0.00274224803,0.05838252416,0.08453356526
1046,0.003606625964,0.02407462,0.00274224803,0.05832982944,0.08394596275
1047,0.003606625964,0.02219227772,0.00274224803,0.05827718229,0.08669938831
1048,0.003606625964,0.02396061708,0.00274224803,0.05822458266,0.08987626441
1049,0.003606625964,0.02234526464,0.00274224803,0.0581720305,0.09189187268
1050,0.003606625964,0.02361699603,0.00274224803,0.05811952577,0.09383758001
1051,0.003606625964,0.02358172369,0.00274224803,0.05806706843,0.09570259787
1052,0.003606625964,0.02547194367,0.00274224803,0.05801465844,0.0951673684
1053,0.003606625964,0.02461985497,0.00274224803,0.05796229576,0.09532984985
1054,0.003600161076,0.02198724372,0.002635533399,0.05790998033,0.09855215476
1055,0.003600161076,0.02317600337,0.002635533399,0.05785771212,0.100632397
1056,0.003600161076,0.023125831,0.002635533399,0.05780549109,0.1036496746
1057,0.003600161076,0.02428771052,0.002635533399,0.0577533172,0.1068037054
1058,0.003600161076,0.02443495857,0.002635533399,0.05770119039,0.1100025565
1059,0.003600161076,0.02642548678,0.002635533399,0.05764911063,0.1103777051
1060,0.003600161076,0.02585837118,0.002635533399,0.05759707788,0.1139115076
1061,0.003600161076,0.02743226675,0.002635533399,0.0575450921,0.1172618681
1062,0.003600161076,0.02815596969,0.002635533399,0.05749315323,0.1174754198
1063,0.003600161076,0.029882751,0.002635533399,0.05744126124,0.1184601862
1064,0.003600161076,0.02594817154,0.002635533399,0.05738941609,0.1145707182
1065,0.003600161076,0.02950930032,0.002635533399,0.05733761773,0.1168423421
1066,0.003600161076,0.02582854851,0.002635533399,0.05728586613,0.1157057315
1067,0.003600161076,0.02776003714,0.002635533399,0.05723416123,0.1186068368
1068,0.003600161076,0.0277129191,0.002635533399,0.057182503,0.1217404078
1069,0.003600161076,0.02812581062,0.002635533399,0.0571308914,0.120924836
1070,0.003600161076,0.02957764808,0.002635533399,0.05707932638,0.1190871684
1071,0.003600161076,0.02960655458,0.002635533399,0.05702780791,0.1218617951
1072,0.003600161076,0.025601982,0.002635533399,0.05697633593,0.1165924616
1073,0.003600161076,0.02575267607,0.002635533399,0.05692491041,0.1161414825
1074,0.003600161076,0.03204812586,0.002635533399,0.0568735313,0.114954437
1075,0.003600161076,0.02790334886,0.002635533399,0.05682219857,0.1177990116
1076,0.003600161076,0.02830809296,0.002635533399,0.05677091217,0.1166622115
1077,0.003600161076,0.03038137443,0.002635533399,0.05671967206,0.1183985619
1078,0.003600161076,0.03060382795,0.002635533399,0.0566684782,0.1212279218
1079,0.003600161076,0.031293038,0.002635533399,0.05661733054,0.1193652489
1080,0.003600161076,0.03059628512,0.002635533399,0.05656622905,0.1183865968
1081,0.003600161076,0.03016731027,0.002635533399,0.05651517369,0.1166346639
1082,0.003600161076,0.02720165848,0.002635533399,0.0564641644,0.116764469
1083,0.003600161076,0.02560874033,0.002635533399,0.05641320115,0.1183648078
1084,0.003600161076,0.02867746854,0.002635533399,0.05636228391,0.1227516636
1085,0.003600161076,0.02930302186,0.002635533399,0.05631141261,0.1256709301
1086,0.003600161076,0.02552072254,0.002635533399,0.05626058724,0.1222864575
1087,0.003600161076,0.02782133278,0.002635533399,0.05620980774,0.1261392896
1088,0.003600161076,0.03108974015,0.002635533399,0.05615907407,0.1296836474
1089,0.003600161076,0.03085172181,0.002635533399,0.05610838619,0.1288512321
1090,0.003600161076,0.03115600592,0.002635533399,0.05605774406,0.1252083298
1091,0.003600161076,0.02756459309,0.002635533399,0.05600714764,0.1198398542
1092,0.003600161076,0.0247771965,0.002635533399,0.05595659688,0.1134016914
1093,0.003600161076,0.0236007527,0.002635533399,0.05590609176,0.1054810811
1094,0.003600161076,0.02288405207,0.002635533399,0.05585563221,0.1009519455
1095,0.003600161076,0.01920565571,0.002635533399,0.05580521821,0.1009873193
1096,0.003600161076,0.01968911191,0.002635533399,0.05575484972,0.1017634456
1097,0.003600161076,0.02040171272,0.002635533399,0.05570452668,0.1040397195
1098,0.003600161076,0.01864783234,0.002635533399,0.05565424907,0.09972873621
1099,0.003600161076,0.02038721916,0.002635533399,0.05560401683,0.09734229141
1100,0.003600161076,0.01918705782,0.002635533399,0.05555382993,0.09398623198
1101,0.003600161076,0.01863777883,0.002635533399,0.05550368833,0.09104458692
1102,0.003600161076,0.01829767931,0.002635533399,0.05545359199,0.08931859539
1103,0.003600161076,0.01957506106,0.002635533399,0.05540354086,0.08984906536
1104,0.003600161076,0.02034948147,0.002635533399,0.05535353491,0.09168187265
1105,0.003600161076,0.02111280462,0.002635533399,0.05530357409,0.09159332172
1106,0.003600161076,0.023542333,0.002635533399,0.05525365837,0.09530784846
1107,0.003600161076,0.02176473357,0.002635533399,0.0552037877,0.0961271766
1108,0.003600161076,0.02113843017,0.002635533399,0.05515396204,0.09894515962
1109,0.003600161076,0.02051140792,0.002635533399,0.05510418135,0.1010989036
1110,0.003600161076,0.0206743169,0.002635533399,0.05505444559,0.1012902132
1111,0.003600161076,0.02389501299,0.002635533399,0.05500475473,0.1056493117
1112,0.003600161076,0.02314077136,0.002635533399,0.05495510871,0.1002452681
1113,0.003600161076,0.02172962646,0.002635533399,0.0549055075,0.09880756611
1114,0.003600161076,0.02344573399,0.002635533399,0.05485595106,0.09944268481
1115,0.003600161076,0.02200402381,0.002635533399,0.05480643935,0.1012206056
1116,0.003600161076,0.02079947333,0.002635533399,0.05475697233,0.1019052295
1117,0.003600161076,0.0233276151,0.002635533399,0.05470754996,0.1042671987
1118,0.003600161076,0.02167690282,0.002635533399,0.05465817219,0.1080077419
1119,0.003600161076,0.02272695119,0.002635533399,0.05460883899,0.1093426366
1120,0.003600161076,0.02222444722,0.002635533399,0.05455955032,0.1116731967
1121,0.003600161076,0.02484655712,0.002635533399,0.05451030613,0.11168533
1122,0.003600161076,0.02887471217,0.002635533399,0.05446110639,0.1164414395
1123,0.003600161076,0.03109692287,0.002635533399,0.05441195106,0.1196089541
1124,0.003600161076,0.02852903282,0.002635533399,0.05436284009,0.1194721193
1125,0.003600161076,0.02889619106,0.002635533399,0.05431377345,0.1252930435
1126,0.003600161076,0.02713799729,0.002635533399,0.0542647511,0.1255707268
1127,0.003600161076,0.02856849689,0.002635533399,0.05421577299,0.1244582144
1128,0.003600161076,0.02718457554,0.002635533399,0.05416683909,0.1234250365
1129,0.003600161076,0.02144495362,0.002635533399,0.05411794936,0.1148125345
1130,0.003600161076,0.02148058533,0.002635533399,0.05406910375,0.1160981165
1131,0.003600161076,0.02234488654,0.002635533399,0.05402030223,0.1158002653
1132,0.003600161076,0.02443221812,0.002635533399,0.05397154476,0.1149107506
1133,0.003600161076,0.023819036,0.002635533399,0.05392283129,0.1152398059
1134,0.003600161076,0.02349123533,0.002635533399,0.0538741618,0.1110625389
1135,0.003600161076,0.02320204375,0.002635533399,0.05382553623,0.1102492186
1136,0.003600161076,0.0217771657,0.002635533399,0.05377695454,0.1060157032
1137,0.003600161076,0.02295128994,0.002635533399,0.05372841671,0.1072635875
1138,0.003600161076,0.02083151282,0.002635533399,0.05367992269,0.1064099648
1139,0.003600161076,0.02220260418,0.002635533399,0.05363147243,0.102663146
1140,0.003600161076,0.02243167849,0.002635533399,0.05358306591,0.09935704033
1141,0.003600161076,0.02064718703,0.002635533399,0.05353470307,0.09621802699
1142,0.003600161076,0.01940287472,0.002635533399,0.05348638389,0.09062625762
1143,0.003600161076,0.01971631646,0.002635533399,0.05343810832,0.08970698934
1144,0.003600161076,0.01860016706,0.002635533399,0.05338987632,0.09009022488
1145,0.003600161076,0.01981497258,0.002635533399,0.05334168786,0.08907014037
1146,0.003600161076,0.02189008372,0.002635533399,0.05329354289,0.09071958396
1147,0.003600161076,0.0208164921,0.002635533399,0.05324544137,0.09199719421
1148,0.003600161076,0.01928320936,0.002635533399,0.05319738327,0.0922517949
1149,0.003600161076,0.02161036662,0.002635533399,0.05314936854,0.09136764097
1150,0.003600161076,0.02269003094,0.002635533399,0.05310139715,0.09137898207
1151,0.003600161076,0.01925972891,0.002635533399,0.05305346906,0.08926988309
1152,0.003600161076,0.02159586459,0.002635533399,0.05300558423,0.09200580759
1153,0.003600161076,0.02472208944,0.002635533399,0.05295774262,0.09559483587
1154,0.003600161076,0.02395684112,0.002635533399,0.05290994419,0.09901861649
1155,0.003600161076,0.02488431176,0.002635533399,0.0528621889,0.1010159574
1156,0.003600161076,0.02032839322,0.002635533399,0.05281447671,0.1014934443
1157,0.003600161076,0.02037102246,0.002635533399,0.05276680759,0.1017058051
1158,0.003600161076,0.02007444868,0.002635533399,0.05271918149,0.09909359085
1159,0.003600161076,0.02155031705,0.002635533399,0.05267159838,0.09974239998
1160,0.003600161076,0.02442756307,0.002635533399,0.05262405822,0.1026747333
1161,0.003600161076,0.02218213858,0.002635533399,0.05257656096,0.1066654559
1162,0.003600161076,0.0242238097,0.002635533399,0.05252910657,0.1054572412
1163,0.003600161076,0.02440774515,0.002635533399,0.05248169502,0.1069210624
1164,0.003600161076,0.02042456975,0.002635533399,0.05243432626,0.1062471781
1165,0.003600161076,0.02247241985,0.002635533399,0.05238700025,0.1087806476
1166,0.003600161076,0.02174071429,0.002635533399,0.05233971696,0.1091975254
1167,0.003600161076,0.02024211118,0.002635533399,0.05229247634,0.1101129519
1168,0.003600161076,0.0211786044,0.002635533399,0.05224527837,0.1104379602
1169,0.003600161076,0.02004877363,0.002635533399,0.05219812299,0.1075910235
1170,0.003600161076,0.01894494841,0.002635533399,0.05215101017,0.1048034293
1171,0.003600161076,0.01906249702,0.002635533399,0.05210393988,0.1064829941
1172,0.003600161076,0.02405916454,0.002635533399,0.05205691207,0.1049554105
1173,0.003600161076,0.02150762498,0.002635533399,0.05200992671,0.103852716
1174,0.003600161076,0.02212869074,0.002635533399,0.05196298375,0.1033049237
1175,0.003600161076,0.02453351134,0.002635533399,0.05191608317,0.1053363932
1176,0.003600161076,0.02444219275,0.002635533399,0.05186922491,0.1044644469
1177,0.003600161076,0.02014460536,0.002635533399,0.05182240895,0.1024884824
1178,0.003600161076,0.0201020988,0.002635533399,0.05177563525,0.1044714727
1179,0.003600161076,0.02504938872,0.002635533399,0.05172890376,0.1062895637
1180,0.003600161076,0.02308435216,0.002635533399,0.05168221445,0.1018584453
1181,0.003600161076,0.02062006844,0.002635533399,0.05163556728,0.09491384218
1182,0.003600161076,0.01992781391,0.002635533399,0.05158896221,0.08928968731
1183,0.003600161076,0.0172943351,0.002635533399,0.05154239921,0.08983381135
1184,0.003600161076,0.01906565299,0.002635533399,0.05149587824,0.09195921461
1185,0.003600161076,0.01973002494,0.002635533399,0.05144939925,0.09545860176
1186,0.003600161076,0.02174421387,0.002635533399,0.05140296221,0.09971139533
1187,0.003600161076,0.02102515772,0.002635533399,0.05135656709,0.1007810588
1188,0.003600161076,0.02268569981,0.002635533399,0.05131021384,0.1043131956
1189,0.003600161076,0.02433232949,0.002635533399,0.05126390243,0.1011737974
1190,0.003600161076,0.02082379378,0.002635533399,0.05121763282,0.09998288643
1191,0.003600161076,0.02336660546,0.002635533399,0.05117140498,0.1036416572
1192,0.003600161076,0.02410437154,0.002635533399,0.05112521885,0.1026343792
1193,0.003600161076,0.02703435517,0.002635533399,0.05107907441,0.1010273995
1194,0.003600161076,0.0238921316,0.002635533399,0.05103297162,0.09779845083
1195,0.003600161076,0.02196374286,0.002635533399,0.05098691045,0.09749980806
1196,0.003600161076,0.0221699404,0.002635533399,0.05094089084,0.09525423825
1197,0.003600161076,0.02095921932,0.002635533399,0.05089491278,0.09380200536
1198,0.003600161076,0.0189430385,0.002635533399,0.05084897621,0.0916084512
1199,0.003600161076,0.02343971497,0.002635533399,0.0508030811,0.0908146968
1200,0.003600161076,0.02155407365,0.002635533399,0.05075722741,0.0930388346
1201,0.003600161076,0.02297620449,0.002635533399,0.05071141512,0.09471296525
1202,0.003600161076,0.02293687178,0.002635533399,0.05066564417,0.09421880735
1203,0.003600161076,0.02235204226,0.002635533399,0.05061991453,0.09442567027
1204,0.003600161076,0.02010456457,0.002635533399,0.05057422617,0.09393062726
1205,0.003600161076,0.02047074245,0.002635533399,0.05052857905,0.09394569083
1206,0.003600161076,0.01894722066,0.002635533399,0.05048297312,0.08910318048
1207,0.003600161076,0.01815430221,0.002635533399,0.05043740836,0.08612902749
1208,0.003600161076,0.01895425975,0.002635533399,0.05039188472,0.08630735916
1209,0.003600161076,0.01804873433,0.002635533399,0.05034640218,0.08553092323
1210,0.003600161076,0.02016570342,0.002635533399,0.05030096068,0.08756201065
1211,0.003600161076,0.0200515886,0.002635533399,0.0502555602,0.08831752615
1212,0.003600161076,0.0225724154,0.002635533399,0.0502102007,0.09053822178
1213,0.003600161076,0.02327449857,0.002635533399,0.05016488213,0.0955498249
1214,0.003600161076,0.02540947611,0.002635533399,0.05011960447,0.09656092512
1215,0.003600161076,0.02361517278,0.002635533399,0.05007436768,0.1000332292
1216,0.003600161076,0.02564872968,0.002635533399,0.05002917171,0.09860595404
1217,0.003600161076,0.02235703733,0.002635533399,0.04998401654,0.1012250377
1218,0.003600161076,0.02333942242,0.002635533399,0.04993890213,0.1013470856
1219,0.003600161076,0.02558956619,0.002635533399,0.04989382843,0.1005513074
1220,0.003600161076,0.02593984812,0.002635533399,0.04984879542,0.1014988536
1221,0.003600161076,0.02600169887,0.002635533399,0.04980380305,0.09825747375
1222,0.003600161076,0.02898433264,0.002635533399,0.04975885129,0.0984790605
1223,0.003600161076,0.02537230602,0.002635533399,0.04971394011,0.09483661465
1224,0.003600161076,0.02111147983,0.002635533399,0.04966906946,0.09372694975
1225,0.003600161076,0.0197804438,0.002635533399,0.0496242393,0.09319063794
1226,0.003600161076,0.02109648633,0.002635533399,0.04957944962,0.09277820967
1227,0.003600161076,0.0197051914,0.002635533399,0.04953470035,0.09378410147
1228,0.003600161076,0.02264267258,0.002635533399,0.04948999148,0.09528662056
1229,0.003600161076,0.02359056295,0.002635533399,0.04944532296,0.09661002833
1230,0.003600161076,0.02352016999,0.002635533399,0.04940069476,0.09675736681
1231,0.003600161076,0.02261393204,0.002635533399,0.04935610684,0.09762776249
1232,0.003600161076,0.02270706197,0.002635533399,0.04931155916,0.1019516375
1233,0.003577808337,0.02190564142,0.002502856678,0.04926705169,0.101465568
1234,0.003577808337,0.0208849956,0.002502856678,0.04922258439,0.100095498
1235,0.003577808337,0.02094640878,0.002502856678,0.04917815722,0.0976840627
1236,0.003577808337,0.02005513319,0.002502856678,0.04913377016,0.09723991977
1237,0.003565328053,0.02097799624,0.002478197053,0.04908942316,0.092806149
1238,0.003565328053,0.01882570491,0.002478197053,0.04904511618,0.09372310736
1239,0.003496952371,0.02224696661,0.001826375763,0.0490008492,0.09473029626
1240,0.003496952371,0.01797907334,0.001826375763,0.04895662216,0.09603254711
1241,0.003496952371,0.01648391322,0.001826375763,0.04891243505,0.09194245952
1242,0.003496952371,0.02190049651,0.001826375763,0.04886828782,0.09374872941
1243,0.003496952371,0.02106961272,0.001826375763,0.04882418044,0.09593002711
1244,0.003496952371,0.02390525942,0.001826375763,0.04878011286,0.09852174704
1245,0.003496952371,0.02226311366,0.001826375763,0.04873608506,0.1015348668
1246,0.003496952371,0.02013926273,0.001826375763,0.048692097,0.1047384274
1247,0.003496952371,0.02314419603,0.001826375763,0.04864814864,0.1089874441
1248,0.003496952371,0.02284841981,0.001826375763,0.04860423995,0.1133285474
1249,0.003496952371,0.02263041557,0.001826375763,0.04856037089,0.1142067311
1250,0.003496952371,0.01997988941,0.001826375763,0.04851654143,0.1128459826
1251,0.003354414636,0.02159607925,0.001803568638,0.04847275152,0.1117738963
1252,0.003354414636,0.02269797538,0.001803568638,0.04842900114,0.108544003
1253,0.003354414636,0.02348733815,0.001803568638,0.04838529024,0.1086663465
1254,0.003354414636,0.01834872108,0.001803568638,0.0483416188,0.109474429
1255,0.003354414636,0.02414765304,0.001803568638,0.04829798678,0.1086966205
1256,0.003354414636,0.0224647343,0.001803568638,0.04825439413,0.112979663
1257,0.003354414636,0.01987043458,0.001803568638,0.04821084084,0.1131987512
1258,0.003354414636,0.0208893354,0.001803568638,0.04816732685,0.1137701254
1259,0.003354414636,0.01908206392,0.001803568638,0.04812385213,0.1136237013
1260,0.003354414636,0.01673022146,0.001803568638,0.04808041666,0.112293753
1261,0.003354414636,0.01964457309,0.001803568638,0.04803702039,0.1155673142
1262,0.003354414636,0.01990386905,0.001803568638,0.04799366329,0.1189174841
1263,0.003354414636,0.02176872376,0.001803568638,0.04795034532,0.1221327298
1264,0.003354414636,0.02135665984,0.001803568638,0.04790706645,0.1232893789
1265,0.003354414636,0.02217178622,0.001803568638,0.04786382664,0.1253983827
1266,0.003354414636,0.02197472921,0.001803568638,0.04782062586,0.1249136105
1267,0.003354414636,0.0235751521,0.001803568638,0.04777746407,0.1257722662
1268,0.003354414636,0.02297198823,0.001803568638,0.04773434124,0.1237425502
1269,0.003354414636,0.02362727816,0.001803568638,0.04769125733,0.1228093856
1270,0.003354414636,0.02495913357,0.001803568638,0.04764821231,0.1251646877
1271,0.003354414636,0.02455777972,0.001803568638,0.04760520613,0.1250854267
1272,0.003354414636,0.02768162706,0.001803568638,0.04756223878,0.1249851276
1273,0.003354414636,0.0261586929,0.001803568638,0.0475193102,0.1276789585
1274,0.003354414636,0.02631652613,0.001803568638,0.04747642038,0.1345893935
1275,0.003354414636,0.02293712577,0.001803568638,0.04743356926,0.134227745
1276,0.003354414636,0.02155568881,0.001803568638,0.04739075682,0.1341375819
1277,0.003354414636,0.02380277164,0.001803568638,0.04734798302,0.1372904389
1278,0.003354414636,0.0237106003,0.001803568638,0.04730524783,0.1343848757
1279,0.003354414636,0.02408007394,0.001803568638,0.04726255121,0.1386505862
1280,0.003354414636,0.02339906398,0.001803568638,0.04721989312,0.1367737645
1281,0.003354414636,0.02224068848,0.001803568638,0.04717727354,0.1288019539
1282,0.003354414636,0.01949776248,0.001803568638,0.04713469243,0.121022253
1283,0.003354414636,0.01832699921,0.001803568638,0.04709214975,0.1165686727
1284,0.003354414636,0.01624617723,0.001803568638,0.04704964546,0.1118595473
1285,0.003354414636,0.01357423028,0.001803568638,0.04700717954,0.1059993102
1286,0.003354414636,0.01644469438,0.001803568638,0.04696475195,0.1029360296
1287,0.003354414636,0.01380551156,0.001803568638,0.04692236266,0.1016422641
1288,0.003354414636,0.01596516015,0.001803568638,0.04688001162,0.1024507314
1289,0.003250632544,0.01473930274,0.001702436736,0.04683769881,0.10318175
1290,0.003250632544,0.01628409192,0.001702436736,0.04679542419,0.1021965995
1291,0.003250632544,0.01678751719,0.001702436736,0.04675318772,0.1013006919
1292,0.003250632544,0.01721091054,0.001702436736,0.04671098938,0.1037893432
1293,0.003250632544,0.01541708085,0.001702436736,0.04666882912,0.1018628429
1294,0.003250632544,0.01661811868,0.001702436736,0.04662670692,0.09805504266
1295,0.003250632544,0.01793322795,0.001702436736,0.04658462273,0.09805357898
1296,0.003250632544,0.01916814169,0.001702436736,0.04654257653,0.1016202451
1297,0.003250632544,0.01961795079,0.001702436736,0.04650056828,0.1040236436
1298,0.003250632544,0.01792700186,0.001702436736,0.04645859794,0.1011090124
1299,0.003250632544,0.01785557805,0.001702436736,0.04641666549,0.1011462301
1300,0.003250632544,0.01725220277,0.001702436736,0.04637477088,0.1011958871
1301,0.003250632544,0.01764464525,0.001702436736,0.04633291409,0.1019528335
1302,0.003202496415,0.01757635785,0.00164794814,0.04629109507,0.1003461786
1303,0.003202496415,0.01666992087,0.00164794814,0.0462493138,0.09770326553
1304,0.003202496415,0.01663157606,0.00164794814,0.04620757025,0.0981329538
1305,0.003202496415,0.01621976979,0.00164794814,0.04616586436,0.09778138688
1306,0.003202496415,0.0181585315,0.00164794814,0.04612419612,0.09956777125
1307,0.003202496415,0.01663480075,0.00164794814,0.04608256549,0.1042215489
1308,0.003202496415,0.01740197706,0.00164794814,0.04604097244,0.1045306612
1309,0.003202496415,0.01535151986,0.00164794814,0.04599941692,0.1033197997
1310,0.003202496415,0.01486572308,0.00164794814,0.04595789892,0.1030061665
1311,0.003202496415,0.0140965002,0.00164794814,0.04591641838,0.1021111247
1312,0.003202496415,0.01498402073,0.00164794814,0.04587497529,0.09914771242
1313,0.003202496415,0.01487567553,0.00164794814,0.0458335696,0.09578526023
1314,0.003202496415,0.01699561369,0.00164794814,0.04579220128,0.09421244369
1315,0.003202496415,0.01589321066,0.00164794814,0.0457508703,0.09373812277
1316,0.003202496415,0.01556411905,0.00164794814,0.04570957662,0.09313492742
1317,0.003202496415,0.01394095586,0.00164794814,0.04566832022,0.09495705951
1318,0.003202496415,0.01499755486,0.00164794814,0.04562710105,0.09485776768
1319,0.003202496415,0.01638027467,0.00164794814,0.04558591909,0.0936189898
1320,0.003202496415,0.01660814263,0.00164794814,0.04554477429,0.09415482662
1321,0.003202496415,0.01506654803,0.00164794814,0.04550366663,0.08935523571
1322,0.003202496415,0.01542055326,0.00164794814,0.04546259608,0.09087001464
1323,0.003202496415,0.01539387709,0.00164794814,0.04542156259,0.09057436993
1324,0.003202496415,0.01703686984,0.00164794814,0.04538056614,0.09053476971
1325,0.003202496415,0.01573496985,0.00164794814,0.0453396067,0.09120063008
1326,0.003202496415,0.01508561254,0.00164794814,0.04529868422,0.09206760987
1327,0.003202496415,0.01619820606,0.00164794814,0.04525779868,0.09019500637
1328,0.003202496415,0.0144007212,0.00164794814,0.04521695003,0.08884714981
1329,0.003202496415,0.01378842468,0.00164794814,0.04517613826,0.08804987611
1330,0.003202496415,0.01270219103,0.00164794814,0.04513536333,0.08507641531
1331,0.003202496415,0.01144799005,0.00164794814,0.0450946252,0.08563097786
1332,0.003202496415,0.01527575082,0.00164794814,0.04505392383,0.08909855869
1333,0.003202496415,0.01413258678,0.00164794814,0.0450132592,0.09074549556
1334,0.003202496415,0.01452683252,0.00164794814,0.04497263128,0.09179435976
1335,0.003202496415,0.01619133802,0.00164794814,0.04493204002,0.09486234449
1336,0.003202496415,0.0153032041,0.00164794814,0.04489148541,0.09740029371
1337,0.003202496415,0.01485979246,0.00164794814,0.04485096739,0.0964246117
1338,0.003202496415,0.01713297763,0.00164794814,0.04481048595,0.09745020615
1339,0.003202496415,0.01540665265,0.00164794814,0.04477004104,0.09698057316
1340,0.003202496415,0.01641697125,0.00164794814,0.04472963264,0.09903006792
1341,0.003202496415,0.01494340586,0.00164794814,0.04468926071,0.1002430978
1342,0.003202496415,0.0163228237,0.00164794814,0.04464892522,0.1010099558
1343,0.003202496415,0.01775698027,0.00164794814,0.04460862613,0.1025753399
1344,0.003202496415,0.01756579917,0.00164794814,0.04456836342,0.0993734376
1345,0.003202496415,0.02107358247,0.00164794814,0.04452813705,0.1022073301
1346,0.003202496415,0.02149483635,0.00164794814,0.04448794698,0.1055304797
1347,0.003202496415,0.0187166482,0.00164794814,0.04444779319,0.1066550412
1348,0.003202496415,0.02034814851,0.00164794814,0.04440767565,0.10885307
1349,0.003202496415,0.01960605753,0.00164794814,0.04436759431,0.110436581
1350,0.003064967091,0.02011779084,0.001562399548,0.04432754914,0.1122144277
1351,0.003064967091,0.01877515392,0.001562399548,0.04428754013,0.109948714
1352,0.003064967091,0.01869919867,0.001562399548,0.04424756722,0.1093770247
1353,0.003064967091,0.01731981481,0.001562399548,0.04420763039,0.1098593858
1354,0.003064967091,0.01909600665,0.001562399548,0.04416772961,0.1101861631
1355,0.003064967091,0.01778707092,0.001562399548,0.04412786484,0.1121879843
1356,0.003064967091,0.01720758545,0.001562399548,0.04408803605,0.110032286
1357,0.003064967091,0.0180729322,0.001562399548,0.04404824321,0.1108314847
1358,0.003064967091,0.02140160962,0.001562399548,0.04400848629,0.1126305594
1359,0.003064967091,0.02254733919,0.001562399548,0.04396876525,0.1148683596
1360,0.003054777829,0.02124907892,0.001598429147,0.04392908006,0.1215015244
1361,0.003054777829,0.02057526267,0.001598429147,0.04388943069,0.1236909621
1362,0.003054777829,0.0207610764,0.001598429147,0.0438498171,0.1304137949
1363,0.003054777829,0.02230820941,0.001598429147,0.04381023928,0.1329644419
1364,0.003054777829,0.02286231079,0.001598429147,0.04377069717,0.1366322883
1365,0.003054777829,0.02422425394,0.001598429147,0.04373119075,0.1393746868
1366,0.002993982959,0.02443823729,0.001448409189,0.04369171999,0.1447985121
1367,0.002993982959,0.02470631775,0.001448409189,0.04365228486,0.1428753813
1368,0.002993982959,0.02501677062,0.001448409189,0.04361288532,0.1402227687
1369,0.002993982959,0.02601921607,0.001448409189,0.04357352134,0.1370535931
1370,0.002993982959,0.02342695243,0.001448409189,0.04353419289,0.1312214299
1371,0.002993982959,0.01914182142,0.001448409189,0.04349489993,0.131135607
1372,0.002993982959,0.02034542733,0.001448409189,0.04345564245,0.1278243934
1373,0.002993982959,0.02130418835,0.001448409189,0.04341642039,0.1241670357
1374,0.002993982959,0.01991260436,0.001448409189,0.04337723373,0.1208069174
1375,0.002993982959,0.02034572317,0.001448409189,0.04333808245,0.1205829515
1376,0.002993982959,0.01645256963,0.001448409189,0.0432989665,0.1196531365
1377,0.002993982959,0.01963992733,0.001448409189,0.04325988586,0.1148167216
1378,0.002993982959,0.01884932559,0.001448409189,0.04322084048,0.1121784512
1379,0.002993982959,0.016161971,0.001448409189,0.04318183036,0.1094438094
1380,0.002993982959,0.01755638884,0.001448409189,0.04314285544,0.1084002788
1381,0.002993982959,0.01756524918,0.001448409189,0.04310391569,0.1074900898
1382,0.002993982959,0.01899955433,0.001448409189,0.0430650111,0.1093680015
1383,0.002993982959,0.0153912387,0.001448409189,0.04302614162,0.1067044337
1384,0.002993982959,0.01801125161,0.001448409189,0.04298730722,0.1051585365
1385,0.002993982959,0.01567113344,0.001448409189,0.04294850787,0.1042371593
1386,0.002993982959,0.01599470856,0.001448409189,0.04290974354,0.1053550536
1387,0.002993982959,0.01532605634,0.001448409189,0.0428710142,0.107326412
1388,0.002993982959,0.01605883471,0.001448409189,0.04283231982,0.104584751
1389,0.002993982959,0.01549423272,0.001448409189,0.04279366036,0.106609314
1390,0.002993982959,0.01637812284,0.001448409189,0.04275503579,0.1051504421
1391,0.002993982959,0.01701826821,0.001448409189,0.04271644609,0.1069593973
1392,0.002993982959,0.01651864819,0.001448409189,0.04267789122,0.1105386077
1393,0.002993982959,0.0184850576,0.001448409189,0.04263937114,0.1139232868
1394,0.002993982959,0.01953449891,0.001448409189,0.04260088583,0.1150483759
1395,0.002993982959,0.01881684948,0.001448409189,0.04256243526,0.1163708632
1396,0.002993982959,0.01932106688,0.001448409189,0.04252401939,0.1185025008
1397,0.002993982959,0.01928901516,0.001448409189,0.0424856382,0.1231400265
1398,0.002993982959,0.01985925642,0.001448409189,0.04244729164,0.1222829306
1399,0.002993982959,0.01909888614,0.001448409189,0.0424089797,0.1216680394
1400,0.002993982959,0.01947025499,0.001448409189,0.04237070234,0.1225981665
1401,0.002993982959,0.02223915775,0.001448409189,0.04233245953,0.1183880767
1402,0.002967285169,0.02211304987,0.001520518011,0.04229425123,0.1178163204
1403,0.002967285169,0.02082235673,0.001520518011,0.04225607742,0.1137223138
1404,0.002967285169,0.01775210513,0.001520518011,0.04221793806,0.1140003685
1405,0.002967285169,0.01765259063,0.001520518011,0.04217983313,0.1161905856
1406,0.002967285169,0.01564216133,0.001520518011,0.04214176259,0.1162133096
1407,0.002967285169,0.01867537524,0.001520518011,0.04210372641,0.1162907726
1408,0.002967285169,0.01546202197,0.001520518011,0.04206572456,0.113728398
1409,0.002967285169,0.01590651307,0.001520518011,0.04202775702,0.1144472105
1410,0.002967285169,0.01616441645,0.001520518011,0.04198982374,0.1133196316
1411,0.002967285169,0.01857900723,0.001520518011,0.04195192469,0.1147977127
1412,0.002967285169,0.0178151986,0.001520518011,0.04191405986,0.1139394459
1413,0.002967285169,0.01729542231,0.001520518011,0.0418762292,0.1137167445
1414,0.002967285169,0.01722746437,0.001520518011,0.04183843269,0.1173721732
1415,0.002967285169,0.02007441796,0.001520518011,0.04180067029,0.1206766091
1416,0.002967285169,0.0181652064,0.001520518011,0.04176294197,0.1181045983
1417,0.002967285169,0.0173622433,0.001520518011,0.04172524771,0.1162867233
1418,0.002967285169,0.0178718928,0.001520518011,0.04168758746,0.1154815178
1419,0.002967285169,0.01730649657,0.001520518011,0.04164996121,0.1181772523
1420,0.002967285169,0.02016510697,0.001520518011,0.04161236892,0.1196287439
1421,0.002967285169,0.01735434848,0.001520518011,0.04157481056,0.1175855609
1422,0.002967285169,0.01530563301,0.001520518011,0.0415372861,0.1160246038
1423,0.002967285169,0.01705182468,0.001520518011,0.04149979551,0.116828957
1424,0.002967285169,0.01759197903,0.001520518011,0.04146233876,0.1250887922
1425,0.002967285169,0.01737872749,0.001520518011,0.04142491581,0.1304526807
1426,0.002967285169,0.01882740669,0.001520518011,0.04138752664,0.1321379588
1427,0.002967285169,0.01538835837,0.001520518011,0.04135017122,0.1330757856
1428,0.002967285169,0.01822788226,0.001520518011,0.04131284951,0.1355135467
1429,0.002967285169,0.02191551605,0.001520518011,0.04127556149,0.1333894009
1430,0.002967285169,0.02064731908,0.001520518011,0.04123830713,0.1323052338
1431,0.002967285169,0.02000738737,0.001520518011,0.04120108639,0.127524861
1432,0.002967285169,0.02051720842,0.001520518011,0.04116389924,0.1244992437
1433,0.002967285169,0.01747381368,0.001520518011,0.04112674566,0.1194002575
1434,0.002967285169,0.01835320266,0.001520518011,0.04108962561,0.121085522
1435,0.002967285169,0.01530091399,0.001520518011,0.04105253907,0.1205564278
1436,0.002967285169,0.0162128455,0.001520518011,0.041015486,0.1163706612
1437,0.002967285169,0.01762452286,0.001520518011,0.04097846637,0.1156243403
1438,0.002967285169,0.01418214674,0.001520518011,0.04094148016,0.1144402412
1439,0.002967285169,0.0162945157,0.001520518011,0.04090452732,0.1138813014
1440,0.002967285169,0.01640360347,0.001520518011,0.04086760785,0.1188265779
1441,0.002967285169,0.01675899051,0.001520518011,0.04083072169,0.1169276896
1442,0.002967285169,0.01533560919,0.001520518011,0.04079386883,0.1158196235
1443,0.002967285169,0.01509273247,0.001520518011,0.04075704923,0.113728892
1444,0.002967285169,0.01306375278,0.001520518011,0.04072026286,0.1118177231
1445,0.002967285169,0.0139868786,0.001520518011,0.04068350969,0.1087830824
1446,0.002967285169,0.01309668029,0.001520518011,0.0406467897,0.1033810172
1447,0.002967285169,0.01087395876,0.001520518011,0.04061010285,0.09247413645
1448,0.002883553409,0.01144118535,0.001321015711,0.04057344911,0.08587808096
1449,0.002883553409,0.01273711961,0.001321015711,0.04053682846,0.08684794169
1450,0.002883553409,0.01220248547,0.001321015711,0.04050024085,0.08394169099
1451,0.002883553409,0.01330833333,0.001321015711,0.04046368628,0.08561503863
1452,0.002883553409,0.01338130664,0.001321015711,0.04042716469,0.08011460815
1453,0.002883553409,0.01269098362,0.001321015711,0.04039067607,0.07995616076
1454,0.002883553409,0.01236266625,0.001321015711,0.04035422038,0.08069129617
1455,0.002883553409,0.0116405302,0.001321015711,0.04031779759,0.07943257365
1456,0.002862125288,0.01209405996,0.00120640902,0.04028140769,0.08423445046
1457,0.002862125288,0.01201385992,0.00120640902,0.04024505062,0.08185586841
1458,0.002862125288,0.01230898876,0.00120640902,0.04020872637,0.07942933054
1459,0.002862125288,0.01176361193,0.00120640902,0.04017243491,0.08156094276
1460,0.002862125288,0.01125593388,0.00120640902,0.0401361762,0.08421479582
1461,0.002862125288,0.01301144393,0.00120640902,0.04009995021,0.08380589011
1462,0.002862125288,0.01185943553,0.00120640902,0.04006375693,0.08420261294
1463,0.002862125288,0.01381433752,0.00120640902,0.04002759631,0.08288499445
1464,0.002862125288,0.0128857072,0.00120640902,0.03999146833,0.08433573666
1465,0.002862125288,0.01230590546,0.00120640902,0.03995537296,0.08494249197
1466,0.002862125288,0.01255555792,0.00120640902,0.03991931016,0.0860476031
1467,0.002862125288,0.01371111765,0.00120640902,0.03988327992,0.08467465808
1468,0.002862125288,0.01281657553,0.00120640902,0.03984728219,0.08366744833
1469,0.002862125288,0.0133728944,0.00120640902,0.03981131696,0.08293892595
1470,0.002862125288,0.01386892941,0.00120640902,0.03977538419,0.08296088439
1471,0.002813553697,0.01300238574,0.001228802178,0.03973948385,0.08049789467
1472,0.002813553697,0.01241583107,0.001228802178,0.03970361591,0.07974787123
1473,0.002813553697,0.01258593435,0.001228802178,0.03966778035,0.07710055821
1474,0.002813553697,0.01286572385,0.001228802178,0.03963197713,0.07838113043
1475,0.002813553697,0.01354928004,0.001228802178,0.03959620622,0.07956132877
1476,0.002813553697,0.01269135573,0.001228802178,0.03956046761,0.08056288413
1477,0.002813553697,0.01196089686,0.001228802178,0.03952476124,0.07896831298
1478,0.002813553697,0.01060166594,0.001228802178,0.03948908711,0.07876374473
1479,0.002813553697,0.01157617558,0.001228802178,0.03945344518,0.07845410522
1480,0.002813553697,0.01144116484,0.001228802178,0.03941783541,0.07477958891
1481,0.002813553697,0.01220504364,0.001228802178,0.03938225778,0.07550158397
1482,0.002813553697,0.01202532514,0.001228802178,0.03934671227,0.0741161256
1483,0.002813553697,0.01239919774,0.001228802178,0.03931119884,0.07497032287
1484,0.002813553697,0.01311693744,0.001228802178,0.03927571746,0.07549703722
1485,0.002813553697,0.01253531534,0.001228802178,0.03924026811,0.07744766741
1486,0.002813553697,0.01309331479,0.001228802178,0.03920485075,0.07805515293
1487,0.002813553697,0.01276220337,0.001228802178,0.03916946536,0.07994339762
1488,0.002813553697,0.01199654962,0.001228802178,0.03913411191,0.08069452256
1489,0.002813553697,0.01240258968,0.001228802178,0.03909879037,0.07938526076
1490,0.002813553697,0.01292660098,0.001228802178,0.03906350071,0.08027055417
1491,0.002813553697,0.014596425,0.001228802178,0.0390282429,0.08000174038
1492,0.002813553697,0.01246048796,0.001228802178,0.03899301691,0.07841798843
1493,0.002813553697,0.01434782762,0.001228802178,0.03895782272,0.07912320372
1494,0.002813553697,0.01418807181,0.001228802178,0.03892266029,0.07944681819
1495,0.002813553697,0.01291010418,0.001228802178,0.0388875296,0.07805939202
1496,0.002813553697,0.01346583457,0.001228802178,0.03885243061,0.07658434186
1497,0.002813553697,0.01231875301,0.001228802178,0.03881736331,0.07433003975
1498,0.002813553697,0.01122225771,0.001228802178,0.03878232766,0.07525032048
1499,0.002813553697,0.01072949552,0.001228802178,0.03874732363,0.07709698392
1500,0.002813553697,0.01265835274,0.001228802178,0.03871235119,0.07875182318
1501,0.002813553697,0.01334735827,0.001228802178,0.03867741032,0.07802117484
1502,0.002813553697,0.01379580425,0.001228802178,0.03864250099,0.07863032259
1503,0.002813553697,0.01372059862,0.001228802178,0.03860762316,0.07960788415
1504,0.002813553697,0.01362394012,0.001228802178,0.03857277681,0.08312720416
1505,0.002813553697,0.01383261491,0.001228802178,0.03853796192,0.08586242992
1506,0.002813553697,0.01364205085,0.001228802178,0.03850317845,0.08946828464
1507,0.002813553697,0.01617951353,0.001228802178,0.03846842637,0.09085955478
1508,0.002813553697,0.01525560494,0.001228802178,0.03843370566,0.09191140288
1509,0.002813553697,0.01607383027,0.001228802178,0.03839901629,0.09315449818
1510,0.002813553697,0.01704426634,0.001228802178,0.03836435823,0.09447091445
1511,0.002813553697,0.01616891428,0.001228802178,0.03832973145,0.09442945325
1512,0.002813553697,0.01592818057,0.001228802178,0.03829513592,0.09581025973
1513,0.002813553697,0.01398839804,0.001228802178,0.03826057162,0.09546978611
1514,0.002813553697,0.01409248933,0.001228802178,0.03822603851,0.09344409689
1515,0.002813553697,0.01360045475,0.001228802178,0.03819153657,0.09199752478
1516,0.002813553697,0.01565958947,0.001228802178,0.03815706578,0.09218830428
1517,0.002813553697,0.01437256505,0.001228802178,0.0381226261,0.09226785103
1518,0.002813553697,0.01410706432,0.001228802178,0.0380882175,0.09225528181
1519,0.002813553697,0.01694598249,0.001228802178,0.03805383995,0.09247903183
1520,0.002813553697,0.01383375318,0.001228802178,0.03801949344,0.09403083678
1521,0.002813553697,0.01452741586,0.001228802178,0.03798517793,0.0927418626
1522,0.002813553697,0.01244736789,0.001228802178,0.03795089338,0.08896934909
1523,0.002813553697,0.01303946195,0.001228802178,0.03791663979,0.08558382802
1524,0.002813553697,0.01070999313,0.001228802178,0.03788241711,0.08428714697
1525,0.002813553697,0.01094264399,0.001228802178,0.03784822532,0.08120566358
1526,0.002813553697,0.01088834976,0.001228802178,0.03781406438,0.08198154545
1527,0.002813553697,0.01152862661,0.001228802178,0.03777993429,0.08352158044
1528,0.002813553697,0.01199653791,0.001228802178,0.03774583499,0.08508255481
1529,0.002813553697,0.01207055406,0.001228802178,0.03771176648,0.0850536169
1530,0.002813553697,0.01280229971,0.001228802178,0.03767772871,0.08762803997
1531,0.002813553697,0.01201632995,0.001228802178,0.03764372167,0.08938646312
1532,0.002813553697,0.01479334493,0.001228802178,0.03760974531,0.09035874237
1533,0.002813553697,0.01569287285,0.001228802178,0.03757579963,0.09130563992
1534,0.002813553697,0.01330575858,0.001228802178,0.03754188458,0.091155626
1535,0.002813553697,0.01445577874,0.001228802178,0.03750800015,0.09065675662
1536,0.002813553697,0.01227913338,0.001228802178,0.0374741463,0.0927931871
1537,0.002813553697,0.01188926915,0.001228802178,0.037440323,0.09556587935
1538,0.002813553697,0.01378411435,0.001228802178,0.03740653023,0.09576497929
1539,0.002813553697,0.01317053743,0.001228802178,0.03737276797,0.09340957301
1540,0.002813553697,0.01234265986,0.001228802178,0.03733903617,0.09069334406
1541,0.002813553697,0.01231568599,0.001228802178,0.03730533482,0.08306364554
1542,0.002813553697,0.01156387144,0.001228802178,0.03727166389,0.08098600342
1543,0.002813553697,0.01150405698,0.001228802178,0.03723802335,0.08071591373
1544,0.002813553697,0.01269594878,0.001228802178,0.03720441317,0.07793538013
1545,0.002813553697,0.01137544774,0.001228802178,0.03717083333,0.07514265257
1546,0.002813553697,0.01205668743,0.001228802178,0.0371372838,0.07510385702
1547,0.002813553697,0.01308389217,0.001228802178,0.03710376455,0.07516609038
1548,0.002813553697,0.01315419826,0.001228802178,0.03707027555,0.07885141685
1549,0.002813553697,0.01162553166,0.001228802178,0.03703681678,0.07958706371
1550,0.002813553697,0.01221986631,0.001228802178,0.03700338821,0.07840893466
1551,0.002813553697,0.01323633755,0.001228802178,0.03696998981,0.07740107187
1552,0.002813553697,0.01214046164,0.001228802178,0.03693662155,0.07487710626
1553,0.002799318759,0.01204655739,0.001185743281,0.03690328341,0.07417251765
1554,0.002799318759,0.01177031747,0.001185743281,0.03686997536,0.07205856113
1555,0.002799318759,0.01157955774,0.001185743281,0.03683669738,0.06894614172
1556,0.002799318759,0.009844138819,0.001185743281,0.03680344943,0.06728175874
1557,0.002799318759,0.01003133685,0.001185743281,0.03677023149,0.0669582364
1558,0.002799318759,0.0100970748,0.001185743281,0.03673704353,0.06677609105
1559,0.002799318759,0.01001368329,0.001185743281,0.03670388552,0.06771790382
1560,0.002799318759,0.009813055638,0.001185743281,0.03667075745,0.06895856789
1561,0.002799318759,0.01050848988,0.001185743281,0.03663765927,0.06997122437
1562,0.002799318759,0.009685367551,0.001185743281,0.03660459097,0.0715490134
1563,0.002799318759,0.01074313131,0.001185743281,0.03657155251,0.07370594529
1564,0.002799318759,0.01042292123,0.001185743281,0.03653854388,0.07496710587
1565,0.002799318759,0.01082739658,0.001185743281,0.03650556503,0.07406782164
1566,0.002799318759,0.01072744515,0.001185743281,0.03647261596,0.07338256375
1567,0.002799318759,0.01074486494,0.001185743281,0.03643969662,0.07270923172
1568,0.002799318759,0.01103670283,0.001185743281,0.03640680699,0.07301215137
1569,0.002799318759,0.01183827778,0.001185743281,0.03637394705,0.07451677534
1570,0.002799318759,0.01020691681,0.001185743281,0.03634111677,0.07291439195
1571,0.002799318759,0.0117893796,0.001185743281,0.03630831612,0.07416146577
1572,0.002799318759,0.01111978586,0.001185743281,0.03627554508,0.07535945403
1573,0.002799318759,0.01190429607,0.001185743281,0.03624280361,0.07469534333
1574,0.002799318759,0.01184825572,0.001185743281,0.0362100917,0.07525588976
1575,0.002799318759,0.01033599135,0.001185743281,0.03617740931,0.07408583743
1576,0.002799318759,0.01188267739,0.001185743281,0.03614475641,0.0740194434
1577,0.002799318759,0.01218978802,0.001185743281,0.036112133,0.07367185298
1578,0.002799318759,0.01121598253,0.001185743281,0.03607953902,0.07714550379
1579,0.002799318759,0.01167373741,0.001185743281,0.03604697446,0.07690175396
1580,0.002799318759,0.01157773189,0.001185743281,0.0360144393,0.07965584142
1581,0.002799318759,0.01227789804,0.001185743281,0.0359819335,0.0834092254
1582,0.002799318759,0.01324715431,0.001185743281,0.03594945704,0.08434574392
1583,0.002799318759,0.01295674113,0.001185743281,0.0359170099,0.08731423967
1584,0.002799318759,0.01437822616,0.001185743281,0.03588459204,0.08779560051
1585,0.002799318759,0.01192974316,0.001185743281,0.03585220343,0.08719236784
1586,0.002799318759,0.01063132443,0.001185743281,0.03581984407,0.08350426853
1587,0.002799318759,0.0115439556,0.001185743281,0.03578751391,0.08255427374
1588,0.002799318759,0.01114003516,0.001185743281,0.03575521292,0.08129223819
1589,0.002799318759,0.01080516677,0.001185743281,0.0357229411,0.07995443523
1590,0.002799318759,0.009493452245,0.001185743281,0.0356906984,0.07764127319
1591,0.002799318759,0.01125410981,0.001185743281,0.0356584848,0.07807155753
1592,0.002799318759,0.01072071434,0.001185743281,0.03562630028,0.0773114193
1593,0.002799318759,0.01141324359,0.001185743281,0.03559414481,0.07788559811
1594,0.002799318759,0.01099693874,0.001185743281,0.03556201836,0.07976792294
1595,0.002799318759,0.01103581325,0.001185743281,0.0355299209,0.07677158994
1596,0.002799318759,0.01117266147,0.001185743281,0.03549785242,0.07507186258
1597,0.002799318759,0.01136099609,0.001185743281,0.03546581288,0.0740312397
1598,0.002799318759,0.0119282452,0.001185743281,0.03543380226,0.0724008456
1599,0.002799318759,0.01023394476,0.001185743281,0.03540182053,0.07199429297
1600,0.002799318759,0.01083582419,0.001185743281,0.03536986767,0.07258914037
1601,0.002799318759,0.01144339059,0.001185743281,0.03533794364,0.07272611584
1602,0.002799318759,0.0117580733,0.001185743281,0.03530604844,0.07241276905
1603,0.002799318759,0.01092563031,0.001185743281,0.03527418201,0.07035199834
1604,0.002799318759,0.01070527051,0.001185743281,0.03524234435,0.06954020543
1605,0.002799318759,0.0100981535,0.001185743281,0.03521053543,0.06842635683
1606,0.002799318759,0.01105358079,0.001185743281,0.03517875522,0.06680843087
1607,0.002799318759,0.01200951834,0.001185743281,0.03514700369,0.0661460224
1608,0.002799318759,0.01200765299,0.001185743281,0.03511528082,0.06635061198
1609,0.002799318759,0.01402301986,0.001185743281,0.03508358658,0.06768201174
1610,0.002758603478,0.012571195,0.001230472174,0.03505192095,0.06790327364
1611,0.002758603478,0.01106234344,0.001230472174,0.0350202839,0.06804427604
1612,0.002758603478,0.01277767262,0.001230472174,0.0349886754,0.07121592417
1613,0.002758603478,0.0116484728,0.001230472174,0.03495709543,0.07074340923
1614,0.002758603478,0.0107209041,0.001230472174,0.03492554397,0.070454394
1615,0.002753909168,0.01031062463,0.001279498783,0.03489402098,0.06926611046
1616,0.002753909168,0.0105658349,0.001279498783,0.03486252645,0.0689809134
1617,0.002753909168,0.01027259993,0.001279498783,0.03483106034,0.06844272726
1618,0.002753909168,0.01096360265,0.001279498783,0.03479962263,0.06861368942
1619,0.002753909168,0.01039284821,0.001279498783,0.0347682133,0.06974234227
1620,0.002753909168,0.01033700523,0.001279498783,0.03473683231,0.06862599458
1621,0.002753909168,0.01156846588,0.001279498783,0.03470547965,0.0700308123
1622,0.002753909168,0.01071947104,0.001279498783,0.03467415529,0.07066860473
1623,0.002753909168,0.01072831798,0.001279498783,0.0346428592,0.07343092423
1624,0.002753909168,0.01165396065,0.001279498783,0.03461159136,0.07554244592
1625,0.002753909168,0.01104666867,0.001279498783,0.03458035174,0.07577913033
1626,0.002753909168,0.01224056903,0.001279498783,0.03454914031,0.07597248255
1627,0.002753909168,0.01159287769,0.001279498783,0.03451795706,0.07379612801
1628,0.002753909168,0.01038287257,0.001279498783,0.03448680195,0.07358368368
1629,0.002753909168,0.009636174235,0.001279498783,0.03445567496,0.0709677318
1630,0.002753909168,0.008674805671,0.001279498783,0.03442457607,0.06785322882
1631,0.002753909168,0.009241870698,0.001279498783,0.03439350525,0.06660155195
1632,0.002753909168,0.01005867274,0.001279498783,0.03436246247,0.06641755184
1633,0.002753909168,0.008682676843,0.001279498783,0.0343314477,0.06409803453
1634,0.002753909168,0.009354001347,0.001279498783,0.03430046093,0.06224405568
1635,0.002753909168,0.008842168493,0.001279498783,0.03426950213,0.05967352259
1636,0.002753909168,0.008775160197,0.001279498783,0.03423857127,0.05884578174
1637,0.002753909168,0.00933553416,0.001279498783,0.03420766833,0.05825397272
1638,0.002753909168,0.008879065659,0.001279498783,0.03417679328,0.05866806973
1639,0.002753909168,0.008336895618,0.001279498783,0.0341459461,0.05932647163
1640,0.002753909168,0.00816476871,0.001279498783,0.03411512676,0.05920079554
1641,0.002753909168,0.007794377039,0.001279498783,0.03408433524,0.05930191096
1642,0.002753909168,0.008054730438,0.001279498783,0.03405357151,0.05991543808
1643,0.002753909168,0.008209465645,0.001279498783,0.03402283554,0.06054751127
1644,0.002736797344,0.008034605002,0.001091323738,0.03399212732,0.06120395698
1645,0.002736797344,0.007860094666,0.001091323738,0.03396144682,0.06013346419
1646,0.002736797344,0.008277187689,0.001091323738,0.033930794,0.06157033784
1647,0.002736797344,0.008591244192,0.001091323738,0.03390016885,0.0646275942
1648,0.002736797344,0.009418548149,0.001091323738,0.03386957135,0.06343829399
1649,0.002736797344,0.009124298019,0.001091323738,0.03383900145,0.06193306139
1650,0.002736797344,0.008125900421,0.001091323738,0.03380845916,0.06146528099
1651,0.002736797344,0.008050183602,0.001091323738,0.03377794442,0.06227153788
1652,0.002736797344,0.008917723239,0.001091323738,0.03374745723,0.06356245512
1653,0.002736797344,0.008659409728,0.001091323738,0.03371699756,0.06461655989
1654,0.002736797344,0.0103055774,0.001091323738,0.03368656538,0.06890466049
1655,0.002736797344,0.009905370099,0.001091323738,0.03365616067,0.07030668546
1656,0.002736797344,0.01055769576,0.001091323738,0.0336257834,0.07192881814
1657,0.002736797344,0.01082047986,0.001091323738,0.03359543354,0.07518469207
1658,0.002736797344,0.01001638137,0.001091323738,0.03356511108,0.07821596186
1659,0.002736797344,0.01113643636,0.001091323738,0.03353481599,0.08029030996
1660,0.002679419316,0.01146076933,0.001069512242,0.03350454824,0.07877991296
1661,0.002679419316,0.01025427341,0.001069512242,0.03347430782,0.07735824853
1662,0.002679419316,0.01047971489,0.001069512242,0.03344409468,0.07723628966
1663,0.002679419316,0.00969651836,0.001069512242,0.03341390882,0.07808204808
1664,0.002679419316,0.01073840544,0.001069512242,0.0333837502,0.0783934769
1665,0.002679419316,0.00898694125,0.001069512242,0.0333536188,0.07673743692
1666,0.002679419316,0.01039355329,0.001069512242,0.03332351459,0.07569401963
1667,0.002679419316,0.01254020704,0.001069512242,0.03329343756,0.07633236114
1668,0.002679419316,0.01073661929,0.001069512242,0.03326338768,0.07662814657
1669,0.002679419316,0.01041804945,0.001069512242,0.03323336491,0.07589128237
1670,0.002679419316,0.01048283647,0.001069512242,0.03320336925,0.07185861412
1671,0.002679419316,0.009765899498,0.001069512242,0.03317340066,0.0715945906
1672,0.002679419316,0.009734023269,0.001069512242,0.03314345911,0.07059428243
1673,0.002679419316,0.009412750327,0.001069512242,0.0331135446,0.06821326014
1674,0.002679419316,0.009618689781,0.001069512242,0.03308365708,0.0675907985
1675,0.002679419316,0.009558289727,0.001069512242,0.03305379654,0.06820026261
1676,0.002679419316,0.009919937862,0.001069512242,0.03302396295,0.070492292
1677,0.002679419316,0.009846678823,0.001069512242,0.03299415628,0.0705845552
1678,0.002674587377,0.01006893343,0.00109014691,0.03296437652,0.06905131351
1679,0.002674587377,0.009425269362,0.00109014691,0.03293462364,0.06892541826
1680,0.002674587377,0.009701858809,0.00109014691,0.03290489761,0.06833302666
1681,0.002674587377,0.009321180494,0.00109014691,0.03287519841,0.0685479093
1682,0.002674587377,0.008936409308,0.00109014691,0.03284552602,0.06836734825
1683,0.002674587377,0.008907651515,0.00109014691,0.03281588041,0.06878254877
1684,0.002674587377,0.008657990247,0.00109014691,0.03278626156,0.06970892399
1685,0.002674587377,0.008123138051,0.00109014691,0.03275666944,0.06868705195
1686,0.002674587377,0.008949344135,0.00109014691,0.03272710402,0.06977751739
1687,0.002674587377,0.009922119868,0.00109014691,0.0326975653,0.06996784553
1688,0.002674587377,0.008876898937,0.00109014691,0.03266805323,0.06945384586
1689,0.002674587377,0.009255849432,0.00109014691,0.03263856781,0.07037874393
1690,0.002674587377,0.009894290783,0.00109014691,0.03260910899,0.07338426759
1691,0.002674587377,0.01089881502,0.00109014691,0.03257967677,0.07366070652
1692,0.002674587377,0.01042080188,0.00109014691,0.0325502711,0.07459910499
1693,0.002674587377,0.008990170103,0.00109014691,0.03252089198,0.07372801193
1694,0.002674587377,0.01022363652,0.00109014691,0.03249153938,0.07621239974
1695,0.002674587377,0.01072720533,0.00109014691,0.03246221327,0.0781129689
1696,0.002674587377,0.00984387191,0.00109014691,0.03243291363,0.07900214892
1697,0.002674587377,0.009870740212,0.00109014691,0.03240364043,0.07883259781
1698,0.002674587377,0.008854328517,0.00109014691,0.03237439366,0.07667493299
1699,0.002674587377,0.009556873416,0.00109014691,0.03234517328,0.07248390909
1700,0.002674587377,0.008432269192,0.00109014691,0.03231597928,0.07137781114
1701,0.002674587377,0.00915010444,0.00109014691,0.03228681162,0.07120923152
1702,0.002674587377,0.009432718239,0.00109014691,0.03225767029,0.070309455
1703,0.002674587377,0.008782944823,0.00109014691,0.03222855527,0.07087911535
1704,0.002674587377,0.00984589108,0.00109014691,0.03219946652,0.07342337813
1705,0.002674587377,0.008751892111,0.00109014691,0.03217040403,0.07515129008
1706,0.002674587377,0.01051411667,0.00109014691,0.03214136777,0.07407770977
1707,0.002674587377,0.01000370503,0.00109014691,0.03211235771,0.0752433359
1708,0.002674587377,0.009582838485,0.00109014691,0.03208337384,0.07555633495
1709,0.002674587377,0.009140350719,0.00109014691,0.03205441613,0.07658467896
1710,0.002674587377,0.009336403786,0.00109014691,0.03202548456,0.07856801038
1711,0.002674587377,0.0100546304,0.00109014691,0.0319965791,0.07841307326
1712,0.002674587377,0.009680295895,0.00109014691,0.03196769973,0.07718575042
1713,0.002674587377,0.009435650275,0.00109014691,0.03193884642,0.07520900542
1714,0.002674587377,0.009014111487,0.00109014691,0.03191001916,0.07575392517
1715,0.002674587377,0.00942404731,0.00109014691,0.03188121792,0.07305457782
1716,0.002674587377,0.009314065688,0.00109014691,0.03185244267,0.07121487657
1717,0.002674587377,0.009419821684,0.00109014691,0.03182369339,0.07171416089
1718,0.002674587377,0.00894098658,0.00109014691,0.03179497006,0.06998481801
1719,0.002674587377,0.008495091561,0.00109014691,0.03176627266,0.06857741843
1720,0.002674587377,0.009872556117,0.00109014691,0.03173760116,0.06943176178
1721,0.002674587377,0.009140480123,0.00109014691,0.03170895554,0.06708612647
1722,0.002674587377,0.009473118535,0.00109014691,0.03168033577,0.0674163025
1723,0.002674587377,0.009197418147,0.00109014691,0.03165174183,0.06910479108
1724,0.002674587377,0.009570382736,0.00109014691,0.0316231737,0.06952307023
1725,0.002674587377,0.01023193607,0.00109014691,0.03159463136,0.07036297926
1726,0.002635745483,0.01070706805,0.001065665259,0.03156611478,0.069358783
1727,0.002635745483,0.01121570837,0.001065665259,0.03153762393,0.06818492122
1728,0.002635745483,0.009568206899,0.001065665259,0.0315091588,0.06835446505
1729,0.002635745483,0.009343721009,0.001065665259,0.03148071937,0.06680879988
1730,0.002635745483,0.00905266016,0.001065665259,0.0314523056,0.06559300703
1731,0.002635745483,0.009126551213,0.001065665259,0.03142391748,0.06578028895
1732,0.002635745483,0.009258374572,0.001065665259,0.03139555498,0.06468216643
1733,0.002635745483,0.007875821049,0.001065665259,0.03136721808,0.06460660157
1734,0.002635745483,0.008441713874,0.001065665259,0.03133890675,0.06382371241
1735,0.002635745483,0.008387175068,0.001065665259,0.03131062098,0.06260833369
1736,0.002635745483,0.008850474243,0.001065665259,0.03128236074,0.0621862439
1737,0.002635745483,0.008054251959,0.001065665259,0.03125412601,0.06151238218
1738,0.002635745483,0.00828542536,0.001065665259,0.03122591676,0.0645636036
1739,0.002635745483,0.008810750182,0.001065665259,0.03119773297,0.06603696718
1740,0.002635745483,0.008938153926,0.001065665259,0.03116957462,0.06769281192
1741,0.002635745483,0.009132698367,0.001065665259,0.03114144168,0.06935311792
1742,0.002635745483,0.009459921816,0.001065665259,0.03111333414,0.07064782698
1743,0.002635745483,0.009571405721,0.001065665259,0.03108525196,0.07367028699
1744,0.002635745483,0.009279066458,0.001065665259,0.03105719514,0.07552284481
1745,0.002635745483,0.0104865544,0.001065665259,0.03102916363,0.0775763524
1746,0.002635745483,0.01090228546,0.001065665259,0.03100115743,0.08185376196
1747,0.002635745483,0.009640444727,0.001065665259,0.0309731765,0.08289093418
1748,0.002635745483,0.01126509765,0.001065665259,0.03094522083,0.08502936042
1749,0.002635745483,0.01185739285,0.001065665259,0.03091729039,0.08744966743
1750,0.002635745483,0.01073663249,0.001065665259,0.03088938516,0.08541559884
1751,0.002616965698,0.01011041497,0.001207832934,0.03086150512,0.0850875524
1752,0.002616965698,0.009762382092,0.001207832934,0.03083365024,0.08364423397
1753,0.002616965698,0.008883452865,0.001207832934,0.0308058205,0.08125019543
1754,0.002616965698,0.009127861354,0.001207832934,0.03077801588,0.07922599535
1755,0.002616965698,0.009909659237,0.001207832934,0.03075023636,0.07951296382
1756,0.002616965698,0.009431790183,0.001207832934,0.0307224819,0.08053163476
1757,0.002616965698,0.009822435604,0.001207832934,0.0306947525,0.08163293488
1758,0.002616965698,0.0103702882,0.001207832934,0.03066704813,0.08619806037
1759,0.002616965698,0.01047672766,0.001207832934,0.03063936877,0.08830681814
1760,0.002616965698,0.01034044933,0.001207832934,0.03061171438,0.09116655123
1761,0.002616965698,0.009323793999,0.001207832934,0.03058408496,0.08835420413
1762,0.002616965698,0.009540479565,0.001207832934,0.03055648047,0.08820118417
1763,0.002616965698,0.01005201742,0.001207832934,0.0305289009,0.09020384023
1764,0.002616965698,0.01160173253,0.001207832934,0.03050134622,0.09074519515
1765,0.002616965698,0.01140322026,0.001207832934,0.03047381641,0.08937858157
1766,0.002616965698,0.01121495415,0.001207832934,0.03044631145,0.09042536174
1767,0.002571035197,0.01181983744,0.001135578559,0.03041883132,0.08994205522
1768,0.002571035197,0.01172692187,0.001135578559,0.03039137598,0.09068652212
1769,0.002571035197,0.01014547566,0.001135578559,0.03036394543,0.08851055614
1770,0.002571035197,0.009980904912,0.001135578559,0.03033653964,0.089223169
1771,0.002571035197,0.01200281597,0.001135578559,0.03030915858,0.09021471361
1772,0.002571035197,0.01108010155,0.001135578559,0.03028180224,0.09206152672
1773,0.002571035197,0.01245487068,0.001135578559,0.03025447058,0.0941075276
1774,0.002571035197,0.01223304703,0.001135578559,0.0302271636,0.09522090166
1775,0.002571035197,0.01321751014,0.001135578559,0.03019988126,0.09691317364
1776,0.002571035197,0.01240233785,0.001135578559,0.03017262355,0.09681276191
1777,0.002571035197,0.01171639644,0.001135578559,0.03014539044,0.09745640269
1778,0.002571035197,0.01224494913,0.001135578559,0.03011818191,0.09516867221
1779,0.002571035197,0.01245979371,0.001135578559,0.03009099793,0.09702116952
1780,0.002571035197,0.01181908688,0.001135578559,0.0300638385,0.09406249052
1781,0.002519083491,0.0121115554,0.001107209672,0.03003670357,0.09539559945
1782,0.002519083491,0.0130635508,0.001107209672,0.03000959314,0.0902824634
1783,0.002519083491,0.01087679293,0.001107209672,0.02998250718,0.08543342482
1784,0.002519083491,0.01073818736,0.001107209672,0.02995544566,0.08108281817
1785,0.002519083491,0.008888501789,0.001107209672,0.02992840857,0.07671217434
1786,0.002519083491,0.008833965575,0.001107209672,0.02990139588,0.07392651151
1787,0.002519083491,0.009575839427,0.001107209672,0.02987440758,0.07111321128
1788,0.002519083491,0.008175910891,0.001107209672,0.02984744363,0.07140653117
1789,0.002519083491,0.008197024436,0.001107209672,0.02982050402,0.07131227554
1790,0.002519083491,0.008674054118,0.001107209672,0.02979358872,0.06979301313
1791,0.002519083491,0.009562931942,0.001107209672,0.02976669772,0.069360041
1792,0.002519083491,0.008111362597,0.001107209672,0.02973983099,0.066110845
1793,0.002519083491,0.008058874658,0.001107209672,0.0297129885,0.06453544979
1794,0.002519083491,0.008075945455,0.001107209672,0.02968617025,0.06191050408
1795,0.002519083491,0.008290526493,0.001107209672,0.0296593762,0.06132977638
1796,0.002519083491,0.00922511909,0.001107209672,0.02963260633,0.06152314832
1797,0.002519083491,0.00852872097,0.001107209672,0.02960586063,0.06140102248
1798,0.002519083491,0.009640769432,0.001107209672,0.02957913907,0.06525086687
1799,0.002516728195,0.008127132943,0.001126981099,0.02955244162,0.06579644446
1800,0.002516728195,0.008615866808,0.001126981099,0.02952576827,0.06672240795
1801,0.002516728195,0.00867960402,0.001126981099,0.029499119,0.06431708889
1802,0.002516728195,0.007976944807,0.001126981099,0.02947249378,0.06142038597
1803,0.002516728195,0.007229557496,0.001126981099,0.02944589259,0.06143083129
1804,0.002516728195,0.007239803619,0.001126981099,0.02941931541,0.06137216202
1805,0.002516728195,0.007925786724,0.001126981099,0.02939276221,0.06170089361
1806,0.002516728195,0.008251811593,0.001126981099,0.02936623299,0.0627197364
1807,0.002516728195,0.009672551857,0.001126981099,0.02933972771,0.06108113343
1808,0.002516728195,0.008933375006,0.001126981099,0.02931324635,0.0643098926
1809,0.002516728195,0.01007615841,0.001126981099,0.02928678889,0.06585072689
1810,0.002516728195,0.009330081681,0.001126981099,0.02926035531,0.06491531173
1811,0.002516728195,0.008591845905,0.001126981099,0.0292339456,0.0656230103
1812,0.002516728195,0.01033402345,0.001126981099,0.02920755971,0.06859912373
1813,0.002516728195,0.009993932483,0.001126981099,0.02918119765,0.07186625448
1814,0.002516728195,0.009603245102,0.001126981099,0.02915485937,0.07163285529
1815,0.002516728195,0.0102156741,0.001126981099,0.02912854487,0.0717294444
1816,0.002516728195,0.0099682947,0.001126981099,0.02910225412,0.07017683424
1817,0.002516728195,0.009329901554,0.001126981099,0.0290759871,0.06836781437
1818,0.002516728195,0.008579495752,0.001126981099,0.02904974379,0.06798502427
1819,0.002516728195,0.009249159677,0.001126981099,0.02902352417,0.06719167155
1820,0.002516728195,0.00940289178,0.001126981099,0.02899732821,0.06522130463
1821,0.002516728195,0.009199157676,0.001126981099,0.02897115589,0.06445777948
1822,0.002513799679,0.008922250799,0.001162303359,0.02894500719,0.06419840387
1823,0.002513799679,0.009205832338,0.001162303359,0.0289188821,0.06406247641
1824,0.002513799679,0.008208392053,0.001162303359,0.02889278059,0.06601242451
1825,0.002513799679,0.00815477226,0.001162303359,0.02886670264,0.06351763957
1826,0.002513799679,0.007994484301,0.001162303359,0.02884064822,0.06265698476
1827,0.002513799679,0.007847371271,0.001162303359,0.02881461732,0.06355374399
1828,0.002513799679,0.009059862301,0.001162303359,0.02878860991,0.06324845809
1829,0.002513799679,0.007949817499,0.001162303359,0.02876262598,0.06102769679
1830,0.002513799679,0.007545128541,0.001162303359,0.0287366655,0.05891803086
1831,0.002513799679,0.00778120396,0.001162303359,0.02871072845,0.05801106599
1832,0.002513799679,0.00683002641,0.001162303359,0.02868481481,0.05613074465
1833,0.002513799679,0.007005185875,0.001162303359,0.02865892456,0.054191067
1834,0.002513799679,0.006643759142,0.001162303359,0.02863305768,0.05371630125
1835,0.002513799679,0.006784979346,0.001162303359,0.02860721415,0.05474608546
1836,0.002513799679,0.008243753782,0.001162303359,0.02858139394,0.05582478708
1837,0.002513799679,0.009025077707,0.001162303359,0.02855559704,0.05807387065
1838,0.002513799679,0.008768312265,0.001162303359,0.02852982342,0.0595815657
1839,0.002513799679,0.007871952656,0.001162303359,0.02850407306,0.06108047532
1840,0.002513799679,0.008050522286,0.001162303359,0.02847834594,0.0608626336
1841,0.002496930924,0.008157529119,0.001083673887,0.02845264205,0.06259505533
1842,0.002496930924,0.008746151735,0.001083673887,0.02842696135,0.06320617962
1843,0.002496930924,0.009779753733,0.001083673887,0.02840130384,0.06464318259
1844,0.002496930924,0.009226578865,0.001083673887,0.02837566948,0.06401987543
1845,0.002496930924,0.009020657955,0.001083673887,0.02835005825,0.06205554074
1846,0.002496930924,0.00840845952,0.001083673887,0.02832447015,0.05988181967
1847,0.002496930924,0.009182234748,0.001083673887,0.02829890514,0.05852684514
1848,0.002496930924,0.007921126725,0.001083673887,0.0282733632,0.05812283547
1849,0.002496930924,0.008392304681,0.001083673887,0.02824784432,0.05669603962
1850,0.002496930924,0.007813673421,0.001083673887,0.02822234847,0.05615043945
1851,0.002496930924,0.008386611313,0.001083673887,0.02819687563,0.0569354699
1852,0.002496930924,0.008295563281,0.001083673887,0.02817142579,0.0575009714
1853,0.002496930924,0.00846024139,0.001083673887,0.02814599891,0.05666633388
1854,0.002496930924,0.007949275505,0.001083673887,0.02812059498,0.05689760774
1855,0.002496930924,0.008103327435,0.001083673887,0.02809521399,0.05645743008
1856,0.002496930924,0.009358851234,0.001083673887,0.0280698559,0.05903489749
1857,0.002496930924,0.008685547235,0.001083673887,0.0280445207,0.06058599345
1858,0.002496930924,0.009245240231,0.001083673887,0.02801920836,0.06089609635
1859,0.002496930924,0.01045045264,0.001083673887,0.02799391887,0.06176249122
1860,0.002496930924,0.01000695895,0.001083673887,0.02796865221,0.06408911327
1861,0.002496930924,0.01048984611,0.001083673887,0.02794340835,0.06571915069
1862,0.002496930924,0.009085508885,0.001083673887,0.02791818728,0.06657566913
1863,0.002496930924,0.009642121708,0.001083673887,0.02789298897,0.06825132906
1864,0.002496930924,0.009830123413,0.001083673887,0.02786781341,0.06770089051
1865,0.002496930924,0.009113829204,0.001083673887,0.02784266056,0.06876164921
1866,0.002496930924,0.008632201518,0.001083673887,0.02781753042,0.06668063461
1867,0.002496930924,0.008926354269,0.001083673887,0.02779242296,0.06903115481
1868,0.002496930924,0.009999790395,0.001083673887,0.02776733817,0.06902268024
1869,0.002496930924,0.01023288125,0.001083673887,0.02774227601,0.07142110686
1870,0.002496930924,0.009980022404,0.001083673887,0.02771723648,0.07240825409
1871,0.002496930924,0.01038771164,0.001083673887,0.02769221954,0.07144716111
1872,0.002496930924,0.009545264785,0.001083673887,0.02766722519,0.07047758235
1873,0.002496930924,0.008282577017,0.001083673887,0.02764225339,0.06981321653
1874,0.002496930924,0.008173241837,0.001083673887,0.02761730413,0.07028015482
1875,0.002471560591,0.008123288713,0.001128133528,0.02759237739,0.07007422715
1876,0.002471560591,0.00802178465,0.001128133528,0.02756747315,0.07241673342
1877,0.002471560591,0.008645052849,0.001128133528,0.02754259139,0.07075894899
1878,0.002471560591,0.007956775783,0.001128133528,0.02751773209,0.06735291473
1879,0.002471560591,0.00786864582,0.001128133528,0.02749289522,0.06709736276
1880,0.002471560591,0.00736387624,0.001128133528,0.02746808077,0.06552711829
1881,0.002471560591,0.00749030726,0.001128133528,0.02744328871,0.06468339265
1882,0.002471560591,0.008107758412,0.001128133528,0.02741851904,0.06360061498
1883,0.002471560591,0.007943223638,0.001128133528,0.02739377172,0.06288299343
1884,0.002471560591,0.00775927187,0.001128133528,0.02736904673,0.06286436628
1885,0.002471560591,0.007662907048,0.001128133528,0.02734434407,0.06459957061
1886,0.002471560591,0.008147379999,0.001128133528,0.0273196637,0.06646295077
1887,0.002471560591,0.008005379855,0.001128133528,0.0272950056,0.06792754697
1888,0.002471560591,0.009117055511,0.001128133528,0.02727036976,0.06713854045
1889,0.002471560591,0.008886054463,0.001128133528,0.02724575616,0.06517517367
1890,0.002471560591,0.008662057778,0.001128133528,0.02722116477,0.06571066865
1891,0.002471560591,0.007744251888,0.001128133528,0.02719659558,0.06845023367
1892,0.002471560591,0.007399542391,0.001128133528,0.02717204856,0.06565664304
1893,0.002471560591,0.007729406653,0.001128133528,0.0271475237,0.06502729012
1894,0.002471560591,0.008977707461,0.001128133528,0.02712302097,0.06510952617
1895,0.002471560591,0.008493079128,0.001128133528,0.02709854036,0.06474346555
1896,0.002471560591,0.008571135549,0.001128133528,0.02707408185,0.06418722856
1897,0.002388897915,0.007457835472,0.001074408018,0.02704964541,0.06252119974
1898,0.002388897915,0.007031559292,0.001074408018,0.02702523103,0.05970833678
1899,0.002388897915,0.007112290278,0.001074408018,0.02700083868,0.06101532866
1900,0.002388897915,0.007620591754,0.001074408018,0.02697646835,0.05841764675
1901,0.002388897915,0.006992228762,0.001074408018,0.02695212001,0.05787186728
1902,0.002388897915,0.007556747299,0.001074408018,0.02692779365,0.05617667049
1903,0.002388897915,0.007303271256,0.001074408018,0.02690348925,0.05381239233
1904,0.002388897915,0.00777641235,0.001074408018,0.02687920678,0.05563084812
1905,0.002388897915,0.006788756027,0.001074408018,0.02685494623,0.05579034509
1906,0.002388897915,0.007650918276,0.001074408018,0.02683070758,0.05819293063
1907,0.002388897915,0.007750844153,0.001074408018,0.02680649081,0.05906079633
1908,0.002388897915,0.007511711841,0.001074408018,0.02678229589,0.06112482789
1909,0.002388897915,0.00843456585,0.001074408018,0.02675812281,0.06228660013
1910,0.002388897915,0.008417897042,0.001074408018,0.02673397155,0.06425773197
1911,0.002388897915,0.008650067275,0.001074408018,0.02670984209,0.06519842623
1912,0.002388897915,0.009418025441,0.001074408018,0.0266857344,0.06582905648
1913,0.002382044562,0.009099374448,0.001144194891,0.02666164848,0.06899595587
1914,0.002382044562,0.008151037161,0.001144194891,0.02663758429,0.06959654168
1915,0.002382044562,0.008855696566,0.001144194891,0.02661354182,0.07054184736
1916,0.002382044562,0.00831666071,0.001144194891,0.02658952106,0.07085032434
1917,0.002382044562,0.00845739478,0.001144194891,0.02656552197,0.07063088995
1918,0.002382044562,0.008688792821,0.001144194891,0.02654154455,0.07037461417
1919,0.002382044562,0.008000858205,0.001144194891,0.02651758876,0.06787294373
1920,0.002382044562,0.008347908717,0.001144194891,0.0264936546,0.06679864538
1921,0.002382044562,0.008241587294,0.001144194891,0.02646974204,0.06796481454
1922,0.002382044562,0.008557440654,0.001144194891,0.02644585107,0.06882032308
1923,0.002382044562,0.009059069984,0.001144194891,0.02642198166,0.06886181652
1924,0.002382044562,0.008653873922,0.001144194891,0.02639813379,0.07191008595
1925,0.002382044562,0.008911331729,0.001144194891,0.02637430744,0.07456580323
1926,0.002382044562,0.009208348541,0.001144194891,0.02635050261,0.07785101177
1927,0.002382044562,0.009490184859,0.001144194891,0.02632671925,0.0790869511
1928,0.002382044562,0.008758410136,0.001144194891,0.02630295737,0.07935209196
1929,0.002382044562,0.008932170815,0.001144194891,0.02627921693,0.07811162591
1930,0.002382044562,0.009067859652,0.001144194891,0.02625549791,0.0747866191
1931,0.002382044562,0.008067245304,0.001144194891,0.02623180031,0.07597606958
1932,0.002382044562,0.009194391065,0.001144194891,0.02620812409,0.07751311402
1933,0.002382044562,0.009338216305,0.001144194891,0.02618446925,0.07756311587
1934,0.002382044562,0.01028735701,0.001144194891,0.02616083575,0.07974212357
1935,0.002382044562,0.009052321782,0.001144194891,0.02613722359,0.08085903024
1936,0.002382044562,0.01033513931,0.001144194891,0.02611363274,0.07834084783
1937,0.002382044562,0.008894627284,0.001144194891,0.02609006318,0.07913221737
1938,0.002382044562,0.01044894788,0.001144194891,0.02606651489,0.08069787774
1939,0.002382044562,0.01043062382,0.001144194891,0.02604298786,0.08208267174
1940,0.002382044562,0.01017443791,0.001144194891,0.02601948206,0.08000803383
1941,0.002382044562,0.009736434819,0.001144194891,0.02599599748,0.07924895677
1942,0.002382044562,0.01038810398,0.001144194891,0.02597253409,0.07926843387
1943,0.002382044562,0.009408842629,0.001144194891,0.02594909189,0.07495414067
1944,0.002382044562,0.009566971415,0.001144194891,0.02592567084,0.0717373893
1945,0.002382044562,0.008896608704,0.001144194891,0.02590227093,0.07140396758
1946,0.002382044562,0.009481788035,0.001144194891,0.02587889214,0.07109677977
1947,0.002382044562,0.01000238364,0.001144194891,0.02585553445,0.07026327424
1948,0.002382044562,0.009804830711,0.001144194891,0.02583219784,0.0712180551
1949,0.002382044562,0.01037210798,0.001144194891,0.0258088823,0.07263103542
1950,0.002382044562,0.01054149122,0.001144194891,0.0257855878,0.07346783157
1951,0.002382044562,0.01073336949,0.001144194891,0.02576231433,0.07210860647
1952,0.002382044562,0.01108326732,0.001144194891,0.02573906186,0.0727361313
1953,0.002382044562,0.01043127259,0.001144194891,0.02571583038,0.07428601394
1954,0.002382044562,0.009414261794,0.001144194891,0.02569261987,0.07312877301
1955,0.002382044562,0.009837034926,0.001144194891,0.0256694303,0.06868476063
1956,0.002382044562,0.009260829413,0.001144194891,0.02564626167,0.06851038675
1957,0.002382044562,0.008105616739,0.001144194891,0.02562311395,0.06657352732
1958,0.002382044562,0.008800962623,0.001144194891,0.02559998712,0.06318074462
1959,0.002382044562,0.008527970392,0.001144194891,0.02557688116,0.0614292773
1960,0.002382044562,0.008070064552,0.001144194891,0.02555379606,0.06022850742
1961,0.002382044562,0.00978393891,0.001144194891,0.0255307318,0.05851643321
1962,0.002382044562,0.008949396919,0.001144194891,0.02550768835,0.05826859487
1963,0.002382044562,0.007591475223,0.001144194891,0.02548466571,0.05882124049
1964,0.002382044562,0.007685752269,0.001144194891,0.02546166384,0.06039134946
1965,0.002382044562,0.007943173322,0.001144194891,0.02543868273,0.0615192356
1966,0.002382044562,0.008279007223,0.001144194891,0.02541572236,0.06397887594
1967,0.002382044562,0.008854835772,0.001144194891,0.02539278272,0.06443425918
1968,0.002382044562,0.007957796449,0.001144194891,0.02536986378,0.06455627403
1969,0.002382044562,0.00800391047,0.001144194891,0.02534696553,0.06350466549
1970,0.002382044562,0.009263537248,0.001144194891,0.02532408795,0.06499424004
1971,0.002382044562,0.008309714348,0.001144194891,0.02530123101,0.066450886
1972,0.002382044562,0.008194693923,0.001144194891,0.02527839471,0.06442183184
1973,0.002382044562,0.007966414612,0.001144194891,0.02525557902,0.06338450661
1974,0.002382044562,0.008678865549,0.001144194891,0.02523278392,0.06216386448
1975,0.002382044562,0.00757803073,0.001144194891,0.02521000939,0.05878735052
1976,0.002382044562,0.007593945476,0.001144194891,0.02518725542,0.05942193421
1977,0.002382044562,0.007229814009,0.001144194891,0.02516452199,0.06091757728
1978,0.002382044562,0.007184368891,0.001144194891,0.02514180907,0.06032200833
1979,0.002348175669,0.007488038342,0.001010121619,0.02511911666,0.0607488338
1980,0.002348175669,0.007213334693,0.001010121619,0.02509644472,0.06085745648
1981,0.002348175669,0.006769741042,0.001010121619,0.02507379326,0.05907176639
1982,0.002348175669,0.007331001344,0.001010121619,0.02505116223,0.05979814883
1983,0.002348175669,0.008305706574,0.001010121619,0.02502855163,0.06140593613
1984,0.002348175669,0.008223391223,0.001010121619,0.02500596144,0.06275181437
1985,0.002348175669,0.008669039291,0.001010121619,0.02498339164,0.06418396525
1986,0.002348175669,0.008410314282,0.001010121619,0.02496084221,0.06548597779
1987,0.002348175669,0.008304334537,0.001010121619,0.02493831313,0.06521855475
1988,0.002348175669,0.01007884042,0.001010121619,0.02491580439,0.06642107857
1989,0.002348175669,0.009650776632,0.001010121619,0.02489331596,0.0672112814
1990,0.002348175669,0.01185683218,0.001010121619,0.02487084783,0.06931276956
1991,0.002348175669,0.00993791769,0.001010121619,0.02484839998,0.06809160098
1992,0.002348175669,0.01122225799,0.001010121619,0.02482597239,0.06601182498
1993,0.002348175669,0.0104724611,0.001010121619,0.02480356504,0.06481772029
1994,0.002348175669,0.00803561237,0.001010121619,0.02478117792,0.06331198666
1995,0.002348175669,0.007312436969,0.001010121619,0.024758811,0.06487375936
1996,0.002348175669,0.008461349986,0.001010121619,0.02473646427,0.06420997039
1997,0.002327128546,0.008073140304,0.0010439925,0.02471413771,0.0619376487
1998,0.002327128546,0.00779302813,0.0010439925,0.02469183131,0.06046899826
1999,0.002327128546,0.007745596182,0.0010439925,0.02466954503,0.06078419022
2000,0.002327128546,0.007721002854,0.0010439925,0.02464727887,0.05919334604
2001,0.002327128546,0.007177910872,0.0010439925,0.02462503281,0.05694367657
2002,0.002327128546,0.007496255624,0.0010439925,0.02460280682,0.0556463231
2003,0.002327128546,0.007226420726,0.0010439925,0.0245806009,0.05435584968
2004,0.002327128546,0.007184450321,0.0010439925,0.02455841502,0.05144314941
2005,0.002327128546,0.006069943295,0.0010439925,0.02453624916,0.05026251916
2006,0.002327128546,0.005888701761,0.0010439925,0.02451410331,0.04996507653
2007,0.002327128546,0.006466764135,0.0010439925,0.02449197745,0.04987330451
2008,0.002327128546,0.006559053679,0.0010439925,0.02446987156,0.04881910718
2009,0.002327128546,0.006258109321,0.0010439925,0.02444778562,0.04826405136
2010,0.002327128546,0.006242362587,0.0010439925,0.02442571962,0.04928062935
2011,0.002327128546,0.005952574045,0.0010439925,0.02440367353,0.04809400849
2012,0.002327128546,0.005762846627,0.0010439925,0.02438164734,0.04673077038
2013,0.002327128546,0.0057046006,0.0010439925,0.02435964103,0.04506648754
2014,0.002327128546,0.005415917928,0.0010439925,0.02433765458,0.04343792198
2015,0.002327128546,0.005595600887,0.0010439925,0.02431568798,0.04280873313
2016,0.002327128546,0.005592138377,0.0010439925,0.0242937412,0.04522808988
2017,0.002327128546,0.005886369685,0.0010439925,0.02427181423,0.04553982009
2018,0.002327128546,0.005475716186,0.0010439925,0.02424990706,0.04733713544
2019,0.002327128546,0.006151037098,0.0010439925,0.02422801965,0.0471796042
2020,0.002327128546,0.006581012461,0.0010439925,0.024206152,0.04557416016
2021,0.002327128546,0.005790267354,0.0010439925,0.02418430409,0.04574134192
2022,0.002327128546,0.005960548838,0.0010439925,0.0241624759,0.04504228129
2023,0.002327128546,0.006247896885,0.0010439925,0.02414066741,0.04577406356
2024,0.002327128546,0.005820655008,0.0010439925,0.0241188786,0.04723611099
2025,0.002327128546,0.005844429084,0.0010439925,0.02409710946,0.04755280545
2026,0.002327128546,0.005681241359,0.0010439925,0.02407535997,0.04572523808
2027,0.002327128546,0.005492979121,0.0010439925,0.02405363011,0.04658123531
2028,0.002327128546,0.00579244343,0.0010439925,0.02403191986,0.0472534242
2029,0.002327128546,0.005647347708,0.0010439925,0.0240102292,0.04691159952
2030,0.002325643859,0.006408310099,0.001135954195,0.02398855813,0.04746619679
2031,0.002325643859,0.005780698229,0.001135954195,0.02396690661,0.04660442258
2032,0.002325643859,0.006088978339,0.001135954195,0.02394527463,0.04503257397
2033,0.002325643859,0.006423203235,0.001135954195,0.02392366218,0.04608117678
2034,0.002325643859,0.006712014358,0.001135954195,0.02390206924,0.04589021592
2035,0.002325643859,0.006217063919,0.001135954195,0.02388049579,0.04597038888
2036,0.002325643859,0.006585167515,0.001135954195,0.02385894181,0.04482196015
2037,0.002325643859,0.006803164475,0.001135954195,0.02383740728,0.04514045927
2038,0.002325643859,0.006362396368,0.001135954195,0.02381589219,0.04534920515
2039,0.002325643859,0.006350105468,0.001135954195,0.02379439651,0.0463984683
2040,0.002325643859,0.00653263091,0.001135954195,0.02377292024,0.04702672585
2041,0.002325643859,0.005922163102,0.001135954195,0.02375146336,0.04708363589
2042,0.002325643859,0.006155147416,0.001135954195,0.02373002584,0.04668742435
2043,0.002325643859,0.006205542086,0.001135954195,0.02370860766,0.04716703455
2044,0.002325643859,0.005778027607,0.001135954195,0.02368720882,0.04762598752
2045,0.002325643859,0.005361072337,0.001135954195,0.0236658293,0.04583216265
2046,0.002325643859,0.005493955021,0.001135954195,0.02364446907,0.04701284571
2047,0.002325643859,0.00561162265,0.001135954195,0.02362312812,0.04665222654
2048,0.002325643859,0.005705826874,0.001135954195,0.02360180643,0.0467168721
2049,0.002325643859,0.006150474987,0.001135954195,0.02358050399,0.04720242349
2050,0.002325643859,0.005671969135,0.001135954195,0.02355922077,0.04735399242
2051,0.002325643859,0.006038201781,0.001135954195,0.02353795676,0.04735365459
2052,0.002325643859,0.005990899126,0.001135954195,0.02351671195,0.04788390297
2053,0.002325643859,0.00617350054,0.001135954195,0.02349548631,0.04819953144
2054,0.002325643859,0.006641807129,0.001135954195,0.02347427983,0.04871551258
2055,0.002325643859,0.006600760387,0.001135954195,0.02345309249,0.04787262502
2056,0.002325643859,0.006810342692,0.001135954195,0.02343192427,0.04776174109
2057,0.002325643859,0.005798054563,0.001135954195,0.02341077516,0.04664674022
2058,0.002325643859,0.00567073812,0.001135954195,0.02338964514,0.04479934616
2059,0.002325643859,0.005821570235,0.001135954195,0.02336853418,0.04531590267
2060,0.002325643859,0.005980440729,0.001135954195,0.02334744229,0.04534508229
2061,0.002325643859,0.005893094171,0.001135954195,0.02332636943,0.04538895279
2062,0.002325643859,0.006195335037,0.001135954195,0.02330531559,0.04593979183
2063,0.002325643859,0.006237201114,0.001135954195,0.02328428075,0.04552999046
2064,0.002325643859,0.006862370174,0.001135954195,0.0232632649,0.0469207309
2065,0.002325643859,0.006211325834,0.001135954195,0.02324226801,0.0470828723
2066,0.002325643859,0.006000543592,0.001135954195,0.02322129008,0.04780498501
2067,0.002325643859,0.006885885902,0.001135954195,0.02320033108,0.04840849019
2068,0.002325643859,0.006258028524,0.001135954195,0.023179391,0.04823771806
2069,0.002325643859,0.00612457067,0.001135954195,0.02315846982,0.0472255634
2070,0.002325643859,0.006917559915,0.001135954195,0.02313756752,0.04623089897
2071,0.002325643859,0.0060625849,0.001135954195,0.02311668409,0.04756537363
2072,0.002325643859,0.006164538547,0.001135954195,0.0230958195,0.0470828861
2073,0.002309946276,0.006122926193,0.001102274724,0.02307497375,0.04645975618
2074,0.002309946276,0.006485059031,0.001102274724,0.02305414682,0.044508172
2075,0.002309946276,0.005456166923,0.001102274724,0.02303333868,0.04349670941
2076,0.002309946276,0.005585534647,0.001102274724,0.02301254932,0.04356604688
2077,0.002309946276,0.00550196456,0.001102274724,0.02299177873,0.04399315756
2078,0.002309946276,0.006053644978,0.001102274724,0.02297102688,0.04319400547
2079,0.002309946276,0.005712030733,0.001102274724,0.02295029376,0.04459500991
2080,0.002309946276,0.005855770689,0.001102274724,0.02292957936,0.04575063153
2081,0.002309946276,0.005689129462,0.001102274724,0.02290888365,0.04490071952
2082,0.002309946276,0.006065544981,0.001102274724,0.02288820662,0.04395594264
2083,0.002309946276,0.006581342933,0.001102274724,0.02286754826,0.04466425143
2084,0.002309946276,0.005873924467,0.001102274724,0.02284690854,0.04678891514
2085,0.002309946276,0.005967228715,0.001102274724,0.02282628745,0.0461524395
2086,0.002309946276,0.005649398101,0.001102274724,0.02280568497,0.04611038338
2087,0.002309946276,0.005860055448,0.001102274724,0.02278510109,0.0463295757
2088,0.002309946276,0.005570255367,0.001102274724,0.02276453579,0.04461898318
2089,0.002309946276,0.005683096046,0.001102274724,0.02274398904,0.04475618301
2090,0.002309946276,0.006510357317,0.001102274724,0.02272346085,0.04439035534
2091,0.002309946276,0.005394581986,0.001102274724,0.02270295118,0.04426112119
2092,0.002309946276,0.005382607724,0.001102274724,0.02268246002,0.04382958405
2093,0.002309946276,0.005412600153,0.001102274724,0.02266198736,0.04414381965
2094,0.002309946276,0.005421034768,0.001102274724,0.02264153317,0.0432159515
2095,0.002309946276,0.005739939673,0.001102274724,0.02262109745,0.04329502731
2096,0.002309946276,0.005206408703,0.001102274724,0.02260068017,0.04400529179
2097,0.002309946276,0.005174323563,0.001102274724,0.02258028132,0.04284808428
2098,0.002309946276,0.005056914789,0.001102274724,0.02255990088,0.04150268212
2099,0.002309946276,0.005194877424,0.001102274724,0.02253953884,0.04163218425
2100,0.002309946276,0.005590450968,0.001102274724,0.02251919517,0.03985261108
2101,0.002309946276,0.005496285583,0.001102274724,0.02249886987,0.03945839895
2102,0.002309946276,0.005312221864,0.001102274724,0.02247856291,0.03668438856
2103,0.002309946276,0.004698579313,0.001102274724,0.02245827428,0.03632382166
2104,0.002307367515,0.00492300889,0.001088874689,0.02243800396,0.03650426134
2105,0.002307367515,0.005002918243,0.001088874689,0.02241775194,0.03638086284
2106,0.002307367515,0.005242784611,0.001088874689,0.0223975182,0.03549263396
2107,0.002307367515,0.005035904544,0.001088874689,0.02237730271,0.03483877409
2108,0.002307367515,0.005185981732,0.001088874689,0.02235710548,0.03408059283
2109,0.00224507017,0.005391690283,0.001102385919,0.02233692647,0.03476630319
2110,0.00224507017,0.00511719856,0.001102385919,0.02231676568,0.03470728041
2111,0.002241936931,0.005030265651,0.001074191002,0.02229662309,0.03641493331
2112,0.002241936931,0.005179346157,0.001074191002,0.02227649867,0.0365733663
2113,0.002241936931,0.005143993988,0.001074191002,0.02225639242,0.03837225358
2114,0.002241936931,0.005048499038,0.001074191002,0.02223630432,0.03928287469
2115,0.002241936931,0.005290891934,0.001074191002,0.02221623434,0.04002501516
2116,0.002236257066,0.005965258405,0.00111274691,0.02219618248,0.04065312176
2117,0.002236257066,0.005712087466,0.00111274691,0.02217614872,0.04311637408
2118,0.002236257066,0.005981341929,0.00111274691,0.02215613305,0.04359286286
2119,0.002236257066,0.006058220905,0.00111274691,0.02213613543,0.0433828692
2120,0.002236257066,0.005954243441,0.00111274691,0.02211615587,0.04391751895
2121,0.002236257066,0.00595626671,0.00111274691,0.02209619434,0.04299223226
2122,0.002236257066,0.006440976254,0.00111274691,0.02207625083,0.04419863184
2123,0.002236257066,0.006023559373,0.00111274691,0.02205632532,0.04498939433
2124,0.002236257066,0.005446745022,0.00111274691,0.02203641779,0.0453700294
2125,0.002236257066,0.005729037419,0.00111274691,0.02201652823,0.04657247236
2126,0.002236257066,0.006751727755,0.00111274691,0.02199665662,0.04754990918
2127,0.002236257066,0.006531535158,0.00111274691,0.02197680295,0.04981231035
2128,0.002236257066,0.006594005771,0.00111274691,0.02195696719,0.05047064066
2129,0.002236257066,0.006606518986,0.00111274691,0.02193714934,0.04906832763
2130,0.002236257066,0.00619430683,0.00111274691,0.02191734938,0.04784244282
2131,0.002236257066,0.006162242388,0.00111274691,0.02189756729,0.04820622587
2132,0.002236257066,0.005886152414,0.00111274691,0.02187780305,0.04744369189
2133,0.002236257066,0.006418163283,0.00111274691,0.02185805665,0.04793770724
2134,0.002236257066,0.006513576004,0.00111274691,0.02183832808,0.0494070183
2135,0.002236257066,0.006976261131,0.00111274691,0.02181861731,0.05110514782
2136,0.002236257066,0.006919805564,0.00111274691,0.02179892433,0.05178520051
2137,0.002236257066,0.007223309222,0.00111274691,0.02177924913,0.05298367677
2138,0.002236257066,0.007516247444,0.00111274691,0.02175959168,0.05440482139
2139,0.002236257066,0.006683588387,0.00111274691,0.02173995198,0.05624090529
2140,0.002236257066,0.007764538931,0.00111274691,0.02172033,0.05681760078
2141,0.002236257066,0.006720014762,0.00111274691,0.02170072574,0.05659689327
2142,0.002236257066,0.007345040784,0.00111274691,0.02168113916,0.05676373592
2143,0.002236257066,0.006653748739,0.00111274691,0.02166157027,0.0586509565
2144,0.002236257066,0.007028450338,0.00111274691,0.02164201904,0.05963547987
2145,0.002236257066,0.007182157968,0.00111274691,0.02162248545,0.05829061003
2146,0.002236257066,0.00762568968,0.00111274691,0.0216029695,0.05852048344
2147,0.002236257066,0.007025604848,0.00111274691,0.02158347116,0.05877442824
2148,0.002236257066,0.007097462927,0.00111274691,0.02156399042,0.05796546382
2149,0.002236257066,0.007300914644,0.00111274691,0.02154452726,0.06002979608
2150,0.002236257066,0.007218497679,0.00111274691,0.02152508167,0.06096007386
2151,0.002236257066,0.007005792104,0.00111274691,0.02150565363,0.06061565308
2152,0.002236257066,0.007343852602,0.00111274691,0.02148624313,0.06070674358
2153,0.002236257066,0.006962106956,0.00111274691,0.02146685014,0.05970888658
2154,0.002236257066,0.007618336986,0.00111274691,0.02144747466,0.06003659861
2155,0.002236257066,0.006957753616,0.00111274691,0.02142811666,0.05965271784
2156,0.002236257066,0.006616312344,0.00111274691,0.02140877614,0.05873985847
2157,0.002236257066,0.006895644256,0.00111274691,0.02138945308,0.0580831469
2158,0.002236257066,0.007368641348,0.00111274691,0.02137014745,0.05884261079
2159,0.002236257066,0.007859456758,0.00111274691,0.02135085925,0.05840790727
2160,0.002236257066,0.00673620761,0.00111274691,0.02133158846,0.05719005946
2161,0.002236257066,0.007165373777,0.00111274691,0.02131233507,0.05899619796
2162,0.002236257066,0.007198290458,0.00111274691,0.02129309905,0.0591323955
2163,0.002236257066,0.006205490076,0.00111274691,0.02127388039,0.0581847717
2164,0.002236257066,0.006444708129,0.00111274691,0.02125467908,0.05866262892
2165,0.002236257066,0.006977867891,0.00111274691,0.0212354951,0.05783323697
2166,0.002236257066,0.007508814484,0.00111274691,0.02121632843,0.06074827074
2167,0.002236257066,0.007171301758,0.00111274691,0.02119717906,0.06145485169
2168,0.002236257066,0.007349540789,0.00111274691,0.02117804698,0.06239188069
2169,0.002236257066,0.007092665649,0.00111274691,0.02115893217,0.0626704188
2170,0.002236257066,0.006938912025,0.00111274691,0.0211398346,0.06220808774
2171,0.002236257066,0.007397021308,0.00111274691,0.02112075428,0.06279535512
2172,0.002236257066,0.007647862059,0.00111274691,0.02110169118,0.06329750556
2173,0.002236257066,0.007163002451,0.00111274691,0.02108264528,0.06214963606
2174,0.002236257066,0.007221062597,0.00111274691,0.02106361657,0.06004623592
2175,0.002236257066,0.006996711491,0.00111274691,0.02104460504,0.05633257256
2176,0.002236257066,0.006592937051,0.00111274691,0.02102561067,0.05501814364
2177,0.002236257066,0.006584941408,0.00111274691,0.02100663344,0.05241528005
2178,0.002236257066,0.006448671383,0.00111274691,0.02098767334,0.05286179273
2179,0.002236257066,0.006284421422,0.00111274691,0.02096873035,0.05320663916
2180,0.002236257066,0.005825346906,0.00111274691,0.02094980446,0.05263661332
2181,0.002236257066,0.006675209166,0.00111274691,0.02093089565,0.05344208911
2182,0.002236257066,0.006676661159,0.00111274691,0.02091200391,0.05498579779
2183,0.002236257066,0.006939965824,0.00111274691,0.02089312922,0.05489808199
2184,0.002236257066,0.006405708127,0.00111274691,0.02087427157,0.05420296051
2185,0.002236257066,0.006036253219,0.00111274691,0.02085543093,0.05230869925
2186,0.002236257066,0.006238166143,0.00111274691,0.0208366073,0.05109503281
2187,0.002236257066,0.00575472821,0.00111274691,0.02081780066,0.05034318592
2188,0.002236257066,0.005477063543,0.00111274691,0.020799011,0.05183567429
2189,0.002236257066,0.00569913264,0.00111274691,0.02078023829,0.05121664996
2190,0.002236257066,0.005753826831,0.00111274691,0.02076148253,0.05218604292
2191,0.002236257066,0.006125879651,0.00111274691,0.0207427437,0.05277991995
2192,0.002236257066,0.006217869298,0.00111274691,0.02072402178,0.05415309608
2193,0.002236257066,0.005757447453,0.00111274691,0.02070531676,0.05425658209
2194,0.002236257066,0.006467528653,0.00111274691,0.02068662862,0.05590027431
2195,0.002236257066,0.005959726556,0.00111274691,0.02066795735,0.05650820514
2196,0.002236257066,0.006251507625,0.00111274691,0.02064930293,0.05694788694
2197,0.002236257066,0.006274978158,0.00111274691,0.02063066535,0.05744697035
2198,0.002236257066,0.006479591709,0.00111274691,0.02061204458,0.05745320729
2199,0.002235213972,0.007018071864,0.00102972194,0.02059344063,0.05506582956
2200,0.002235213972,0.006936826218,0.00102972194,0.02057485347,0.0539624389
2201,0.002235213972,0.006389826399,0.00102972194,0.02055628308,0.05348876552
2202,0.002235213972,0.006651010775,0.00102972194,0.02053772946,0.05324179467
2203,0.002235213972,0.006031237465,0.00102972194,0.02051919258,0.05298821272
2204,0.002235213972,0.006327479438,0.00102972194,0.02050067243,0.05173948962
2205,0.002235213972,0.006038473549,0.00102972194,0.020482169,0.05064821059
2206,0.002235213972,0.005992876188,0.00102972194,0.02046368227,0.04882336946
2207,0.002235213972,0.006141371176,0.00102972194,0.02044521222,0.0512990952
2208,0.002235213972,0.006335032371,0.00102972194,0.02042675885,0.05251421734
2209,0.002235213972,0.006694511557,0.00102972194,0.02040832213,0.05201752919
2210,0.002235213972,0.00620208373,0.00102972194,0.02038990205,0.05191386015
2211,0.002235213972,0.005920934688,0.00102972194,0.0203714986,0.05080663226
2212,0.002235213972,0.006213974726,0.00102972194,0.02035311175,0.05195423741
2213,0.002235213972,0.006865963889,0.00102972194,0.02033474151,0.05332261035
2214,0.002235213972,0.005869721924,0.00102972194,0.02031638784,0.05331971048
2215,0.002235213972,0.006288057217,0.00102972194,0.02029805074,0.05419556906
2216,0.002235213972,0.005974507637,0.00102972194,0.02027973019,0.05625175859
2217,0.002235213972,0.006442491189,0.00102972194,0.02026142618,0.05761826297
2218,0.002235213972,0.006838451618,0.00102972194,0.02024313868,0.05954284876
2219,0.002235213972,0.00642161707,0.00102972194,0.02022486769,0.05897931504
2220,0.002235213972,0.006378575036,0.00102972194,0.0202066132,0.05540344578
2221,0.002235213972,0.005836518867,0.00102972194,0.02018837518,0.05205385284
2222,0.002235213972,0.0052784952,0.00102972194,0.02017015362,0.04870748549
2223,0.002235213972,0.005344219032,0.00102972194,0.0201519485,0.04425607359
2224,0.002235213972,0.005180707404,0.00102972194,0.02013375982,0.04125903225
2225,0.002235213972,0.004312091544,0.00102972194,0.02011558756,0.04016536994
2226,0.002235213972,0.004890835908,0.00102972194,0.02009743169,0.03947745522
2227,0.002235213972,0.00479881228,0.00102972194,0.02007929222,0.03814032581
2228,0.002235213972,0.004481473445,0.00102972194,0.02006116911,0.03856768587
2229,0.002235213972,0.005009468637,0.00102972194,0.02004306237,0.04000855248
2230,0.002235213972,0.004998469896,0.00102972194,0.02002497196,0.04092009029
2231,0.002235213972,0.005137835022,0.00102972194,0.02000689789,0.04246628195
2232,0.002235213972,0.005383569994,0.00102972194,0.01998884013,0.04349577091
2233,0.002235213972,0.005406566931,0.00102972194,0.01997079866,0.04492934241
2234,0.002235213972,0.005326201939,0.00102972194,0.01995277348,0.04477795119
2235,0.002235213972,0.005939533233,0.00102972194,0.01993476457,0.04530829757
2236,0.002235213972,0.00488513337,0.00102972194,0.01991677191,0.04358359693
2237,0.002235213972,0.004886292004,0.00102972194,0.0198987955,0.04344089865
2238,0.002235213972,0.004853605789,0.00102972194,0.01988083531,0.04081169961
2239,0.002235213972,0.004774572265,0.00102972194,0.01986289132,0.03919276879
2240,0.002235213972,0.004899207397,0.00102972194,0.01984496354,0.03744060127
2241,0.002235213972,0.00490106787,0.00102972194,0.01982705193,0.03640338423
2242,0.002235213972,0.004674689632,0.00102972194,0.0198091565,0.03622143631
2243,0.002204416027,0.004788728108,0.001220215291,0.01979127721,0.03543261185
2244,0.002204416027,0.004575941175,0.001220215291,0.01977341406,0.03536957102
2245,0.002204416027,0.004783546656,0.001220215291,0.01975556704,0.03577406522
2246,0.002204416027,0.004405683373,0.001220215291,0.01973773612,0.03563479163
2247,0.002204416027,0.004482175723,0.001220215291,0.0197199213,0.03510270937
2248,0.002204416027,0.004282638761,0.001220215291,0.01970212255,0.03464592815
2249,0.002204416027,0.004710415551,0.001220215291,0.01968433987,0.03519797536
2250,0.002204416027,0.004960750644,0.001220215291,0.01966657325,0.03655509348
2251,0.002204416027,0.004825428776,0.001220215291,0.01964882265,0.03791917374
2252,0.002204416027,0.004884220103,0.001220215291,0.01963108808,0.03782977
2253,0.002204416027,0.004782293186,0.001220215291,0.01961336951,0.03773593235
2254,0.002204416027,0.004914538797,0.001220215291,0.01959566694,0.03710410356
2255,0.002204416027,0.004445379157,0.001220215291,0.01957798035,0.03523178493
2256,0.002204416027,0.004522681837,0.001220215291,0.01956030972,0.03394290904
2257,0.002204416027,0.003901520122,0.001220215291,0.01954265503,0.0318602587
2258,0.002163317632,0.004604147107,0.001012226581,0.01952501629,0.03149023706
2259,0.002163317632,0.004815319033,0.001012226581,0.01950739346,0.03212652761
2260,0.002163317632,0.004679063604,0.001012226581,0.01948978654,0.03260809268
2261,0.002163317632,0.004492967637,0.001012226581,0.01947219551,0.03426898727
2262,0.002163317632,0.004225782354,0.001012226581,0.01945462035,0.03439858189
2263,0.002163317632,0.004336391029,0.001012226581,0.01943706107,0.03421314273
2264,0.002163317632,0.004207803011,0.001012226581,0.01941951762,0.03411525341
2265,0.002163317632,0.004359466508,0.001012226581,0.01940199002,0.03434445682
2266,0.002163317632,0.00476670724,0.001012226581,0.01938447823,0.03508146901
2267,0.002163317632,0.004814351002,0.001012226581,0.01936698225,0.03604757239
2268,0.002163317632,0.004980748731,0.001012226581,0.01934950206,0.03665113573
2269,0.002163317632,0.004945894515,0.001012226581,0.01933203765,0.03631347561
2270,0.002163317632,0.004804967595,0.001012226581,0.019314589,0.03558631518
2271,0.002162703754,0.004537247035,0.0009354642267,0.0192971561,0.03435484421
2272,0.002162703754,0.004567900307,0.0009354642267,0.01927973893,0.03299372315
2273,0.002162703754,0.004206218049,0.0009354642267,0.01926233749,0.03235239796
2274,0.002162703754,0.004296211441,0.0009354642267,0.01924495175,0.03212692327
2275,0.002162703754,0.004574786907,0.0009354642267,0.0192275817,0.03321428526
2276,0.002162703754,0.004365122704,0.0009354642267,0.01921022733,0.03357639331
2277,0.002162703754,0.004699102429,0.0009354642267,0.01919288862,0.0334688313
2278,0.002162703754,0.004696964567,0.0009354642267,0.01917556557,0.03372841
2279,0.002162703754,0.004285003021,0.0009354642267,0.01915825815,0.03377407486
2280,0.002162703754,0.004818750992,0.0009354642267,0.01914096635,0.03428404059
2281,0.002162703754,0.004836272427,0.0009354642267,0.01912369015,0.03465735252
2282,0.002162703754,0.004493645722,0.0009354642267,0.01910642956,0.03543958303
2283,0.002162703754,0.004378250319,0.0009354642267,0.01908918453,0.0350132342
2284,0.002162703754,0.00430891337,0.0009354642267,0.01907195508,0.03433582217
2285,0.002162703754,0.004636638022,0.0009354642267,0.01905474117,0.03484943924
2286,0.002162703754,0.004903956652,0.0009354642267,0.01903754281,0.03531749235
2287,0.002162703754,0.00481429559,0.0009354642267,0.01902035996,0.03545812111
2288,0.002162703754,0.004606387485,0.0009354642267,0.01900319263,0.0355318752
2289,0.002162703754,0.004893627012,0.0009354642267,0.01898604078,0.035820423
2290,0.002162703754,0.004825653333,0.0009354642267,0.01896890442,0.03563144478
2291,0.002162703754,0.004607687018,0.0009354642267,0.01895178353,0.03492043754
2292,0.002162703754,0.004310515345,0.0009354642267,0.01893467809,0.03448306202
2293,0.002162703754,0.00432391843,0.0009354642267,0.01891758809,0.03426803146
2294,0.002160506523,0.004301077496,0.001077493704,0.01890051351,0.03398349397
2295,0.002160506523,0.00441399518,0.001077493704,0.01888345435,0.03424019217
2296,0.002160506523,0.004360030933,0.001077493704,0.01886641058,0.03462416907
2297,0.002160506523,0.00406156291,0.001077493704,0.01884938219,0.03476806421
2298,0.002160506523,0.004642256195,0.001077493704,0.01883236918,0.03557278296
2299,0.002160506523,0.004408958405,0.001077493704,0.01881537152,0.0359249597
2300,0.002160506523,0.00489026808,0.001077493704,0.0187983892,0.03700209826
2301,0.002160506523,0.004594226121,0.001077493704,0.01878142221,0.03821410583
2302,0.002160506523,0.005446786209,0.001077493704,0.01876447053,0.03903851126
2303,0.002160506523,0.00530148295,0.001077493704,0.01874753415,0.03990172309
2304,0.002160506523,0.004802375682,0.001077493704,0.01873061307,0.03955013807
2305,0.002160506523,0.004371046629,0.001077493704,0.01871370725,0.04048016311
2306,0.002160506523,0.005049343216,0.001077493704,0.01869681669,0.04208940155
2307,0.002160506523,0.005099738069,0.001077493704,0.01867994138,0.04304365363
2308,0.002160506523,0.004834429833,0.001077493704,0.01866308129,0.04267235203
2309,0.002160506523,0.00500365048,0.001077493704,0.01864623643,0.04367462991
2310,0.002160506523,0.004915918885,0.001077493704,0.01862940677,0.04397177574
2311,0.002157294254,0.004728281383,0.001156561324,0.0186125923,0.04356829304
2312,0.002157294254,0.004652406127,0.001156561324,0.018595793,0.04256265418
2313,0.002157294254,0.004103866986,0.001156561324,0.01857900887,0.04163781098
2314,0.002157294254,0.004069728687,0.001156561324,0.01856223989,0.04023543601
2315,0.002157294254,0.004248360662,0.001156561324,0.01854548604,0.03993869132
2316,0.002157294254,0.004266394529,0.001156561324,0.01852874731,0.03889219613
2317,0.002157294254,0.004361621581,0.001156561324,0.0185120237,0.03849985575
2318,0.002157294254,0.00421513354,0.001156561324,0.01849531517,0.03934837103
2319,0.002139108274,0.004506112437,0.001056934469,0.01847862173,0.03969704135
2320,0.002139108274,0.004518642328,0.001056934469,0.01846194335,0.04088546992
2321,0.002139108274,0.004846161943,0.001056934469,0.01844528003,0.04110793761
2322,0.002139108274,0.004356150206,0.001056934469,0.01842863175,0.04195598809
2323,0.002139108274,0.004553590041,0.001056934469,0.01841199849,0.04180890812
2324,0.002139108274,0.004651142927,0.001056934469,0.01839538025,0.04178090428
2325,0.002139108274,0.004586956807,0.001056934469,0.01837877701,0.0417802808
2326,0.002139108274,0.004570004511,0.001056934469,0.01836218875,0.04191425812
2327,0.002139108274,0.005182491011,0.001056934469,0.01834561546,0.04317785194
2328,0.002139108274,0.004905917802,0.001056934469,0.01832905713,0.04549346264
2329,0.002139108274,0.004797619858,0.001056934469,0.01831251375,0.04748374418
2330,0.002132715173,0.004732841772,0.001060132699,0.0182959853,0.04564663674
2331,0.002132715173,0.005087209777,0.001060132699,0.01827947177,0.04568083002
2332,0.002132715173,0.004869945497,0.001060132699,0.01826297314,0.04757492763
2333,0.002132715173,0.005201865073,0.001060132699,0.01824648941,0.04927856139
2334,0.002132715173,0.005464628603,0.001060132699,0.01823002055,0.05072694391
2335,0.002132715173,0.006106324046,0.001060132699,0.01821356655,0.05229894445
2336,0.002132715173,0.00545510724,0.001060132699,0.01819712741,0.05319925342
2337,0.002132715173,0.00541016768,0.001060132699,0.0181807031,0.05265677932
2338,0.002132715173,0.005661710686,0.001060132699,0.01816429362,0.05371304346
2339,0.002132715173,0.005651441994,0.001060132699,0.01814789895,0.05282047768
2340,0.002132715173,0.005823229562,0.001060132699,0.01813151908,0.05234694527
2341,0.002132715173,0.005316269542,0.001060132699,0.01811515399,0.05172778477
2342,0.002132715173,0.00568676589,0.001060132699,0.01809880367,0.05189620844
2343,0.002117675315,0.005085954168,0.001018929205,0.01808246811,0.04904733793
2344,0.002117675315,0.004944465928,0.001018929205,0.01806614729,0.04823181533
2345,0.002117675315,0.004776960357,0.001018929205,0.01804984121,0.04679543672
2346,0.002117675315,0.004934765042,0.001018929205,0.01803354984,0.0467880803
2347,0.002117675315,0.004996853476,0.001018929205,0.01801727318,0.0469857408
2348,0.002117675315,0.004994319271,0.001018929205,0.0180010112,0.04734369525
2349,0.002111652393,0.004940744972,0.001002801093,0.01798476391,0.04860825061
2350,0.002111652393,0.004587388484,0.001002801093,0.01796853128,0.04768762584
2351,0.002111652393,0.004959581677,0.001002801093,0.0179523133,0.04828170857
2352,0.002111652393,0.00492657263,0.001002801093,0.01793610995,0.04871406155
2353,0.002111652393,0.005022894688,0.001002801093,0.01791992124,0.04850671014
2354,0.002111652393,0.004914490717,0.001002801093,0.01790374713,0.04886931789
2355,0.002111652393,0.005313935147,0.001002801093,0.01788758762,0.04896667534
2356,0.002111652393,0.004730072481,0.001002801093,0.0178714427,0.04765538561
2357,0.002111652393,0.004950321956,0.001002801093,0.01785531235,0.04483651398
2358,0.002111652393,0.004584276138,0.001002801093,0.01783919656,0.04347485321
2359,0.002111652393,0.004744212515,0.001002801093,0.01782309532,0.04333983885
2360,0.002111652393,0.004734275556,0.001002801093,0.0178070086,0.04365639234
2361,0.002111652393,0.004658484029,0.001002801093,0.01779093641,0.04314312618
2362,0.002111652393,0.004603783916,0.001002801093,0.01777487872,0.04367158152
2363,0.002111652393,0.00483612439,0.001002801093,0.01775883553,0.04291542594
2364,0.002111652393,0.005295862383,0.001002801093,0.01774280681,0.04337499934
2365,0.002111652393,0.004958419145,0.001002801093,0.01772679257,0.0450265777
2366,0.002111652393,0.00479160652,0.001002801093,0.01771079278,0.04430873488
2367,0.002111652393,0.005246952425,0.001002801093,0.01769480743,0.0450818461
2368,0.002111652393,0.005004184993,0.001002801093,0.0176788365,0.04611264628
2369,0.002111652393,0.004912932104,0.001002801093,0.01766287999,0.04676989457
2370,0.002111652393,0.005276020309,0.001002801093,0.01764693789,0.04765545825
2371,0.002111652393,0.00530781968,0.001002801093,0.01763101017,0.04750651444
2372,0.002111652393,0.005266000024,0.001002801093,0.01761509683,0.04794715155
2373,0.002111652393,0.004878675755,0.001002801093,0.01759919785,0.04840778516
2374,0.002111652393,0.00490931055,0.001002801093,0.01758331322,0.04940860462
2375,0.002111652393,0.005886495198,0.001002801093,0.01756744293,0.05102423973
2376,0.002111652393,0.004910234252,0.001002801093,0.01755158697,0.05214696266
2377,0.002111652393,0.004592293644,0.001002801093,0.01753574531,0.05192694624
2378,0.002111652393,0.005189963916,0.001002801093,0.01751991795,0.05040288565
2379,0.002111652393,0.004535592096,0.001002801093,0.01750410488,0.04792871435
2380,0.002111652393,0.004424002814,0.001002801093,0.01748830608,0.04632964838
2381,0.002111652393,0.004723443124,0.001002801093,0.01747252154,0.04409849487
2382,0.002111652393,0.004494294786,0.001002801093,0.01745675125,0.04350492584
2383,0.002111652393,0.004307332812,0.001002801093,0.01744099519,0.04448302446
2384,0.002111652393,0.004118191023,0.001002801093,0.01742525335,0.04383165412
2385,0.002097615105,0.00424884723,0.0009887598032,0.01740952572,0.04425292298
2386,0.002097615105,0.004329849929,0.0009887598032,0.01739381229,0.04403030222
2387,0.002072368592,0.004206662565,0.0009762365574,0.01737811303,0.04257935427
2388,0.002072368592,0.004203404813,0.0009762365574,0.01736242795,0.04000051646
2389,0.002072368592,0.003947770153,0.0009762365574,0.01734675703,0.04073368358
2390,0.002072368592,0.004030235058,0.0009762365574,0.01733110025,0.04068355776
2391,0.002072368592,0.004036685721,0.0009762365574,0.0173154576,0.0393153144
2392,0.002072368592,0.004000951147,0.0009762365574,0.01729982907,0.03786558662
2393,0.002072368592,0.004016512803,0.0009762365574,0.01728421464,0.03789167438
2394,0.002072368592,0.003964006077,0.0009762365574,0.01726861431,0.03662927239
2395,0.002072368592,0.003767558621,0.0009762365574,0.01725302806,0.03641716648
2396,0.002072368592,0.003936943805,0.0009762365574,0.01723745587,0.03707415675
2397,0.002072368592,0.004279276165,0.0009762365574,0.01722189775,0.03680814142
2398,0.002072368592,0.004422217208,0.0009762365574,0.01720635366,0.03689600768
2399,0.002072368592,0.004224567822,0.0009762365574,0.0171908236,0.03634644093
2400,0.002072368592,0.003910811665,0.0009762365574,0.01717530757,0.03648411232
2401,0.002072368592,0.004247656717,0.0009762365574,0.01715980553,0.03690546357
2402,0.002072368592,0.003904048069,0.0009762365574,0.01714431749,0.03702124808
2403,0.002072368592,0.004058744237,0.0009762365574,0.01712884342,0.0381123294
2404,0.002072368592,0.004056550895,0.0009762365574,0.01711338333,0.03882251662
2405,0.002072368592,0.00410377584,0.0009762365574,0.01709793718,0.0389153544
2406,0.002072368592,0.004333989335,0.0009762365574,0.01708250498,0.03683070099
2407,0.002072368592,0.004454972671,0.0009762365574,0.01706708671,0.03578273097
2408,0.002072368592,0.004027667062,0.0009762365574,0.01705168235,0.03507744838
2409,0.002072368592,0.004045683462,0.0009762365574,0.0170362919,0.03588611278
2410,0.002072368592,0.003956155634,0.0009762365574,0.01702091534,0.03559045194
2411,0.002072368592,0.003978587987,0.0009762365574,0.01700555265,0.03666229784
2412,0.002072368592,0.003975815449,0.0009762365574,0.01699020383,0.03617831965
2413,0.002069837619,0.004136155292,0.0009540274456,0.01697486887,0.03596423156
2414,0.002069837619,0.004108518142,0.0009540274456,0.01695954775,0.03530126822
2415,0.002069837619,0.004120364787,0.0009540274456,0.01694424045,0.03567985915
2416,0.002068814741,0.004100572859,0.0009411678723,0.01692894697,0.03546611859
2417,0.002068814741,0.004176003544,0.0009411678723,0.0169136673,0.0348915984
2418,0.002068814741,0.004022087005,0.0009411678723,0.01689840141,0.0333019246
2419,0.002068814741,0.004195986751,0.0009411678723,0.01688314931,0.03246981404
2420,0.002068814741,0.003810667891,0.0009411678723,0.01686791097,0.03170317427
2421,0.002068814741,0.003895823044,0.0009411678723,0.01685268638,0.03245906824
2422,0.002068814741,0.004035400508,0.0009411678723,0.01683747554,0.03292057488
2423,0.002068814741,0.003993272008,0.0009411678723,0.01682227842,0.03338919674
2424,0.002068814741,0.003931458679,0.0009411678723,0.01680709503,0.03340845589
2425,0.002068814741,0.003975022729,0.0009411678723,0.01679192533,0.03386234346
2426,0.002068814741,0.004219420572,0.0009411678723,0.01677676933,0.03399220288
2427,0.002068814741,0.003991318275,0.0009411678723,0.01676162701,0.03450926196
2428,0.002068814741,0.004105895697,0.0009411678723,0.01674649835,0.03510917554
2429,0.002068814741,0.004281186868,0.0009411678723,0.01673138335,0.03595372003
2430,0.002068814741,0.004139618435,0.0009411678723,0.01671628199,0.03639607766
2431,0.002068814741,0.003998525865,0.0009411678723,0.01670119426,0.03615338576
2432,0.002068814741,0.003747001164,0.0009411678723,0.01668612015,0.03544456508
2433,0.002068814741,0.004201785314,0.0009411678723,0.01667105964,0.03502329943
2434,0.002068814741,0.004172984463,0.0009411678723,0.01665601273,0.03482367959
2435,0.002068814741,0.00439519062,0.0009411678723,0.0166409794,0.03569812467
2436,0.002068814741,0.004056625343,0.0009411678723,0.01662595964,0.03570053723
2437,0.002068814741,0.004380041625,0.0009411678723,0.01661095343,0.03550297173
2438,0.002068814741,0.004212194131,0.0009411678723,0.01659596077,0.03491125926
2439,0.002068814741,0.00391591744,0.0009411678723,0.01658098164,0.03575516156
2440,0.002068814741,0.004763529979,0.0009411678723,0.01656601603,0.0355141924
2441,0.002068814741,0.00413585598,0.0009411678723,0.01655106393,0.03575410463
2442,0.002065800935,0.004129318607,0.0009095272043,0.01653612532,0.03570940026
2443,0.002065800935,0.003930513716,0.0009095272043,0.0165212002,0.03350105907
2444,0.002065800935,0.004068752057,0.0009095272043,0.01650628855,0.03257275826
2445,0.002065800935,0.003978519571,0.0009095272043,0.01649139035,0.03204770424
2446,0.002065800935,0.003915001055,0.0009095272043,0.01647650561,0.03171867908
2447,0.002065800935,0.004069362218,0.0009095272043,0.01646163429,0.03288956616
2448,0.002065800935,0.004136936836,0.0009095272043,0.0164467764,0.03295095366
2449,0.002065800935,0.003954815721,0.0009095272043,0.01643193192,0.03228134001
2450,0.002065800935,0.004059475366,0.0009095272043,0.01641710084,0.03161342524
2451,0.002065800935,0.003915664461,0.0009095272043,0.01640228315,0.03327897827
2452,0.002065800935,0.004072476146,0.0009095272043,0.01638747883,0.03263351751
2453,0.002065800935,0.003769530114,0.0009095272043,0.01637268787,0.03170607694
2454,0.002065800935,0.003718907189,0.0009095272043,0.01635791026,0.03098828878
2455,0.002065800935,0.00362304563,0.0009095272043,0.01634314599,0.03118802027
2456,0.002065800935,0.003767612997,0.0009095272043,0.01632839505,0.03135807513
2457,0.002065800935,0.003665421316,0.0009095272043,0.01631365741,0.03160544026
2458,0.002065800935,0.004037150521,0.0009095272043,0.01629893309,0.03287578581
2459,0.002065800935,0.003923067618,0.0009095272043,0.01628422205,0.03354489577
2460,0.002065800935,0.004294928071,0.0009095272043,0.01626952428,0.03471573858
2461,0.002065800935,0.004198116848,0.0009095272043,0.01625483979,0.0357176016
2462,0.002065800935,0.004160073241,0.0009095272043,0.01624016855,0.0342396734
2463,0.002065800935,0.003804691423,0.0009095272043,0.01622551055,0.03308277744
2464,0.002065800935,0.003875517578,0.0009095272043,0.01621086578,0.03297223045
2465,0.002065800935,0.004001773279,0.0009095272043,0.01619623423,0.03288843151
2466,0.002065800935,0.00390485817,0.0009095272043,0.01618161588,0.03244958439
2467,0.002065800935,0.004089728698,0.0009095272043,0.01616701073,0.03123734792
2468,0.002065800935,0.003806742465,0.0009095272043,0.01615241876,0.03104968607
2469,0.002065800935,0.003942627688,0.0009095272043,0.01613783996,0.03149189445
2470,0.002065800935,0.003744990038,0.0009095272043,0.01612327432,0.03120230156
2471,0.002065800935,0.003691448559,0.0009095272043,0.01610872183,0.03107312501
2472,0.002065800935,0.003544922706,0.0009095272043,0.01609418247,0.03224656466
2473,0.002065800935,0.00386690937,0.0009095272043,0.01607965623,0.03273105322
2474,0.002065800935,0.004169047778,0.0009095272043,0.01606514311,0.03521517211
2475,0.002065800935,0.003961984957,0.0009095272043,0.01605064308,0.03514656641
2476,0.002065800935,0.004171197075,0.0009095272043,0.01603615614,0.03612233125
2477,0.002065800935,0.003919578247,0.0009095272043,0.01602168228,0.03609454626
2478,0.002065800935,0.004598801654,0.0009095272043,0.01600722148,0.03770498082
2479,0.002065800935,0.004634030169,0.0009095272043,0.01599277373,0.03790490932
2480,0.002065800935,0.004520405538,0.0009095272043,0.01597833903,0.03815600192
2481,0.002065800935,0.004134130113,0.0009095272043,0.01596391735,0.03755988995
2482,0.002065800935,0.004538845049,0.0009095272043,0.01594950868,0.03958703604
2483,0.002065800935,0.004612822817,0.0009095272043,0.01593511303,0.0402877199
2484,0.002065800935,0.00456263577,0.0009095272043,0.01592073036,0.04117232808
2485,0.002065800935,0.004756602886,0.0009095272043,0.01590636068,0.04067186506
2486,0.002065800935,0.004742763067,0.0009095272043,0.01589200397,0.03971083756
2487,0.002065800935,0.004301057643,0.0009095272043,0.01587766021,0.03947019273
2488,0.0020590077,0.004242141564,0.0009111635658,0.01586332941,0.03929691193
2489,0.0020590077,0.004348014077,0.0009111635658,0.01584901153,0.03996199137
2490,0.0020590077,0.004446297946,0.0009111635658,0.01583470658,0.04069289555
2491,0.0020590077,0.004426450229,0.0009111635658,0.01582041454,0.04172803754
2492,0.0020590077,0.004419353569,0.0009111635658,0.0158061354,0.04127758224
2493,0.0020590077,0.004407317725,0.0009111635658,0.01579186915,0.0403320365
2494,0.0020590077,0.004439657051,0.0009111635658,0.01577761578,0.03995662976
2495,0.0020590077,0.00414555955,0.0009111635658,0.01576337527,0.03990589044
2496,0.0020590077,0.004482003461,0.0009111635658,0.01574914761,0.03976231671
2497,0.0020590077,0.004639493118,0.0009111635658,0.01573493279,0.03936688754
2498,0.0020590077,0.004224158542,0.0009111635658,0.01572073081,0.03840433456
2499,0.002050904209,0.003972323736,0.0009079338153,0.01570654164,0.03740345232
2500,0.002050904209,0.00382686317,0.0009079338153,0.01569236528,0.03644513717
2501,0.002050904209,0.003828673632,0.0009079338153,0.01567820171,0.03506108422
2502,0.002050904209,0.003588413675,0.0009079338153,0.01566405093,0.03392774696
2503,0.002050904209,0.003642407972,0.0009079338153,0.01564991292,0.03284345869
2504,0.002050904209,0.003558380506,0.0009079338153,0.01563578768,0.03344154059
2505,0.002050904209,0.003790608009,0.0009079338153,0.01562167518,0.03287248563
2506,0.002050904209,0.004102984208,0.0009079338153,0.01560757541,0.03271433364
2507,0.002050904209,0.004056322691,0.0009079338153,0.01559348838,0.03282874232
2508,0.002050904209,0.003688348199,0.0009079338153,0.01557941406,0.031677233
2509,0.002050904209,0.003634241485,0.0009079338153,0.01556535244,0.03082049158
2510,0.002050904209,0.003522136491,0.0009079338153,0.01555130351,0.03122204282
2511,0.002050904209,0.003384638547,0.0009079338153,0.01553726727,0.03158689068
2512,0.002050904209,0.003659207334,0.0009079338153,0.01552324369,0.03089798605
2513,0.002050904209,0.003326816946,0.0009079338153,0.01550923277,0.03145202
2514,0.002024195653,0.003738488332,0.0009121677165,0.01549523449,0.03176009539
2515,0.002024195653,0.003579399556,0.0009121677165,0.01548124885,0.03240785691
2516,0.002024195653,0.003629471223,0.0009121677165,0.01546727584,0.03299500664
2517,0.002024195653,0.003612635698,0.0009121677165,0.01545331543,0.03515906981
2518,0.002024195653,0.003943953133,0.0009121677165,0.01543936763,0.03606346752
2519,0.002024195653,0.003978569357,0.0009121677165,0.01542543241,0.03675713132
2520,0.002001699338,0.004205430361,0.0009208498022,0.01541150978,0.03785136832
2521,0.002001699338,0.004246722388,0.0009208498022,0.0153975997,0.03921068573
2522,0.002001699338,0.004302365069,0.0009208498022,0.01538370219,0.04086311211
2523,0.002001699338,0.00462606885,0.0009208498022,0.01536981721,0.04107813375
2524,0.002001699338,0.004522805159,0.0009208498022,0.01535594477,0.04181154455
2525,0.002001699338,0.004356059084,0.0009208498022,0.01534208485,0.04285913823
2526,0.002001699338,0.004460795062,0.0009208498022,0.01532823744,0.04321385794
2527,0.002001699338,0.004840558606,0.0009208498022,0.01531440253,0.04410851645
2528,0.002001699338,0.004587067768,0.0009208498022,0.01530058011,0.04428765367
2529,0.002001699338,0.004585167813,0.0009208498022,0.01528677016,0.04548292337
2530,0.002001699338,0.004715501062,0.0009208498022,0.01527297267,0.04533546413
2531,0.002001699338,0.004669430082,0.0009208498022,0.01525918764,0.04644591359
2532,0.002001699338,0.004625452339,0.0009208498022,0.01524541505,0.04572326802
2533,0.002001699338,0.004321578091,0.0009208498022,0.01523165489,0.04456225242
2534,0.001977940185,0.004384479161,0.000913671354,0.01521790716,0.04423601893
2535,0.001977940185,0.004186842031,0.000913671354,0.01520417182,0.0422588713
2536,0.001977940185,0.004333483344,0.000913671354,0.01519044889,0.04190811613
2537,0.001977940185,0.004569456612,0.000913671354,0.01517673834,0.04032829219
2538,0.001977940185,0.003964922188,0.000913671354,0.01516304017,0.0375119987
2539,0.001977940185,0.004021134456,0.000913671354,0.01514935436,0.03757925743
2540,0.001977940185,0.004021994027,0.000913671354,0.01513568091,0.03688313206
2541,0.001977940185,0.003766132197,0.000913671354,0.01512201979,0.03703584748
2542,0.001977940185,0.003918476864,0.000913671354,0.01510837101,0.03581921614
2543,0.001977940185,0.003892754136,0.000913671354,0.01509473454,0.03686957697
2544,0.001977940185,0.00380878372,0.000913671354,0.01508111038,0.03659694429
2545,0.001977940185,0.003841203877,0.000913671354,0.01506749852,0.03634612556
2546,0.001977940185,0.003626792705,0.000913671354,0.01505389895,0.0343192998
2547,0.001977940185,0.003489294909,0.000913671354,0.01504031165,0.03291077403
2548,0.001977940185,0.00343438886,0.000913671354,0.01502673661,0.03168927468
2549,0.001977940185,0.003643173152,0.000913671354,0.01501317383,0.03156572606
2550,0.001977940185,0.003377826291,0.000913671354,0.01499962328,0.03139225149
2551,0.001977940185,0.003201482281,0.000913671354,0.01498608497,0.03032396483
2552,0.001975217625,0.003293535776,0.0008856237947,0.01497255888,0.02965785486
2553,0.001975217625,0.003326704297,0.0008856237947,0.01495904499,0.02999827848
2554,0.001975217625,0.003566368142,0.0008856237947,0.01494554331,0.0305067492
2555,0.001975217625,0.003869134983,0.0008856237947,0.01493205381,0.03134978802
2556,0.001975217625,0.003435814681,0.0008856237947,0.01491857648,0.03220391296
2557,0.001975217625,0.003597135244,0.0008856237947,0.01490511132,0.0321518498
2558,0.001975217625,0.003413790322,0.0008856237947,0.01489165831,0.0317461545
2559,0.001975217625,0.00329972757,0.0008856237947,0.01487821745,0.03119750708
2560,0.001975217625,0.00355708782,0.0008856237947,0.01486478871,0.03218950775
2561,0.001975217625,0.003689383484,0.0008856237947,0.0148513721,0.03187558572
2562,0.001975217625,0.003913735154,0.0008856237947,0.01483796759,0.03236348958
2563,0.001975217625,0.003671597875,0.0008856237947,0.01482457519,0.03276510105
2564,0.001975217625,0.003864890035,0.0008856237947,0.01481119487,0.03401977899
2565,0.001975217625,0.003718516509,0.0008856237947,0.01479782663,0.03424033315
2566,0.001975217625,0.003947562658,0.0008856237947,0.01478447045,0.03449608561
2567,0.001975217625,0.00403788069,0.0008856237947,0.01477112633,0.03458254699
2568,0.001975217625,0.004205219842,0.0008856237947,0.01475779426,0.03537183317
2569,0.001971375907,0.004051382153,0.0009042221415,0.01474447421,0.03531914366
2570,0.001971375907,0.004024080772,0.0009042221415,0.01473116619,0.03720013205
2571,0.001971375907,0.003920420797,0.0009042221415,0.01471787018,0.03617188482
2572,0.001971375907,0.003916505564,0.0009042221415,0.01470458617,0.03505789787
2573,0.001971375907,0.003712380279,0.0009042221415,0.01469131415,0.03392074221
2574,0.001971375907,0.003262369682,0.0009042221415,0.01467805412,0.03320543262
2575,0.001971375907,0.003654220507,0.0009042221415,0.01466480604,0.03379513008
2576,0.001971375907,0.003647543803,0.0009042221415,0.01465156993,0.03478309143
2577,0.001942894429,0.003785434952,0.0008502680653,0.01463834576,0.03574726389
2578,0.001942894429,0.003590302949,0.0008502680653,0.01462513353,0.03639026128
2579,0.001942894429,0.003694374337,0.0008502680653,0.01461193322,0.03713003761
2580,0.001942894429,0.003996626714,0.0008502680653,0.01459874483,0.03647809006
2581,0.001942894429,0.004036884082,0.0008502680653,0.01458556834,0.03805592045
2582,0.001935907073,0.004174021756,0.0008516833783,0.01457240375,0.03893978902
2583,0.001935907073,0.004400595978,0.0008516833783,0.01455925103,0.03925335466
2584,0.001935907073,0.004166089005,0.0008516833783,0.01454611019,0.03954372404
2585,0.001935907073,0.004483215339,0.0008516833783,0.01453298121,0.03953262704
2586,0.001935907073,0.004404218568,0.0008516833783,0.01451986408,0.040304155
2587,0.001935907073,0.003987681758,0.0008516833783,0.01450675878,0.04001140797
2588,0.001935907073,0.00413142449,0.0008516833783,0.01449366532,0.03997358906
2589,0.001935907073,0.004225983335,0.0008516833783,0.01448058367,0.0398149344
2590,0.001935907073,0.004414636036,0.0008516833783,0.01446751383,0.04022003041
2591,0.001935907073,0.004200313924,0.0008516833783,0.01445445579,0.04170824152
2592,0.001935907073,0.003933382444,0.0008516833783,0.01444140953,0.04164751146
2593,0.001935907073,0.004221605455,0.0008516833783,0.01442837505,0.04026758907
2594,0.001935907073,0.004180055015,0.0008516833783,0.01441535233,0.03904558959
2595,0.001926791832,0.003903149749,0.0008336938375,0.01440234137,0.03689889986
2596,0.001926791832,0.003890856932,0.0008336938375,0.01438934215,0.03516745057
2597,0.001926791832,0.00346131331,0.0008336938375,0.01437635467,0.03565835872
2598,0.001926791832,0.003554930876,0.0008336938375,0.0143633789,0.03536302722
2599,0.001926791832,0.003707134118,0.0008336938375,0.01435041485,0.0351834182
2600,0.001926791832,0.003652896912,0.0008336938375,0.0143374625,0.03606309121
2601,0.001926791832,0.003872018634,0.0008336938375,0.01432452183,0.03776210223
2602,0.001926791832,0.003837508751,0.0008336938375,0.01431159285,0.03761159444
2603,0.001926791832,0.004127089319,0.0008336938375,0.01429867554,0.03689888383
2604,0.001926791832,0.003970009249,0.0008336938375,0.01428576989,0.0371773962
2605,0.001926791832,0.003469046591,0.0008336938375,0.01427287588,0.03549219567
2606,0.001926791832,0.003752288298,0.0008336938375,0.01425999352,0.03546904886
2607,0.001926791832,0.003960772788,0.0008336938375,0.01424712278,0.03656764056
2608,0.001926791832,0.00370925581,0.0008336938375,0.01423426365,0.03578282116
2609,0.001926791832,0.00381575147,0.0008336938375,0.01422141614,0.0353003128
2610,0.001926791832,0.003640799781,0.0008336938375,0.01420858022,0.03547236965
2611,0.001926791832,0.003771383541,0.0008336938375,0.01419575588,0.03657584718
2612,0.001926791832,0.003804782185,0.0008336938375,0.01418294312,0.03715073847
2613,0.001926791832,0.003850241373,0.0008336938375,0.01417014192,0.03794031097
2614,0.001926791832,0.003899591017,0.0008336938375,0.01415735228,0.03656279748
2615,0.001926791832,0.00394909071,0.0008336938375,0.01414457419,0.03603342758
2616,0.001926791832,0.003898289829,0.0008336938375,0.01413180762,0.03651672733
2617,0.001926791832,0.004068525545,0.0008336938375,0.01411905258,0.03738862521
2618,0.001926791832,0.003874973915,0.0008336938375,0.01410630905,0.03821014806
2619,0.001926791832,0.004085197773,0.0008336938375,0.01409357702,0.03922879885
2620,0.001926791832,0.004204346711,0.0008336938375,0.01408085648,0.03937180513
2621,0.001926791832,0.00376716089,0.0008336938375,0.01406814743,0.03877868965
2622,0.001926791832,0.003742471296,0.0008336938375,0.01405544985,0.03872609206
2623,0.001926791832,0.003668348821,0.0008336938375,0.01404276372,0.03776676537
2624,0.001926450375,0.003609450265,0.0009273742183,0.01403008905,0.03897101971
2625,0.001926450375,0.00379867316,0.0009273742183,0.01401742582,0.03935043761
2626,0.001926450375,0.003618474953,0.0009273742183,0.01400477401,0.03952145453
2627,0.001910337785,0.003373644535,0.000875236587,0.01399213363,0.03799294087
2628,0.001910337785,0.003860393371,0.000875236587,0.01397950465,0.0385457937
2629,0.001908423684,0.003852960418,0.0008709834924,0.01396688708,0.03802756856
2630,0.001908423684,0.003588401718,0.0008709834924,0.01395428089,0.0378436437
2631,0.001908423684,0.003730531529,0.0008709834924,0.01394168608,0.03745333848
2632,0.001908423684,0.003603649192,0.0008709834924,0.01392910263,0.03861423979
2633,0.001908423684,0.003592600765,0.0008709834924,0.01391653055,0.03903991797
2634,0.001908423684,0.003867329179,0.0008709834924,0.01390396981,0.03953491527
2635,0.001908423684,0.00368152156,0.0008709834924,0.01389142041,0.03905305018
2636,0.001908423684,0.003689918266,0.0008709834924,0.01387888234,0.03781700515
2637,0.001908423684,0.003661706529,0.0008709834924,0.01386635558,0.03801076345
2638,0.001908423684,0.003883864282,0.0008709834924,0.01385384013,0.03774381085
2639,0.001908423684,0.003767304672,0.0008709834924,0.01384133597,0.03930255245
2640,0.001908423684,0.003809709969,0.0008709834924,0.0138288431,0.04066762346
2641,0.001908423684,0.003662526561,0.0008709834924,0.01381636151,0.04161640876
2642,0.001908423684,0.004137489536,0.0008709834924,0.01380389118,0.04257308132
2643,0.001908423684,0.003969980841,0.0008709834924,0.01379143211,0.04258184441
2644,0.001908423684,0.003841667646,0.0008709834924,0.01377898428,0.04313351281
2645,0.001908423684,0.003922182013,0.0008709834924,0.01376654769,0.0424651307
2646,0.001908423684,0.004063283715,0.0008709834924,0.01375412232,0.04205825854
2647,0.001908423684,0.003779054902,0.0008709834924,0.01374170817,0.04167443273
2648,0.001908423684,0.003853422694,0.0008709834924,0.01372930522,0.04126789878
2649,0.001908423684,0.004043639332,0.0008709834924,0.01371691347,0.04196970931
2650,0.001908423684,0.003974174673,0.0008709834924,0.0137045329,0.04049911546
2651,0.001908423684,0.004139961519,0.0008709834924,0.01369216351,0.04006856029
2652,0.001908423684,0.003806224845,0.0008709834924,0.01367980528,0.03886468451
2653,0.001908423684,0.003851571076,0.0008709834924,0.0136674582,0.037914549
2654,0.001908423684,0.003630368652,0.0008709834924,0.01365512227,0.03745846669
2655,0.001908423684,0.003710059798,0.0008709834924,0.01364279748,0.03649467664
2656,0.001908423684,0.003634495272,0.0008709834924,0.0136304838,0.03641052015
2657,0.001857579619,0.003615525565,0.0008318974594,0.01361818124,0.03641988445
2658,0.001857579619,0.003385099334,0.0008318974594,0.01360588979,0.03646021244
2659,0.001857579619,0.003530532072,0.0008318974594,0.01359360943,0.03680453795
2660,0.001857579619,0.003629420488,0.0008318974594,0.01358134015,0.03676339521
2661,0.001857579619,0.003590214132,0.0008318974594,0.01356908195,0.03675940786
2662,0.001840775734,0.003908030091,0.0008196466759,0.01355683481,0.0382524742
2663,0.001840775734,0.003766347524,0.0008196466759,0.01354459872,0.03866249346
2664,0.001840775734,0.003638027689,0.0008196466759,0.01353237368,0.03849411685
2665,0.001840775734,0.003857090758,0.0008196466759,0.01352015968,0.03946280834
2666,0.001840775734,0.003984982266,0.0008196466759,0.01350795669,0.04093138427
2667,0.001840775734,0.003880663399,0.0008196466759,0.01349576473,0.040900861
2668,0.001840775734,0.004315693343,0.0008196466759,0.01348358376,0.04080691839
2669,0.001840775734,0.004267243135,0.0008196466759,0.01347141379,0.0405120351
2670,0.001840775734,0.004298778938,0.0008196466759,0.0134592548,0.0393256199
2671,0.001840775734,0.003980120753,0.0008196466759,0.01344710679,0.03828254261
2672,0.001840775734,0.003791238388,0.0008196466759,0.01343496975,0.03689625226
2673,0.001840775734,0.003629544189,0.0008196466759,0.01342284365,0.03613773786
2674,0.001840775734,0.003983118053,0.0008196466759,0.01341072851,0.03482847967
2675,0.001840775734,0.003842369759,0.0008196466759,0.01339862429,0.03567311402
2676,0.001840775734,0.00347324209,0.0008196466759,0.01338653101,0.03552336836
2677,0.001840775734,0.003667762043,0.0008196466759,0.01337444863,0.03588119445
2678,0.001840775734,0.003753487887,0.0008196466759,0.01336237717,0.03574888491
2679,0.001840775734,0.003398067409,0.0008196466759,0.01335031659,0.03318155213
2680,0.001840775734,0.003378103044,0.0008196466759,0.01333826691,0.03298617029
2681,0.001840775734,0.003461613405,0.0008196466759,0.0133262281,0.03381383568
2682,0.001840775734,0.003397308206,0.0008196466759,0.01331420015,0.03317145074
2683,0.001840775734,0.0036437986,0.0008196466759,0.01330218306,0.03309643467
2684,0.001840775734,0.00346891185,0.0008196466759,0.01329017682,0.03357296055
2685,0.001840775734,0.003373011001,0.0008196466759,0.01327818142,0.03386961556
2686,0.001840775734,0.003606590976,0.0008196466759,0.01326619684,0.03508500028
2687,0.001840775734,0.00368528847,0.0008196466759,0.01325422307,0.03540480405
2688,0.001840775734,0.003874090858,0.0008196466759,0.01324226012,0.03448661524
2689,0.001840775734,0.003673925794,0.0008196466759,0.01323030796,0.03398048703
2690,0.001840775734,0.004156804868,0.0008196466759,0.01321836659,0.03460295352
2691,0.001840775734,0.003722427407,0.0008196466759,0.013206436,0.03442784487
2692,0.001840775734,0.00362063918,0.0008196466759,0.01319451618,0.03498034068
2693,0.001840775734,0.003300540766,0.0008196466759,0.01318260711,0.03383673559
2694,0.001840775734,0.00318183982,0.0008196466759,0.0131707088,0.03315423633
2695,0.001840775734,0.003399827131,0.0008196466759,0.01315882122,0.03292101641
2696,0.001840775734,0.003664361061,0.0008196466759,0.01314694438,0.03314424096
2697,0.001832540004,0.00325414343,0.0009169741712,0.01313507825,0.03225780219
2698,0.001832540004,0.003496785382,0.0009169741712,0.01312322283,0.03267822253
2699,0.001832540004,0.003271451268,0.0009169741712,0.01311137811,0.0326641895
2700,0.001832540004,0.003339246061,0.0009169741712,0.01309954409,0.03189402314
2701,0.001832540004,0.003341681805,0.0009169741712,0.01308772074,0.03240155902
2702,0.00180086822,0.003360757523,0.0009017087307,0.01307590807,0.03242131102
2703,0.00180086822,0.003221612119,0.0009017087307,0.01306410606,0.03156968523
2704,0.00180086822,0.003328309904,0.0009017087307,0.0130523147,0.03217957408
2705,0.00180086822,0.003029165958,0.0009017087307,0.01304053398,0.03174925972
2706,0.00180086822,0.003110076056,0.0009017087307,0.0130287639,0.03173591038
2707,0.00180086822,0.003061474407,0.0009017087307,0.01301700444,0.03128078066
2708,0.00180086822,0.003120118774,0.0009017087307,0.01300525559,0.0311843182
2709,0.00180086822,0.002990428174,0.0009017087307,0.01299351735,0.03038137626
2710,0.00180086822,0.003112472881,0.0009017087307,0.0129817897,0.02985482692
2711,0.00180086822,0.003014157281,0.0009017087307,0.01297007264,0.02912706239
2712,0.00180086822,0.002959513914,0.0009017087307,0.01295836615,0.0275139557
2713,0.00180086822,0.002710221452,0.0009017087307,0.01294667023,0.02652002478
2714,0.00180086822,0.002783601462,0.0009017087307,0.01293498487,0.02534585764
2715,0.00180086822,0.002595571309,0.0009017087307,0.01292331005,0.02440858768
2716,0.00180086822,0.002712360568,0.0009017087307,0.01291164577,0.0251118316
2717,0.00180086822,0.00273040763,0.0009017087307,0.01289999202,0.0258133018
2718,0.00180086822,0.002818722271,0.0009017087307,0.01288834878,0.0261161707
2719,0.00180086822,0.002841392352,0.0009017087307,0.01287671606,0.02676660546
2720,0.00180086822,0.002892777335,0.0009017087307,0.01286509383,0.02717987917
2721,0.00180086822,0.00306590541,0.0009017087307,0.0128534821,0.02707863145
2722,0.00180086822,0.002965819349,0.0009017087307,0.01284188084,0.02695700737
2723,0.00180086822,0.002927285332,0.0009017087307,0.01283029006,0.02623567547
2724,0.00180086822,0.002773608933,0.0009017087307,0.01281870973,0.02597268111
2725,0.00180086822,0.002746008665,0.0009017087307,0.01280713986,0.0267940373
2726,0.001789159294,0.002812860554,0.0008904127489,0.01279558044,0.02658971476
2727,0.001789159294,0.003148511046,0.0008904127489,0.01278403144,0.02677205378
2728,0.001789159294,0.002877588249,0.0008904127489,0.01277249287,0.02788897025
2729,0.001781905264,0.00278443244,0.0009387297368,0.01276096472,0.02772808641
2730,0.001781905264,0.003134025182,0.0009387297368,0.01274944696,0.02835423421
2731,0.001767325105,0.002967207959,0.0008320455742,0.01273793961,0.02718232444
2732,0.001767325105,0.003298316061,0.0008320455742,0.01272644264,0.02623314457
2733,0.001767325105,0.003009251677,0.0008320455742,0.01271495605,0.02627933851
2734,0.001767325105,0.003123137871,0.0008320455742,0.01270347982,0.02670055515
2735,0.001767325105,0.00310771127,0.0008320455742,0.01269201396,0.02778635317
2736,0.001767325105,0.003066526898,0.0008320455742,0.01268055844,0.02841850444
2737,0.001767325105,0.003282857089,0.0008320455742,0.01266911326,0.0292178382
2738,0.001767325105,0.003183167711,0.0008320455742,0.01265767841,0.02971796497
2739,0.001767325105,0.003374887454,0.0008320455742,0.01264625388,0.03076608463
2740,0.001767325105,0.003427247492,0.0008320455742,0.01263483967,0.03129721961
2741,0.001767325105,0.003377478508,0.0008320455742,0.01262343576,0.03169596802
2742,0.001767325105,0.003250539767,0.0008320455742,0.01261204214,0.03141858864
2743,0.001767325105,0.003232767909,0.0008320455742,0.0126006588,0.03248909819
2744,0.001767325105,0.003341729994,0.0008320455742,0.01258928574,0.03268561812
2745,0.001739406516,0.003447145135,0.0008160342886,0.01257792294,0.03363015671
2746,0.001739406516,0.003583374284,0.0008160342886,0.0125665704,0.03376921161
2747,0.001739406516,0.003323981252,0.0008160342886,0.0125552281,0.03447604863
2748,0.001739406516,0.00331501307,0.0008160342886,0.01254389604,0.03375528966
2749,0.001739406516,0.003409566838,0.0008160342886,0.01253257421,0.033744836
2750,0.001739406516,0.003594910097,0.0008160342886,0.0125212626,0.03476476466
2751,0.001739406516,0.003438962156,0.0008160342886,0.0125099612,0.03466614751
2752,0.001739406516,0.003719608711,0.0008160342886,0.01249867,0.03421880037
2753,0.001739406516,0.003605044877,0.0008160342886,0.01248738899,0.03406242833
2754,0.001739406516,0.003526701318,0.0008160342886,0.01247611816,0.03366077983
2755,0.001739406516,0.003624928161,0.0008160342886,0.01246485751,0.03304150704
2756,0.001739406516,0.003691712526,0.0008160342886,0.01245360701,0.03336945558
2757,0.001739406516,0.003302470786,0.0008160342886,0.01244236668,0.03170177886
2758,0.001739406516,0.003314246797,0.0008160342886,0.01243113649,0.03118793863
2759,0.001739406516,0.003246555576,0.0008160342886,0.01241991643,0.03011539627
2760,0.001739406516,0.003092066884,0.0008160342886,0.0124087065,0.02971405987
2761,0.001739406516,0.003017170628,0.0008160342886,0.01239750669,0.02952247499
2762,0.001739406516,0.003268811645,0.0008160342886,0.01238631699,0.02850578301
2763,0.001739406516,0.003199789585,0.0008160342886,0.01237513739,0.02818630374
2764,0.001739406516,0.002895097379,0.0008160342886,0.01236396787,0.02902307005
2765,0.001739406516,0.002979553871,0.0008160342886,0.01235280844,0.02944305868
2766,0.001739406516,0.002937324267,0.0008160342886,0.01234165908,0.03045145417
2767,0.001739406516,0.003118082752,0.0008160342886,0.01233051979,0.02999215735
2768,0.001739406516,0.003020447502,0.0008160342886,0.01231939055,0.02929401345
2769,0.001739406516,0.003015529517,0.0008160342886,0.01230827135,0.0275782065
2770,0.001739406516,0.002863864438,0.0008160342886,0.01229716219,0.02741078696
2771,0.001739406516,0.002791987068,0.0008160342886,0.01228606306,0.02674085088
2772,0.001739406516,0.002834856379,0.0008160342886,0.01227497394,0.02614511659
2773,0.001739406516,0.002929999655,0.0008160342886,0.01226389483,0.02633269478
2774,0.001739406516,0.002707940316,0.0008160342886,0.01225282573,0.02626919759
2775,0.001739406516,0.002912143861,0.0008160342886,0.01224176661,0.02664831744
2776,0.001739406516,0.002859689588,0.0008160342886,0.01223071747,0.02756765577
2777,0.001739406516,0.003063152633,0.0008160342886,0.01221967831,0.02700230611
2778,0.001739406516,0.002952807177,0.0008160342886,0.01220864911,0.02664746792
2779,0.001739406516,0.002838917372,0.0008160342886,0.01219762987,0.02597389544
2780,0.001739406516,0.002604694281,0.0008160342886,0.01218662057,0.02336729567
2781,0.001739406516,0.002564208668,0.0008160342886,0.01217562121,0.02325810405
2782,0.001739406516,0.00254827615,0.0008160342886,0.01216463178,0.02207580975
2783,0.001739406516,0.002503691114,0.0008160342886,0.01215365226,0.02264302536
2784,0.001739406516,0.002471131739,0.0008160342886,0.01214268266,0.0222185775
2785,0.001728681033,0.002617850635,0.0009469732676,0.01213172295,0.02229007903
2786,0.001728681033,0.002521708876,0.0009469732676,0.01212077314,0.02262538178
2787,0.001728681033,0.002650252342,0.0009469732676,0.01210983321,0.02338327379
2788,0.001728681033,0.00268702318,0.0009469732676,0.01209890316,0.02356088313
2789,0.001718096458,0.002619141859,0.0008561415158,0.01208798297,0.02384062988
2790,0.001710977261,0.00264491919,0.0008376292199,0.01207707263,0.02427389262
2791,0.001710977261,0.002675507407,0.0008376292199,0.01206617215,0.0257337809
2792,0.001710977261,0.002905361888,0.0008376292199,0.0120552815,0.02668438861
2793,0.001703688815,0.002929388089,0.0008648557159,0.01204440068,0.02745261149
2794,0.001701936025,0.002870102972,0.0008195301829,0.01203352969,0.02808859974
2795,0.001701936025,0.003211250537,0.0008195301829,0.0120226685,0.02979916567
2796,0.001689184386,0.003227135653,0.0008905303985,0.01201181712,0.03038476466
2797,0.001689184386,0.003308113162,0.0008905303985,0.01200097553,0.03069706594
2798,0.001674464967,0.003327224213,0.0008862186004,0.01199014373,0.03225498806
2799,0.001668145477,0.003546024337,0.0008903023686,0.0119793217,0.03350419218
2800,0.001668145477,0.003561009843,0.0008903023686,0.01196850945,0.03509925227
2801,0.001668145477,0.0035595354,0.0008903023686,0.01195770695,0.03566587541
2802,0.001668145477,0.003518315999,0.0008903023686,0.0119469142,0.03651189433
2803,0.001668145477,0.003410107559,0.0008903023686,0.01193613119,0.03650179816
2804,0.001668145477,0.003591280568,0.0008903023686,0.01192535791,0.03658072844
2805,0.001668145477,0.003221872028,0.0008903023686,0.01191459436,0.03533214732
2806,0.001668145477,0.003042313714,0.0008903023686,0.01190384053,0.03491345426
2807,0.001645094082,0.002951519493,0.0009309946138,0.01189309639,0.03232616729
2808,0.001645094082,0.002732641466,0.0009309946138,0.01188236196,0.02974101616
2809,0.001645094082,0.002669605395,0.0009309946138,0.01187163722,0.02761593564
2810,0.001645094082,0.002764117721,0.0009309946138,0.01186092215,0.02785343183
2811,0.001645094082,0.002769004988,0.0009309946138,0.01185021676,0.0269397982
2812,0.001645094082,0.002775214039,0.0009309946138,0.01183952103,0.02619026579
2813,0.001645094082,0.00266639729,0.0009309946138,0.01182883495,0.02671551758
2814,0.001645094082,0.002892103832,0.0009309946138,0.01181815852,0.02788950689
2815,0.001645094082,0.002809184292,0.0009309946138,0.01180749172,0.02808663843
2816,0.001641222427,0.002788569778,0.0009348006307,0.01179683455,0.02773372786
2817,0.001641222427,0.002846240389,0.0009348006307,0.011786187,0.02639488545
2818,0.001637660316,0.002758795176,0.0008670856098,0.01177554906,0.0260856014
2819,0.001636519551,0.002803001042,0.0008760728114,0.01176492073,0.0256204333
2820,0.001577270703,0.002577803931,0.0009481111446,0.01175430198,0.02509318268
2821,0.001577270703,0.002643071708,0.0009481111446,0.01174369282,0.02610109937
2822,0.001577270703,0.002651513147,0.0009481111446,0.01173309324,0.02731135489
2823,0.001577270703,0.002839613798,0.0009481111446,0.01172250322,0.02811271688
2824,0.001529772606,0.002762901437,0.0009409820776,0.01171192276,0.02805000133
2825,0.001524642202,0.002833370971,0.000932009811,0.01170135185,0.02804022413
2826,0.001524642202,0.002889698175,0.000932009811,0.01169079048,0.02867237829
2827,0.001520620657,0.003003726068,0.0009306945087,0.01168023864,0.02848585218
2828,0.001520620657,0.002935432314,0.0009306945087,0.01166969633,0.02858901305
2829,0.001520620657,0.002950871181,0.0009306945087,0.01165916353,0.02936629395
2830,0.001520620657,0.002984548654,0.0009306945087,0.01164864024,0.02910501512
2831,0.001520620657,0.002760544688,0.0009306945087,0.01163812645,0.02651351678
2832,0.001520620657,0.002935443258,0.0009306945087,0.01162762215,0.02738402956
2833,0.001520620657,0.002800331906,0.0009306945087,0.01161712732,0.02592196871
2834,0.001520620657,0.002543606262,0.0009306945087,0.01160664197,0.02492649358
2835,0.001520620657,0.002537297812,0.0009306945087,0.01159616609,0.02543384402
2836,0.001500934219,0.002482009316,0.0009212059351,0.01158569966,0.02543747677
2837,0.001476230156,0.002484456456,0.0008983349987,0.01157524267,0.02491729228
2838,0.001476230156,0.002475979449,0.0008983349987,0.01156479513,0.02360974559
2839,0.001476230156,0.002330462159,0.0008983349987,0.01155435701,0.02212012025
2840,0.001466086921,0.002300539881,0.0009015880164,0.01154392832,0.02189402684
2841,0.001466086921,0.002419779277,0.0009015880164,0.01153350903,0.02212126728
2842,0.001466086921,0.002270735744,0.0009015880164,0.01152309916,0.02213071246
2843,0.001466086921,0.002314225895,0.0009015880164,0.01151269867,0.02267905479
2844,0.001466086921,0.002365426555,0.0009015880164,0.01150230758,0.0223177508
2845,0.001451383858,0.002418806471,0.0008913924257,0.01149192586,0.02220435852
2846,0.001432586693,0.002326571469,0.000877845608,0.01148155352,0.02263425796
2847,0.001432586693,0.002342000336,0.000877845608,0.01147119053,0.0233723288
2848,0.001432586693,0.002504572364,0.000877845608,0.0114608369,0.02388297087
2849,0.001432586693,0.002500142253,0.000877845608,0.01145049262,0.02369205337
2850,0.001428518471,0.002440132754,0.0008567183998,0.01144015767,0.02388186673
2851,0.001428518471,0.00245995961,0.0008567183998,0.01142983205,0.02379152823
2852,0.001428518471,0.002399390135,0.0008567183998,0.01141951574,0.02291101655
2853,0.001428518471,0.002421849327,0.0008567183998,0.01140920875,0.02230820184
2854,0.001428518471,0.002255651754,0.0008567183998,0.01139891107,0.02185524351
2855,0.001428518471,0.002324364663,0.0008567183998,0.01138862267,0.02095811217
2856,0.001428518471,0.002443467862,0.0008567183998,0.01137834357,0.02030813682
2857,0.001428518471,0.00248835169,0.0008567183998,0.01136807374,0.02056793569
2858,0.001428518471,0.002345939075,0.0008567183998,0.01135781318,0.02065646357
2859,0.001428518471,0.002340779999,0.0008567183998,0.01134756188,0.02015980273
2860,0.001428518471,0.002210004737,0.0008567183998,0.01133731983,0.02002806976
2861,0.001428518471,0.002136759092,0.0008567183998,0.01132708703,0.02026805254
2862,0.001428518471,0.002192194733,0.0008567183998,0.01131686346,0.02092850393
2863,0.001428518471,0.002173760989,0.0008567183998,0.01130664912,0.02157826312
2864,0.001428518471,0.002251126081,0.0008567183998,0.011296444,0.02189538842
2865,0.001428518471,0.002292250955,0.0008567183998,0.0112862481,0.02207710442
2866,0.001428518471,0.002238848629,0.0008567183998,0.01127606139,0.02273651551
2867,0.001428518471,0.00240674931,0.0008567183998,0.01126588388,0.02354213406
2868,0.001428518471,0.002438006407,0.0008567183998,0.01125571555,0.02440094076
2869,0.001428518471,0.002322575012,0.0008567183998,0.0112455564,0.02422994514
2870,0.001428518471,0.002386649604,0.0008567183998,0.01123540643,0.02458395959
2871,0.001417882335,0.002325104877,0.0008453022712,0.01122526561,0.0242383787
2872,0.001417882335,0.002352437414,0.0008453022712,0.01121513394,0.02454548889
2873,0.001417882335,0.002389077039,0.0008453022712,0.01120501142,0.02513140177
2874,0.001417882335,0.002428326457,0.0008453022712,0.01119489804,0.02552242984
2875,0.001417882335,0.002409824688,0.0008453022712,0.01118479378,0.02638286728
2876,0.001417882335,0.002467717014,0.0008453022712,0.01117469865,0.0271962159
2877,0.001417882335,0.002638835875,0.0008453022712,0.01116461262,0.02755899968
2878,0.001417882335,0.002452752307,0.0008453022712,0.0111545357,0.02704234407
2879,0.001417882335,0.002648064641,0.0008453022712,0.01114446788,0.0258083795
2880,0.001417882335,0.002385505668,0.0008453022712,0.01113440914,0.02480511603
2881,0.001417882335,0.002562356398,0.0008453022712,0.01112435948,0.02525198804
2882,0.001417882335,0.002579095145,0.0008453022712,0.01111431889,0.02536529413
2883,0.001417882335,0.002388300248,0.0008453022712,0.01110428736,0.02543070978
2884,0.001417882335,0.002412322185,0.0008453022712,0.01109426489,0.02470714871
2885,0.00139729407,0.002258070077,0.0007966357196,0.01108425147,0.02340846601
2886,0.00139729407,0.002469953153,0.0007966357196,0.01107424708,0.02222509939
2887,0.001387110272,0.002289658483,0.0007991018875,0.01106425172,0.02236169214
2888,0.001375364003,0.002342684423,0.0007463667918,0.01105426538,0.02216828163
2889,0.001375364003,0.002274957248,0.0007463667918,0.01104428806,0.02298702263
2890,0.001375364003,0.002291823015,0.0007463667918,0.01103431974,0.02410713061
2891,0.001375364003,0.002321033759,0.0007463667918,0.01102436042,0.0249967537
2892,0.001375364003,0.002266558263,0.0007463667918,0.01101441009,0.02563105568
2893,0.001332024344,0.002299435968,0.000974660441,0.01100446873,0.02623733354
2894,0.001332024344,0.00227695996,0.000974660441,0.01099453636,0.02680941834
2895,0.001332024344,0.002374656763,0.000974660441,0.01098461294,0.02788328955
2896,0.001332024344,0.002343497207,0.000974660441,0.01097469849,0.02911108481
2897,0.001332024344,0.002697315682,0.000974660441,0.01096479298,0.03004905461
2898,0.001332024344,0.002839025731,0.000974660441,0.01095489641,0.03114993369
2899,0.001332024344,0.002974780093,0.000974660441,0.01094500877,0.0317154603
2900,0.001332024344,0.002760260757,0.000974660441,0.01093513006,0.03169559202
2901,0.001332024344,0.002679977122,0.000974660441,0.01092526027,0.03192066574
2902,0.001332024344,0.002958582171,0.000974660441,0.01091539938,0.03291588307
2903,0.001332024344,0.002795686528,0.000974660441,0.01090554739,0.03268409359
2904,0.001332024344,0.002598647099,0.000974660441,0.0108957043,0.03113785896
2905,0.001326937413,0.002619326668,0.0009379755373,0.01088587009,0.02945411102
2906,0.001326937413,0.002661860731,0.0009379755373,0.01087604475,0.02927595326
2907,0.001326937413,0.002506540398,0.0009379755373,0.01086622829,0.02901305665
2908,0.001326937413,0.002459707924,0.0009379755373,0.01085642068,0.02886952486
2909,0.001326937413,0.002531962114,0.0009379755373,0.01084662193,0.02784598874
2910,0.001326937413,0.002336440991,0.0009379755373,0.01083683202,0.02780272395
2911,0.001326937413,0.002384733948,0.0009379755373,0.01082705095,0.02724069443
2912,0.001326937413,0.002370725353,0.0009379755373,0.0108172787,0.02674786437
2913,0.001326937413,0.002434257572,0.0009379755373,0.01080751528,0.02693485092
2914,0.001326937413,0.002597322807,0.0009379755373,0.01079776066,0.0257183752
2915,0.001326937413,0.002438481214,0.0009379755373,0.01078801485,0.02590302487
2916,0.001326937413,0.002629451204,0.0009379755373,0.01077827784,0.02640254583
2917,0.001326937413,0.00266194319,0.0009379755373,0.01076854962,0.02691439213
2918,0.001326937413,0.002488936131,0.0009379755373,0.01075883017,0.02701499698
2919,0.001326937413,0.002629849514,0.0009379755373,0.0107491195,0.02747885774
2920,0.001326937413,0.002558396713,0.0009379755373,0.0107394176,0.02807316174
2921,0.001326937413,0.002425713763,0.0009379755373,0.01072972445,0.02754881141
2922,0.001326937413,0.002449267326,0.0009379755373,0.01072004005,0.02880388708
2923,0.001326937413,0.002577189213,0.0009379755373,0.01071036439,0.02854971092
2924,0.001326937413,0.002541681776,0.0009379755373,0.01070069746,0.02890274954
2925,0.001326937413,0.00252288825,0.0009379755373,0.01069103926,0.02944285748
2926,0.001326937413,0.00267427821,0.0009379755373,0.01068138978,0.0295080777
2927,0.001326937413,0.002699745597,0.0009379755373,0.010671749,0.02860956445
2928,0.001326937413,0.002646887332,0.0009379755373,0.01066211693,0.0283161521
2929,0.001326937413,0.002569708189,0.0009379755373,0.01065249355,0.02785663744
2930,0.001326937413,0.002401537857,0.0009379755373,0.01064287885,0.02765005425
2931,0.001326937413,0.002536986317,0.0009379755373,0.01063327284,0.0289080321
2932,0.001326937413,0.002455218585,0.0009379755373,0.01062367549,0.02818662785
2933,0.001326937413,0.002348849504,0.0009379755373,0.01061408681,0.02773143995
2934,0.001326937413,0.00251163178,0.0009379755373,0.01060450678,0.02849000323
2935,0.001326937413,0.002377299273,0.0009379755373,0.0105949354,0.02811660014
2936,0.001326937413,0.002333336559,0.0009379755373,0.01058537265,0.02749562457
2937,0.001326937413,0.002487237866,0.0009379755373,0.01057581854,0.02726193039
2938,0.001326937413,0.002380564626,0.0009379755373,0.01056627305,0.02775880181
2939,0.001326937413,0.002349232143,0.0009379755373,0.01055673618,0.02774695798
2940,0.001251162867,0.002521946567,0.001002841203,0.01054720792,0.02804722184
2941,0.001251162867,0.002332801468,0.001002841203,0.01053768825,0.02766428378
2942,0.001251162867,0.002421251788,0.001002841203,0.01052817718,0.02731323483
2943,0.001251162867,0.002317926246,0.001002841203,0.01051867469,0.02783886573
2944,0.001251162867,0.002462692034,0.001002841203,0.01050918078,0.02906919412
2945,0.001251162867,0.002480733573,0.001002841203,0.01049969543,0.03046510601
2946,0.001251162867,0.002508037231,0.001002841203,0.01049021865,0.03131577713
2947,0.001251162867,0.002657736459,0.001002841203,0.01048075042,0.03285149264
2948,0.001251162867,0.002771110727,0.001002841203,0.01047129074,0.03391115949
2949,0.001251162867,0.002699993817,0.001002841203,0.0104618396,0.03460595942
2950,0.001239311033,0.00292684111,0.0009851193402,0.01045239698,0.03500277779
2951,0.001239311033,0.00282478855,0.0009851193402,0.01044296289,0.03572700767
2952,0.001239311033,0.002718917652,0.0009851193402,0.01043353731,0.03436242086
2953,0.001239311033,0.002567915057,0.0009851193402,0.01042412025,0.03353841215
2954,0.00122868191,0.002541429888,0.0009667244808,0.01041471168,0.03273632031
2955,0.00122868191,0.002349828621,0.0009667244808,0.0104053116,0.03154208397
2956,0.001217908667,0.002308528545,0.0009987232391,0.01039592001,0.03046799944
2957,0.001217908667,0.002235229271,0.0009987232391,0.01038653689,0.03053020298
2958,0.001217908667,0.002317932253,0.0009987232391,0.01037716224,0.0304808097
2959,0.001217908667,0.002193357528,0.0009987232391,0.01036779606,0.02853404953
2960,0.001217908667,0.002300895909,0.0009987232391,0.01035843832,0.02803546303
2961,0.001217908667,0.002155006325,0.0009987232391,0.01034908904,0.02768467067
2962,0.001217908667,0.002165342888,0.0009987232391,0.01033974819,0.02623037296
2963,0.001217908667,0.002354083159,0.0009987232391,0.01033041577,0.02597922945
2964,0.001217908667,0.002201153996,0.0009987232391,0.01032109178,0.02512605975
2965,0.001217908667,0.002163388745,0.0009987232391,0.0103117762,0.02430196515
2966,0.001217908667,0.00224599968,0.0009987232391,0.01030246903,0.02406553599
2967,0.001217908667,0.002328973349,0.0009987232391,0.01029317026,0.02360475315
2968,0.001217908667,0.002201961548,0.0009987232391,0.01028387988,0.02492713231
2969,0.001217908667,0.002123128552,0.0009987232391,0.01027459789,0.02551619392
2970,0.001210941692,0.002175207558,0.0009648807461,0.01026532428,0.02575593907
2971,0.001210941692,0.002284657362,0.0009648807461,0.01025605903,0.02622077566
2972,0.001210941692,0.002473418789,0.0009648807461,0.01024680215,0.02654770156
2973,0.001210941692,0.002562470345,0.0009648807461,0.01023755363,0.0271247341
2974,0.001210941692,0.002366565726,0.0009648807461,0.01022831345,0.02732795988
2975,0.001210941692,0.002350824941,0.0009648807461,0.01021908161,0.02744217598
2976,0.001210941692,0.002318854221,0.0009648807461,0.0102098581,0.02670025929
2977,0.00120936057,0.002441117751,0.0009744544732,0.01020064292,0.02682157058
2978,0.00120936057,0.002490433089,0.0009744544732,0.01019143606,0.02709276685
2979,0.00120936057,0.002319233446,0.0009744544732,0.0101822375,0.02695526681
2980,0.00120936057,0.002225923706,0.0009744544732,0.01017304725,0.02807966458
2981,0.00120936057,0.002419409766,0.0009744544732,0.01016386529,0.02865046788
2982,0.001208771307,0.002291147133,0.0009170308563,0.01015469162,0.02911134671
2983,0.001208771307,0.002362625629,0.0009170308563,0.01014552624,0.02908719268
2984,0.001200943646,0.002465324226,0.0009634032316,0.01013636912,0.02962807393
2985,0.001200943646,0.002354591116,0.0009634032316,0.01012722027,0.0304479243
2986,0.001200943646,0.002258407338,0.0009634032316,0.01011807967,0.03109143053
2987,0.001200943646,0.002332034219,0.0009634032316,0.01010894733,0.03152360368
2988,0.001200943646,0.002483479177,0.0009634032316,0.01009982323,0.03119376015
2989,0.001200943646,0.002426540248,0.0009634032316,0.01009070736,0.03136034174
2990,0.001200943646,0.002605923162,0.0009634032316,0.01008159972,0.03254833424
2991,0.001200943646,0.002691437651,0.0009634032316,0.0100725003,0.03318545353
2992,0.001200943646,0.003001936637,0.0009634032316,0.0100634091,0.03374283681
2993,0.001200943646,0.002865503093,0.0009634032316,0.0100543261,0.034216491
2994,0.001200943646,0.002841324668,0.0009634032316,0.0100452513,0.03459025648
2995,0.001200943646,0.003011507105,0.0009634032316,0.01003618468,0.03536003556
2996,0.001200943646,0.002770181355,0.0009634032316,0.01002712626,0.03638191409
2997,0.001200943646,0.003108969516,0.0009634032316,0.01001807601,0.03695101835
2998,0.001200943646,0.002887566632,0.0009634032316,0.01000903392,0.03747248297
2999,0.001200943646,0.002838388207,0.0009634032316,0.01,0.03658647396
3000,0.001200943646,0.002636092118,0.0009634032316,0.01,0.03452844704
