gen,best_train_mse,mean_train_mse,val_mse,sigma,diversity
1,0.1434550722,0.8228361808,0.1455648376,0.1498646135,0.2464647699
2,0.08805430791,0.7493285959,0.05742720892,0.1497293491,0.2631066509
3,0.03675627102,0.6954202267,0.02663819527,0.1495942069,0.2769998654
4,0.03675627102,0.7629757162,0.02663819527,0.1494591866,0.2877805437
5,0.03675627102,0.6697424481,0.02663819527,0.1493242882,0.3030476601
6,0.02256567665,0.6732493929,0.01846916813,0.1491895116,0.3156985815
7,0.02256567665,0.6932317236,0.01846916813,0.1490548566,0.3303922518
8,0.02256567665,0.6505489412,0.01846916813,0.1489203231,0.3411320565
9,0.01747446789,0.5488888718,0.01256785882,0.1487859111,0.3500234541
10,0.01747446789,0.5214360353,0.01256785882,0.1486516204,0.3563435841
11,0.01747446789,0.4551953002,0.01256785882,0.1485174509,0.3664827333
12,0.01747446789,0.4755930184,0.01256785882,0.1483834025,0.3721303159
13,0.01747446789,0.4250151401,0.01256785882,0.1482494751,0.3839284506
14,0.01747446789,0.4563178684,0.01256785882,0.1481156685,0.4014144499
15,0.01747446789,0.4829950069,0.01256785882,0.1479819827,0.4075821101
16,0.01747446789,0.5042628319,0.01256785882,0.1478484176,0.4099860739
17,0.01747446789,0.4519671984,0.01256785882,0.1477149731,0.4087740967
18,0.01747446789,0.4508601815,0.01256785882,0.147581649,0.4196477552
19,0.01747446789,0.4480140863,0.01256785882,0.1474484452,0.4266640062
20,0.01747446789,0.5128431862,0.01256785882,0.1473153616,0.4191710587
21,0.01747446789,0.4916883848,0.01256785882,0.1471823982,0.4084377331
22,0.01710348327,0.4019433227,0.01308248682,0.1470495548,0.3941325353
23,0.01710348327,0.3935505239,0.01308248682,0.1469168313,0.3821395234
24,0.01710348327,0.3477932616,0.01308248682,0.1467842275,0.3654068476
25,0.01710348327,0.3344770278,0.01308248682,0.1466517435,0.3425882875
26,0.01710348327,0.276451808,0.01308248682,0.146519379,0.3127684687
27,0.01710348327,0.3357189043,0.01308248682,0.146387134,0.2936228754
28,0.01710348327,0.3073379207,0.01308248682,0.1462550084,0.2825908871
29,0.01710348327,0.2896433893,0.01308248682,0.146123002,0.2828645827
30,0.01710348327,0.2800845755,0.01308248682,0.1459911148,0.2766085805
31,0.01710348327,0.2748012541,0.01308248682,0.1458593466,0.2779093873
32,0.01710348327,0.3357700263,0.01308248682,0.1457276973,0.2812564569
33,0.01710348327,0.3063683866,0.01308248682,0.1455961669,0.2893243599
34,0.01710348327,0.3227897568,0.01308248682,0.1454647552,0.2903778233
35,0.01710348327,0.2773846435,0.01308248682,0.145333462,0.2870842421
36,0.01710348327,0.2725761712,0.01308248682,0.1452022874,0.2831951102
37,0.01666469878,0.325499343,0.01273665166,0.1450712312,0.2948600788
38,0.01666469878,0.3382026971,0.01273665166,0.1449402933,0.3129296271
39,0.01666469878,0.3315953595,0.01273665166,0.1448094735,0.3104731515
40,0.01666469878,0.3097929357,0.01273665166,0.1446787718,0.3115427127
41,0.01666469878,0.3112843212,0.01273665166,0.1445481881,0.3166937732
42,0.01666469878,0.3219205063,0.01273665166,0.1444177223,0.3189524581
43,0.01666469878,0.2667494499,0.01273665166,0.1442873742,0.325477764
44,0.01666469878,0.2985909803,0.01273665166,0.1441571438,0.3328083765
45,0.01666469878,0.2857254374,0.01273665166,0.1440270309,0.3383101382
46,0.01666469878,0.4158154809,0.01273665166,0.1438970354,0.3466060159
47,0.01666469878,0.3402090695,0.01273665166,0.1437671573,0.3356851863
48,0.01666469878,0.3240509508,0.01273665166,0.1436373964,0.3471808947
49,0.01666469878,0.3572504531,0.01273665166,0.1435077526,0.355866896
50,0.01666469878,0.3017547151,0.01273665166,0.1433782258,0.3626439901
51,0.01666469878,0.3370194547,0.01273665166,0.143248816,0.3749641123
52,0.01666469878,0.3202860792,0.01273665166,0.1431195229,0.3881906082
53,0.01666469878,0.2842408848,0.01273665166,0.1429903465,0.3988120344
54,0.01666469878,0.2736741712,0.01273665166,0.1428612868,0.4052311915
55,0.01666469878,0.2991114947,0.01273665166,0.1427323435,0.4110989236
56,0.01666469878,0.3211074893,0.01273665166,0.1426035166,0.4226410324
57,0.01666469878,0.3179144696,0.01273665166,0.1424748059,0.4232984731
58,0.01646017263,0.3370632525,0.01365513636,0.1423462115,0.4285188328
59,0.01646017263,0.2851495551,0.01365513636,0.1422177331,0.4367208084
60,0.01646017263,0.2790455644,0.01365513636,0.1420893706,0.4565716245
61,0.01646017263,0.3163726813,0.01365513636,0.1419611241,0.4595348663
62,0.01646017263,0.3116683464,0.01365513636,0.1418329933,0.4637147522
63,0.01481771582,0.3276340308,0.01253684334,0.1417049781,0.4732249588
64,0.01481771582,0.3612851595,0.01253684334,0.1415770785,0.4786291247
65,0.01481771582,0.3187343328,0.01253684334,0.1414492943,0.4789685098
66,0.01481771582,0.3318380519,0.01253684334,0.1413216254,0.4777973259
67,0.01481771582,0.3705563192,0.01253684334,0.1411940718,0.492681164
68,0.01481771582,0.3658658937,0.01253684334,0.1410666333,0.4965348567
69,0.01481771582,0.4071482372,0.01253684334,0.1409393098,0.5105650975
70,0.01481771582,0.3845925458,0.01253684334,0.1408121013,0.5215092262
71,0.01420844766,0.3339836209,0.01134362307,0.1406850075,0.5128009344
72,0.01420844766,0.3418483106,0.01134362307,0.1405580285,0.5021610888
73,0.01420844766,0.3694071039,0.01134362307,0.1404311641,0.5055882077
74,0.01230210554,0.3225330525,0.008958214274,0.1403044142,0.5071239263
75,0.01230210554,0.3125984799,0.008958214274,0.1401777786,0.521075559
76,0.01230210554,0.3828701397,0.008958214274,0.1400512574,0.5329799044
77,0.01230210554,0.3940105829,0.008958214274,0.1399248504,0.5215809974
78,0.01230210554,0.4285466083,0.008958214274,0.1397985575,0.5292464097
79,0.01230210554,0.4629026652,0.008958214274,0.1396723785,0.5434314895
80,0.01230210554,0.4609955794,0.008958214274,0.1395463135,0.5442621939
81,0.01230210554,0.4544400122,0.008958214274,0.1394203622,0.5456985037
82,0.01230210554,0.4519794907,0.008958214274,0.1392945246,0.5421406939
83,0.01230210554,0.4242725137,0.008958214274,0.1391688006,0.5502830895
84,0.01230210554,0.4666282593,0.008958214274,0.1390431901,0.5605476508
85,0.01230210554,0.426396506,0.008958214274,0.1389176929,0.5722609091
86,0.01230210554,0.4864796014,0.008958214274,0.138792309,0.581665463
87,0.01230210554,0.397099148,0.008958214274,0.1386670383,0.583480708
88,0.01230210554,0.4232316946,0.008958214274,0.1385418807,0.5925948904
89,0.01230210554,0.4047059024,0.008958214274,0.138416836,0.6003969743
90,0.01230210554,0.3876444612,0.008958214274,0.1382919041,0.6096077038
91,0.01230210554,0.4277243959,0.008958214274,0.1381670851,0.6186790497
92,0.01230210554,0.4385398011,0.008958214274,0.1380423787,0.6250941308
93,0.01230210554,0.4055326969,0.008958214274,0.1379177848,0.6334451199
94,0.01230210554,0.3953239726,0.008958214274,0.1377933034,0.6209348607
95,0.01230210554,0.3787266501,0.008958214274,0.1376689344,0.6277361248
96,0.01230210554,0.4253093843,0.008958214274,0.1375446776,0.6434723118
97,0.01230210554,0.436288307,0.008958214274,0.1374205329,0.6375165658
98,0.01230210554,0.3943680557,0.008958214274,0.1372965003,0.6393967325
99,0.01230210554,0.336084097,0.008958214274,0.1371725797,0.6375650276
100,0.01230210554,0.3636181452,0.008958214274,0.1370487709,0.6329660614
101,0.01230210554,0.4391927822,0.008958214274,0.1369250739,0.6313823503
102,0.01230210554,0.3859285345,0.008958214274,0.1368014885,0.6309758374
103,0.01230210554,0.4063349264,0.008958214274,0.1366780146,0.655937188
104,0.01230210554,0.5065548518,0.008958214274,0.1365546522,0.6674304592
105,0.01230210554,0.4109513084,0.008958214274,0.1364314011,0.6721583022
106,0.01230210554,0.4355824649,0.008958214274,0.1363082613,0.6893067437
107,0.01230210554,0.410215814,0.008958214274,0.1361852326,0.7079492481
108,0.01230210554,0.4432700324,0.008958214274,0.136062315,0.7235655556
109,0.01230210554,0.4247621008,0.008958214274,0.1359395083,0.7543423816
110,0.01230210554,0.418979388,0.008958214274,0.1358168125,0.7779529039
111,0.01230210554,0.3871247554,0.008958214274,0.1356942274,0.80200121
112,0.01230210554,0.3528355445,0.008958214274,0.1355717529,0.8320774076
113,0.01230210554,0.3714120805,0.008958214274,0.135449389,0.8603337949
114,0.01230210554,0.3838046724,0.008958214274,0.1353271355,0.878081799
115,0.01230210554,0.3715046031,0.008958214274,0.1352049924,0.8911743576
116,0.01230210554,0.3647311851,0.008958214274,0.1350829595,0.9155235893
117,0.01230210554,0.3901245209,0.008958214274,0.1349610367,0.9226083391
118,0.01230210554,0.3852492655,0.008958214274,0.134839224,0.9295429588
119,0.01230210554,0.3444704693,0.008958214274,0.1347175213,0.951288231
120,0.01230210554,0.3883154401,0.008958214274,0.1345959283,0.9909684852
121,0.01230210554,0.3566853529,0.008958214274,0.1344744452,1.007693203
122,0.01230210554,0.3418131518,0.008958214274,0.1343530717,1.044696637
123,0.01230210554,0.3322906116,0.008958214274,0.1342318077,1.061536602
124,0.01230210554,0.3307331603,0.008958214274,0.1341106532,1.073697253
125,0.01230210554,0.3492209218,0.008958214274,0.133989608,1.072517485
126,0.01230210554,0.3249930075,0.008958214274,0.1338686721,1.100521691
127,0.01230210554,0.2767361437,0.008958214274,0.1337478453,1.142932636
128,0.01230210554,0.3519881987,0.008958214274,0.1336271276,1.160493836
129,0.01230210554,0.3077964811,0.008958214274,0.1335065189,1.210031321
130,0.01230210554,0.3033983491,0.008958214274,0.133386019,1.249645882
131,0.01230210554,0.272806762,0.008958214274,0.1332656278,1.312418475
132,0.01230210554,0.2273903508,0.008958214274,0.1331453454,1.346627343
133,0.01230210554,0.2944107076,0.008958214274,0.1330251715,1.36840459
134,0.01230210554,0.2572538979,0.008958214274,0.132905106,1.38713431
135,0.01230210554,0.3216598321,0.008958214274,0.132785149,1.431290028
136,0.01230210554,0.2783819404,0.008958214274,0.1326653002,1.512637063
137,0.01230210554,0.2398588368,0.008958214274,0.1325455595,1.516793042
138,0.01230210554,0.2343931938,0.008958214274,0.132425927,1.558094383
139,0.01230210554,0.2698372351,0.008958214274,0.1323064024,1.600644378
140,0.01230210554,0.3135654764,0.008958214274,0.1321869857,1.636793453
141,0.01230210554,0.2294315421,0.008958214274,0.1320676768,1.691216322
142,0.01230210554,0.3032388844,0.008958214274,0.1319484756,1.674795128
143,0.01230210554,0.2542061532,0.008958214274,0.131829382,1.739291709
144,0.01230210554,0.2649456105,0.008958214274,0.1317103958,1.768247042
145,0.01230210554,0.2553657008,0.008958214274,0.1315915171,1.841717528
146,0.01230210554,0.2129239122,0.008958214274,0.1314727456,1.867395934
147,0.009672587044,0.2149449614,0.006351058586,0.1313540814,1.889385579
148,0.009672587044,0.3524307686,0.006351058586,0.1312355242,1.867262701
149,0.009672587044,0.3268821319,0.006351058586,0.1311170741,1.892708042
150,0.009672587044,0.3154189847,0.006351058586,0.1309987308,1.971282269
151,0.009672587044,0.2259799569,0.006351058586,0.1308804944,2.06813373
152,0.009672587044,0.211860806,0.006351058586,0.1307623647,2.136575943
153,0.009672587044,0.1971642628,0.006351058586,0.1306443416,2.17731654
154,0.009672587044,0.2055163285,0.006351058586,0.1305264251,2.203072612
155,0.009672587044,0.2656393769,0.006351058586,0.1304086149,2.234828453
156,0.009672587044,0.2565672093,0.006351058586,0.1302909112,2.29373331
157,0.009672587044,0.2626907546,0.006351058586,0.1301733136,2.328107585
158,0.009672587044,0.2764926602,0.006351058586,0.1300558222,2.410672492
159,0.009672587044,0.2425068534,0.006351058586,0.1299384368,2.473983006
160,0.009672587044,0.2411478568,0.006351058586,0.1298211574,2.506535812
161,0.009672587044,0.2723437137,0.006351058586,0.1297039838,2.525196796
162,0.009672587044,0.2698883011,0.006351058586,0.129586916,2.602250569
163,0.009672587044,0.2522598516,0.006351058586,0.1294699539,2.667919219
164,0.009672587044,0.191156462,0.006351058586,0.1293530973,2.695671317
165,0.009672587044,0.2576068225,0.006351058586,0.1292363462,2.746322568
166,0.009672587044,0.2078987173,0.006351058586,0.1291197004,2.819173537
167,0.009672587044,0.2692843752,0.006351058586,0.12900316,2.812728688
168,0.009672587044,0.2497382267,0.006351058586,0.1288867247,2.832361762
169,0.009672587044,0.1776549929,0.006351058586,0.1287703946,2.867873382
170,0.009672587044,0.1961831187,0.006351058586,0.1286541694,2.900867681
171,0.009672587044,0.2181820374,0.006351058586,0.1285380491,2.967423072
172,0.009672587044,0.2410507324,0.006351058586,0.1284220336,2.950381001
173,0.009672587044,0.2161785377,0.006351058586,0.1283061229,3.011745908
174,0.009672587044,0.2554308266,0.006351058586,0.1281903168,3.013342218
175,0.009672587044,0.3060568451,0.006351058586,0.1280746152,3.011599971
176,0.009672587044,0.244873483,0.006351058586,0.127959018,3.034991402
177,0.009672587044,0.2340805853,0.006351058586,0.1278435251,3.073433826
178,0.009672587044,0.2313724868,0.006351058586,0.1277281365,3.078949755
179,0.009672587044,0.2095289931,0.006351058586,0.1276128521,3.152057002
180,0.009672587044,0.1651157793,0.006351058586,0.1274976717,3.156770908
181,0.009672587044,0.1579226018,0.006351058586,0.1273825952,3.166571081
182,0.009672587044,0.145183404,0.006351058586,0.1272676226,3.201529527
183,0.009672587044,0.176841081,0.006351058586,0.1271527538,3.185986064
184,0.009672587044,0.1616058699,0.006351058586,0.1270379887,3.234962836
185,0.009672587044,0.1851190942,0.006351058586,0.1269233272,3.213685769
186,0.009672587044,0.2451256514,0.006351058586,0.1268087691,3.200274549
187,0.009672587044,0.2453263818,0.006351058586,0.1266943144,3.249514657
188,0.009672587044,0.2745872509,0.006351058586,0.1265799631,3.225417421
189,0.009672587044,0.2359594854,0.006351058586,0.126465715,3.286250547
190,0.009672587044,0.1992220814,0.006351058586,0.1263515699,3.335935829
191,0.009672587044,0.1719184747,0.006351058586,0.1262375279,3.379995577
192,0.009672587044,0.1894458652,0.006351058586,0.1261235889,3.342299568
193,0.009672587044,0.1804952781,0.006351058586,0.1260097526,3.321837169
194,0.009672587044,0.1491944985,0.006351058586,0.1258960192,3.272595383
195,0.009672587044,0.181837578,0.006351058586,0.1257823883,3.263880233
196,0.009672587044,0.1978560937,0.006351058586,0.1256688601,3.27223949
197,0.009672587044,0.1698855424,0.006351058586,0.1255554343,3.304417214
198,0.009672587044,0.1509059474,0.006351058586,0.1254421108,3.368692697
199,0.009672587044,0.1368480823,0.006351058586,0.1253288897,3.396586667
200,0.009672587044,0.1854699755,0.006351058586,0.1252157707,3.390573314
201,0.009672587044,0.1703960788,0.006351058586,0.1251027539,3.410163781
202,0.009672587044,0.1626014291,0.006351058586,0.124989839,3.455351403
203,0.009672587044,0.1720072748,0.006351058586,0.1248770261,3.442794057
204,0.009672587044,0.1736942022,0.006351058586,0.124764315,3.460898679
205,0.009672587044,0.1337598159,0.006351058586,0.1246517056,3.484821683
206,0.009672587044,0.1723356289,0.006351058586,0.1245391979,3.473071288
207,0.009672587044,0.2226613066,0.006351058586,0.1244267917,3.467078672
208,0.009672587044,0.185507421,0.006351058586,0.1243144869,3.53254849
209,0.009672587044,0.1724708753,0.006351058586,0.1242022836,3.532954935
210,0.009672587044,0.1383428128,0.006351058586,0.1240901815,3.554109667
211,0.009672587044,0.1699923211,0.006351058586,0.1239781805,3.556185862
212,0.009672587044,0.1711628704,0.006351058586,0.1238662807,3.544479635
213,0.009672587044,0.2041262048,0.006351058586,0.1237544819,3.555228915
214,0.009672587044,0.201258568,0.006351058586,0.1236427839,3.589782629
215,0.009672587044,0.1798982159,0.006351058586,0.1235311868,3.601051991
216,0.009672587044,0.1804422168,0.006351058586,0.1234196904,3.616346405
217,0.009672587044,0.2170465971,0.006351058586,0.1233082947,3.623106392
218,0.009672587044,0.1986264652,0.006351058586,0.1231969995,3.63841957
219,0.009672587044,0.2330839543,0.006351058586,0.1230858047,3.660184364
220,0.008747583216,0.155752776,0.006613724905,0.1229747103,3.670112964
221,0.008747583216,0.1798805301,0.006613724905,0.1228637162,3.685813427
222,0.008747583216,0.1449131474,0.006613724905,0.1227528223,3.719185273
223,0.008747583216,0.1668429274,0.006613724905,0.1226420284,3.732656987
224,0.008747583216,0.1650359983,0.006613724905,0.1225313346,3.729992201
225,0.008747583216,0.2233220256,0.006613724905,0.1224207406,3.726074681
226,0.008747583216,0.1896254902,0.006613724905,0.1223102465,3.734496713
227,0.008747583216,0.1955857507,0.006613724905,0.1221998521,3.750931255
228,0.008747583216,0.1600414269,0.006613724905,0.1220895573,3.743585154
229,0.008747583216,0.1626050205,0.006613724905,0.1219793621,3.736115185
230,0.008747583216,0.2664392244,0.006613724905,0.1218692664,3.701263661
231,0.008747583216,0.2530359211,0.006613724905,0.12175927,3.724744007
232,0.008747583216,0.2463941087,0.006613724905,0.1216493729,3.691355795
233,0.008747583216,0.206584914,0.006613724905,0.121539575,3.724572859
234,0.008747583216,0.1822896035,0.006613724905,0.1214298762,3.685027868
235,0.008747583216,0.2176333346,0.006613724905,0.1213202764,3.656210062
236,0.008747583216,0.163272041,0.006613724905,0.1212107755,3.675299774
237,0.008722360208,0.1821846529,0.00584537752,0.1211013735,3.682596172
238,0.008722360208,0.266366866,0.00584537752,0.1209920702,3.658647458
239,0.008722360208,0.2026979985,0.00584537752,0.1208828656,3.690532674
240,0.008722360208,0.1868425714,0.00584537752,0.1207737595,3.682271977
241,0.008722360208,0.2412409401,0.00584537752,0.1206647519,3.665658002
242,0.008722360208,0.2426250096,0.00584537752,0.1205558427,3.711551251
243,0.008722360208,0.1631251897,0.00584537752,0.1204470318,3.756527336
244,0.008722360208,0.2224668205,0.00584537752,0.1203383191,3.77407961
245,0.008722360208,0.1973487348,0.00584537752,0.1202297045,3.779126547
246,0.008722360208,0.1436127952,0.00584537752,0.120121188,3.794883982
247,0.008722360208,0.2130076487,0.00584537752,0.1200127694,3.787405981
248,0.008722360208,0.2096110926,0.00584537752,0.1199044486,3.797194274
249,0.008722360208,0.2594916381,0.00584537752,0.1197962256,3.833213432
250,0.008722360208,0.1964627237,0.00584537752,0.1196881003,3.883270697
251,0.008722360208,0.1652098195,0.00584537752,0.1195800726,3.89986308
252,0.008722360208,0.1890434032,0.00584537752,0.1194721424,3.93779303
253,0.008722360208,0.1931419311,0.00584537752,0.1193643096,3.951066379
254,0.008722360208,0.1782931886,0.00584537752,0.1192565742,3.961143847
255,0.008722360208,0.1585999343,0.00584537752,0.119148936,3.951246137
256,0.008722360208,0.1787062889,0.00584537752,0.1190413949,3.957320769
257,0.008722360208,0.1601670848,0.00584537752,0.1189339509,3.976654029
258,0.008722360208,0.1422080917,0.00584537752,0.1188266039,3.968971045
259,0.008722360208,0.1587229794,0.00584537752,0.1187193537,3.996721409
260,0.008722360208,0.1612329813,0.00584537752,0.1186122004,4.016233903
261,0.008722360208,0.2056590029,0.00584537752,0.1185051438,3.980088416
262,0.008722360208,0.1973180537,0.00584537752,0.1183981838,3.962925825
263,0.008722360208,0.1465332311,0.00584537752,0.1182913203,4.006127857
264,0.008722360208,0.1882927152,0.00584537752,0.1181845533,3.994600285
265,0.008722360208,0.1417956764,0.00584537752,0.1180778827,4.015135506
266,0.008722360208,0.173651152,0.00584537752,0.1179713083,4.008113796
267,0.008722360208,0.2280394479,0.00584537752,0.1178648301,3.986919885
268,0.008722360208,0.1821937235,0.00584537752,0.1177584481,3.990910395
269,0.008722360208,0.1510387741,0.00584537752,0.117652162,3.995360686
270,0.008722360208,0.1855948666,0.00584537752,0.1175459719,4.002092102
271,0.008722360208,0.1622069172,0.00584537752,0.1174398776,4.010622906
272,0.008722360208,0.1910620948,0.00584537752,0.1173338791,4.012762541
273,0.008722360208,0.2556359892,0.00584537752,0.1172279763,3.98990038
274,0.008722360208,0.1747801071,0.00584537752,0.117122169,4.024109635
275,0.008722360208,0.1828561658,0.00584537752,0.1170164573,4.020168088
276,0.008722360208,0.2194059886,0.00584537752,0.1169108409,4.038147221
277,0.008722360208,0.1569447988,0.00584537752,0.1168053199,4.054244728
278,0.008722360208,0.1480615384,0.00584537752,0.1166998941,4.043727225
279,0.008722360208,0.1302697847,0.00584537752,0.1165945635,4.030986267
280,0.008722360208,0.1382401526,0.00584537752,0.116489328,4.034515802
281,0.008722360208,0.126890281,0.00584537752,0.1163841874,4.048603082
282,0.008722360208,0.1611218879,0.00584537752,0.1162791417,4.062242601
283,0.008722360208,0.1599220347,0.00584537752,0.1161741909,4.061973391
284,0.008722360208,0.1814455231,0.00584537752,0.1160693347,4.067377572
285,0.00772611756,0.1827670111,0.006095596282,0.1159645733,4.071563352
286,0.00772611756,0.229435825,0.006095596282,0.1158599063,4.079136563
287,0.00772611756,0.2311842164,0.006095596282,0.1157553339,4.040205826
288,0.00772611756,0.1568710779,0.006095596282,0.1156508558,4.014683068
289,0.00772611756,0.1529305359,0.006095596282,0.115546472,3.984184926
290,0.00772611756,0.1698223671,0.006095596282,0.1154421824,3.962525232
291,0.00772611756,0.208572699,0.006095596282,0.115337987,3.966123666
292,0.00772611756,0.1540183659,0.006095596282,0.1152338856,3.977248481
293,0.00772611756,0.1848592526,0.006095596282,0.1151298781,3.987514379
294,0.00772611756,0.2050697715,0.006095596282,0.1150259646,3.970500786
295,0.00772611756,0.2679537155,0.006095596282,0.1149221448,3.948328008
296,0.00772611756,0.15928533,0.006095596282,0.1148184188,3.95388037
297,0.00772611756,0.2436853119,0.006095596282,0.1147147863,3.961475739
298,0.00772611756,0.2151887847,0.006095596282,0.1146112474,3.933366242
299,0.00772611756,0.1764043427,0.006095596282,0.1145078019,3.93169661
300,0.00772611756,0.1850543784,0.006095596282,0.1144044499,3.925026911
301,0.00772611756,0.1489905231,0.006095596282,0.1143011911,3.909767321
302,0.00772611756,0.1566563291,0.006095596282,0.1141980254,3.882913358
303,0.00772611756,0.1930858657,0.006095596282,0.114094953,3.898239859
304,0.00772611756,0.1762357867,0.006095596282,0.1139919735,3.89351896
305,0.00772611756,0.1466129627,0.006095596282,0.113889087,3.897823131
306,0.00772611756,0.1398352984,0.006095596282,0.1137862933,3.902133934
307,0.00772611756,0.2196385339,0.006095596282,0.1136835925,3.891962704
308,0.00772611756,0.1991146512,0.006095596282,0.1135809843,3.890416368
309,0.00772611756,0.1868148809,0.006095596282,0.1134784687,3.876452063
310,0.00772611756,0.1612727068,0.006095596282,0.1133760457,3.914444409
311,0.00772611756,0.1472202304,0.006095596282,0.1132737151,3.92468417
312,0.00772611756,0.1656084366,0.006095596282,0.1131714769,3.914594603
313,0.00772611756,0.253361918,0.006095596282,0.1130693309,3.885043015
314,0.00772611756,0.2043023543,0.006095596282,0.1129672771,3.914504778
315,0.00772611756,0.1799580017,0.006095596282,0.1128653155,3.921411445
316,0.00772611756,0.1846582515,0.006095596282,0.1127634459,3.90419184
317,0.00772611756,0.2273351295,0.006095596282,0.1126616682,3.876054813
318,0.00772611756,0.2346025718,0.006095596282,0.1125599824,3.835326595
319,0.00772611756,0.1718094776,0.006095596282,0.1124583884,3.844155954
320,0.00772611756,0.1634080569,0.006095596282,0.112356886,3.829427899
321,0.00772611756,0.1746580738,0.006095596282,0.1122554753,3.829403035
322,0.00772611756,0.2305736198,0.006095596282,0.1121541561,3.842239652
323,0.00772611756,0.2069009253,0.006095596282,0.1120529284,3.852357177
324,0.00772611756,0.152662351,0.006095596282,0.111951792,3.831055821
325,0.00772611756,0.1411814739,0.006095596282,0.1118507469,3.833908331
326,0.00772611756,0.1705538527,0.006095596282,0.111749793,3.862446524
327,0.00772611756,0.1550454928,0.006095596282,0.1116489302,3.851288934
328,0.00772611756,0.2020235401,0.006095596282,0.1115481585,3.883443176
329,0.00772611756,0.1417840013,0.006095596282,0.1114474777,3.857560854
330,0.00772611756,0.1640267018,0.006095596282,0.1113468878,3.840624012
331,0.00772611756,0.1477590088,0.006095596282,0.1112463887,3.85834712
332,0.00772611756,0.1018211669,0.006095596282,0.1111459803,3.8390053
333,0.00772611756,0.227708414,0.006095596282,0.1110456625,3.843615966
334,0.00772611756,0.2036024235,0.006095596282,0.1109454352,3.866203005
335,0.00772611756,0.1467515596,0.006095596282,0.1108452985,3.850261806
336,0.00772611756,0.1788408113,0.006095596282,0.1107452521,3.830077891
337,0.00772611756,0.1904640603,0.006095596282,0.110645296,3.823710294
338,0.00772611756,0.1507589915,0.006095596282,0.1105454301,3.808188198
339,0.00772611756,0.1770668696,0.006095596282,0.1104456543,3.818969852
340,0.00772611756,0.1761059096,0.006095596282,0.1103459687,3.826278755
341,0.00772611756,0.1939700976,0.006095596282,0.1102463729,3.843999932
342,0.00772611756,0.2123424499,0.006095596282,0.1101468671,3.882029751
343,0.00772611756,0.1919377298,0.006095596282,0.1100474511,3.899513528
344,0.00772611756,0.1842891856,0.006095596282,0.1099481248,3.860321614
345,0.00772611756,0.2135450303,0.006095596282,0.1098488882,3.866045663
346,0.00772611756,0.1827606244,0.006095596282,0.1097497411,3.873876188
347,0.00772611756,0.1480917728,0.006095596282,0.1096506836,3.866474461
348,0.00772611756,0.2090268931,0.006095596282,0.1095517154,3.851203406
349,0.00772611756,0.1723346071,0.006095596282,0.1094528366,3.838988695
350,0.00772611756,0.161193111,0.006095596282,0.109354047,3.82968201
351,0.00772611756,0.1849956481,0.006095596282,0.1092553465,3.884275174
352,0.00772611756,0.1966499465,0.006095596282,0.1091567352,3.863938711
353,0.00772611756,0.1709289987,0.006095596282,0.1090582129,3.850791596
354,0.00772611756,0.1626510129,0.006095596282,0.1089597794,3.85238135
355,0.00772611756,0.1634185855,0.006095596282,0.1088614349,3.826152668
356,0.00772611756,0.1311206903,0.006095596282,0.1087631791,3.812593169
357,0.00772611756,0.1814382499,0.006095596282,0.1086650119,3.850214951
358,0.00772611756,0.1884004697,0.006095596282,0.1085669334,3.852196155
359,0.00772611756,0.1307361138,0.006095596282,0.1084689434,3.832139666
360,0.00772611756,0.1665621566,0.006095596282,0.1083710419,3.828746672
361,0.00772611756,0.2101220493,0.006095596282,0.1082732287,3.828225595
362,0.00772611756,0.1906076695,0.006095596282,0.1081755038,3.872259111
363,0.00772611756,0.1242842416,0.006095596282,0.1080778671,3.852570381
364,0.00772611756,0.161932549,0.006095596282,0.1079803185,3.854001443
365,0.00772611756,0.1968223629,0.006095596282,0.107882858,3.820350334
366,0.00772611756,0.2713932833,0.006095596282,0.1077854854,3.803562712
367,0.00772611756,0.1807565875,0.006095596282,0.1076882007,3.778345117
368,0.00772611756,0.1571116805,0.006095596282,0.1075910038,3.784483453
369,0.00772611756,0.1557847632,0.006095596282,0.1074938947,3.801175984
370,0.00772611756,0.1650508516,0.006095596282,0.1073968732,3.79738763
371,0.00772611756,0.1204028592,0.006095596282,0.1072999393,3.787536099
372,0.00772611756,0.1673221893,0.006095596282,0.1072030928,3.805288213
373,0.00772611756,0.1791420028,0.006095596282,0.1071063338,3.816290453
374,0.00772611756,0.1837654414,0.006095596282,0.1070096621,3.827410648
375,0.00772611756,0.1726377215,0.006095596282,0.1069130777,3.810458887
376,0.00772611756,0.1632502764,0.006095596282,0.1068165804,3.80243002
377,0.00772611756,0.1545084633,0.006095596282,0.1067201702,3.773819181
378,0.00772611756,0.1640716197,0.006095596282,0.1066238471,3.787526408
379,0.00772611756,0.1883378426,0.006095596282,0.1065276108,3.792890209
380,0.00772611756,0.1759852701,0.006095596282,0.1064314615,3.780042326
381,0.00772611756,0.1113475869,0.006095596282,0.1063353989,3.77364869
382,0.00772611756,0.1784216354,0.006095596282,0.1062394231,3.827377852
383,0.00772611756,0.1488177024,0.006095596282,0.1061435338,3.761370293
384,0.00772611756,0.1795175644,0.006095596282,0.1060477311,3.77802766
385,0.00772611756,0.1793720827,0.006095596282,0.1059520149,3.787485756
386,0.00772611756,0.1732218307,0.006095596282,0.1058563851,3.820488345
387,0.00772611756,0.17810455,0.006095596282,0.1057608415,3.832697606
388,0.00772611756,0.148517413,0.006095596282,0.1056653843,3.784116156
389,0.00772611756,0.1326232231,0.006095596282,0.1055700131,3.765653896
390,0.00772611756,0.1661092052,0.006095596282,0.1054747281,3.77976293
391,0.00772611756,0.1457492314,0.006095596282,0.105379529,3.763649682
392,0.00772611756,0.145435133,0.006095596282,0.1052844159,3.787694811
393,0.00772611756,0.1572454399,0.006095596282,0.1051893886,3.814748947
394,0.00772611756,0.1562968717,0.006095596282,0.1050944471,3.79992697
395,0.00772611756,0.1339766558,0.006095596282,0.1049995913,3.835974953
396,0.00772611756,0.1954831681,0.006095596282,0.1049048211,3.870869143
397,0.00772611756,0.1719917877,0.006095596282,0.1048101365,3.866365935
398,0.00772611756,0.1546488613,0.006095596282,0.1047155373,3.851958888
399,0.00772611756,0.1871205652,0.006095596282,0.1046210234,3.854510892
400,0.00772611756,0.1577703056,0.006095596282,0.1045265949,3.837648807
401,0.00772611756,0.1248130994,0.006095596282,0.1044322517,3.822059493
402,0.00772611756,0.1420957527,0.006095596282,0.1043379935,3.783375178
403,0.00772611756,0.13165696,0.006095596282,0.1042438205,3.773168674
404,0.00772611756,0.1370592817,0.006095596282,0.1041497324,3.7765242
405,0.00772611756,0.1441492395,0.006095596282,0.1040557293,3.795905244
406,0.00772611756,0.1363682951,0.006095596282,0.103961811,3.788384098
407,0.00772611756,0.154133262,0.006095596282,0.1038679775,3.7949055
408,0.00772611756,0.1355885242,0.006095596282,0.1037742286,3.802853137
409,0.00772611756,0.1821275462,0.006095596282,0.1036805644,3.82073527
410,0.00772611756,0.1306522655,0.006095596282,0.1035869847,3.81101511
411,0.00772611756,0.1445387804,0.006095596282,0.1034934895,3.824861255
412,0.00772611756,0.1506785732,0.006095596282,0.1034000787,3.825396626
413,0.00772611756,0.1752571114,0.006095596282,0.1033067522,3.816632198
414,0.00772611756,0.1165332816,0.006095596282,0.1032135099,3.803174793
415,0.00772611756,0.1669624704,0.006095596282,0.1031203518,3.832984592
416,0.00772611756,0.166442377,0.006095596282,0.1030272778,3.834180416
417,0.00772611756,0.1434350569,0.006095596282,0.1029342877,3.828359085
418,0.00772611756,0.1873590625,0.006095596282,0.1028413816,3.813160907
419,0.00772611756,0.1768113549,0.006095596282,0.1027485594,3.817021277
420,0.00772611756,0.161105384,0.006095596282,0.1026558209,3.796405898
421,0.00772611756,0.1706737792,0.006095596282,0.1025631661,3.826243567
422,0.00772611756,0.1457811174,0.006095596282,0.102470595,3.844096015
423,0.00772611756,0.1397476459,0.006095596282,0.1023781074,3.805218376
424,0.00772611756,0.1790498934,0.006095596282,0.1022857033,3.825341856
425,0.00772611756,0.120965163,0.006095596282,0.1021933826,3.803780488
426,0.00772611756,0.148817679,0.006095596282,0.1021011452,3.815920539
427,0.00772611756,0.1386910226,0.006095596282,0.1020089911,3.810111671
428,0.00772611756,0.1445083546,0.006095596282,0.1019169201,3.821609535
429,0.00772611756,0.137000896,0.006095596282,0.1018249323,3.803641553
430,0.00772611756,0.1226801634,0.006095596282,0.1017330275,3.793176669
431,0.00772611756,0.1474307003,0.006095596282,0.1016412056,3.813536799
432,0.00772611756,0.184904524,0.006095596282,0.1015494666,3.829136753
433,0.00772611756,0.2121877515,0.006095596282,0.1014578104,3.805803336
434,0.00772611756,0.1454589463,0.006095596282,0.1013662369,3.75912322
435,0.00772611756,0.1506366931,0.006095596282,0.1012747461,3.764834392
436,0.00772611756,0.1676557573,0.006095596282,0.1011833379,3.808322187
437,0.00772611756,0.1346841898,0.006095596282,0.1010920121,3.747807736
438,0.00772611756,0.1216731653,0.006095596282,0.1010007688,3.761771531
439,0.00772611756,0.1634821758,0.006095596282,0.1009096079,3.765983775
440,0.00772611756,0.1041079386,0.006095596282,0.1008185292,3.768200933
441,0.00772611756,0.1467163966,0.006095596282,0.1007275327,3.769194406
442,0.007707695074,0.1231116001,0.005112024221,0.1006366184,3.75777018
443,0.007707695074,0.1958252632,0.005112024221,0.1005457861,3.812216319
444,0.007707695074,0.1915928454,0.005112024221,0.1004550358,3.833723846
445,0.007707695074,0.2086101729,0.005112024221,0.1003643674,3.838544484
446,0.007707695074,0.2011122016,0.005112024221,0.1002737809,3.839970912
447,0.007707695074,0.1704673429,0.005112024221,0.1001832761,3.826607161
448,0.007473980268,0.2297925332,0.005805269981,0.100092853,3.835536758
449,0.007473980268,0.1681483209,0.005805269981,0.1000025115,3.873136222
450,0.007473980268,0.1660680697,0.005805269981,0.09991225155,3.868776676
451,0.006655634266,0.1517651784,0.004814054959,0.09982207307,3.84004908
452,0.006655634266,0.1904597527,0.004814054959,0.09973197598,3.843557416
453,0.006655634266,0.208229401,0.004814054959,0.09964196021,3.829654063
454,0.006655634266,0.1816804257,0.004814054959,0.09955202568,3.832874205
455,0.006655634266,0.1642940045,0.004814054959,0.09946217233,3.858105472
456,0.006649822744,0.1750751008,0.004590358991,0.09937240008,3.860830684
457,0.006649822744,0.1699719732,0.004590358991,0.09928270885,3.867413889
458,0.006649822744,0.2031829352,0.004590358991,0.09919309858,3.84705343
459,0.006649822744,0.2768658223,0.004590358991,0.09910356919,3.880692794
460,0.006649822744,0.2122571516,0.004590358991,0.0990141206,3.874695568
461,0.006649822744,0.1654394223,0.004590358991,0.09892475275,3.87260939
462,0.006649822744,0.1930179051,0.004590358991,0.09883546556,3.856962354
463,0.006649822744,0.1429035665,0.004590358991,0.09874625896,3.865737484
464,0.006649822744,0.1684802567,0.004590358991,0.09865713288,3.865627956
465,0.006649822744,0.1293493748,0.004590358991,0.09856808723,3.857486841
466,0.006649822744,0.1246903815,0.004590358991,0.09847912196,3.826946295
467,0.006649822744,0.1341808172,0.004590358991,0.09839023699,3.847665238
468,0.006649822744,0.1831810055,0.004590358991,0.09830143224,3.8631901
469,0.006649822744,0.1547962481,0.004590358991,0.09821270765,3.847197965
470,0.006649822744,0.1459531503,0.004590358991,0.09812406313,3.872155311
471,0.006649822744,0.1750808534,0.004590358991,0.09803549863,3.875060027
472,0.006649822744,0.188473026,0.004590358991,0.09794701406,3.8674068
473,0.006649822744,0.1092560823,0.004590358991,0.09785860935,3.822106096
474,0.006649822744,0.109547777,0.004590358991,0.09777028444,3.820109358
475,0.006649822744,0.1499587457,0.004590358991,0.09768203925,3.822018839
476,0.006649822744,0.1581165243,0.004590358991,0.0975938737,3.815891617
477,0.006649822744,0.1932465984,0.004590358991,0.09750578773,3.793928712
478,0.006649822744,0.2020249072,0.004590358991,0.09741778127,3.770005811
479,0.006649822744,0.2082530782,0.004590358991,0.09732985424,3.773357629
480,0.006649822744,0.2495745661,0.004590358991,0.09724200657,3.776600386
481,0.006649822744,0.264594668,0.004590358991,0.09715423818,3.788534533
482,0.006649822744,0.2181197736,0.004590358991,0.09706654902,3.825410268
483,0.006649822744,0.2361800157,0.004590358991,0.096978939,3.801904824
484,0.006649822744,0.2275054854,0.004590358991,0.09689140806,3.810054457
485,0.006649822744,0.1922612445,0.004590358991,0.09680395612,3.818279829
486,0.006649822744,0.1875332538,0.004590358991,0.09671658311,3.826456282
487,0.006649822744,0.1171319473,0.004590358991,0.09662928896,3.81928613
488,0.006649822744,0.151025232,0.004590358991,0.09654207361,3.84372187
489,0.006649822744,0.1568181978,0.004590358991,0.09645493697,3.861514387
490,0.006649822744,0.1838920398,0.004590358991,0.09636787898,3.833942545
491,0.006649822744,0.1142234457,0.004590358991,0.09628089956,3.833262683
492,0.006649822744,0.1107289409,0.004590358991,0.09619399865,3.812321851
493,0.006649822744,0.1229936773,0.004590358991,0.09610717618,3.852531394
494,0.006572832536,0.1037345324,0.005561881205,0.09602043207,3.853414466
495,0.006572832536,0.1588122992,0.005561881205,0.09593376625,3.878364174
496,0.006572832536,0.1601651027,0.005561881205,0.09584717866,3.891308169
497,0.006572832536,0.1700782311,0.005561881205,0.09576066922,3.881246026
498,0.006572832536,0.1199649279,0.005561881205,0.09567423786,3.86180398
499,0.006572832536,0.1685512988,0.005561881205,0.09558788451,3.847741033
500,0.006572832536,0.09494102579,0.005561881205,0.0955016091,3.785458429
501,0.006572832536,0.1651736108,0.005561881205,0.09541541156,3.793922968
502,0.006572832536,0.09693672845,0.005561881205,0.09532929182,3.774305883
503,0.006572832536,0.1500568168,0.005561881205,0.09524324981,3.808506384
504,0.006572832536,0.2090704986,0.005561881205,0.09515728546,3.824183775
505,0.006572832536,0.2067185155,0.005561881205,0.0950713987,3.839724662
506,0.006572832536,0.1767425165,0.005561881205,0.09498558945,3.827900313
507,0.006572832536,0.1513763065,0.005561881205,0.09489985766,3.817901191
508,0.006572832536,0.1122673238,0.005561881205,0.09481420325,3.774743381
509,0.006572832536,0.1409915179,0.005561881205,0.09472862615,3.812809374
510,0.006572832536,0.177595003,0.005561881205,0.09464312628,3.804595788
511,0.006572832536,0.1376754853,0.005561881205,0.09455770359,3.813378397
512,0.006572832536,0.1408878155,0.005561881205,0.094472358,3.836782869
513,0.006572832536,0.1219267812,0.005561881205,0.09438708944,3.87100462
514,0.006572832536,0.1339080977,0.005561881205,0.09430189784,3.8569063
515,0.006572832536,0.1730478324,0.005561881205,0.09421678313,3.867306476
516,0.006572832536,0.1048505531,0.005561881205,0.09413174525,3.823716196
517,0.006572832536,0.1450876319,0.005561881205,0.09404678411,3.812275017
518,0.006572832536,0.1507343122,0.005561881205,0.09396189967,3.799891411
519,0.006572832536,0.1785787412,0.005561881205,0.09387709183,3.79959931
520,0.006572832536,0.1668866269,0.005561881205,0.09379236054,3.767010012
521,0.006572832536,0.1097193017,0.005561881205,0.09370770573,3.734270868
522,0.006572832536,0.09096708398,0.005561881205,0.09362312733,3.680546397
523,0.006572832536,0.103600829,0.005561881205,0.09353862526,3.729881681
524,0.006572832536,0.1480094243,0.005561881205,0.09345419947,3.756004073
525,0.006572832536,0.08612042316,0.005561881205,0.09336984987,3.717441254
526,0.006572832536,0.1137499768,0.005561881205,0.09328557641,3.765765071
527,0.006572832536,0.141724783,0.005561881205,0.09320137901,3.780887512
528,0.006572832536,0.09628527737,0.005561881205,0.09311725761,3.767844115
529,0.006572832536,0.1123481416,0.005561881205,0.09303321213,3.725171829
530,0.006572832536,0.1064916857,0.005561881205,0.09294924251,3.721276081
531,0.006572832536,0.1219168545,0.005561881205,0.09286534867,3.700878851
532,0.006572832536,0.1227515203,0.005561881205,0.09278153056,3.709920737
533,0.006213543486,0.1404861134,0.004083591582,0.0926977881,3.764906351
534,0.006213543486,0.1672600584,0.004083591582,0.09261412123,3.769899576
535,0.006213543486,0.1881996843,0.004083591582,0.09253052987,3.752465799
536,0.006213543486,0.1453251475,0.004083591582,0.09244701396,3.724661826
537,0.006213543486,0.1796203672,0.004083591582,0.09236357342,3.724977249
538,0.006213543486,0.1377166747,0.004083591582,0.0922802082,3.723702722
539,0.006213543486,0.1239000287,0.004083591582,0.09219691822,3.701335506
540,0.006213543486,0.1819224454,0.004083591582,0.09211370342,3.758283904
541,0.006213543486,0.1246405993,0.004083591582,0.09203056373,3.720934032
542,0.006213543486,0.1444267501,0.004083591582,0.09194749907,3.728468424
543,0.006213543486,0.2087250606,0.004083591582,0.09186450939,3.755674557
544,0.006213543486,0.1600191886,0.004083591582,0.09178159461,3.729258743
545,0.006213543486,0.1551933552,0.004083591582,0.09169875467,3.751162401
546,0.006213543486,0.1061236586,0.004083591582,0.0916159895,3.711424959
547,0.006213543486,0.1386404901,0.004083591582,0.09153329903,3.71779576
548,0.006213543486,0.1306301358,0.004083591582,0.0914506832,3.695128235
549,0.006213543486,0.0997024196,0.004083591582,0.09136814193,3.696934055
550,0.006213543486,0.09621399529,0.004083591582,0.09128567516,3.729511401
551,0.006213543486,0.1215011511,0.004083591582,0.09120328283,3.756581753
552,0.006213543486,0.1230366425,0.004083591582,0.09112096486,3.721609006
553,0.006213543486,0.1292048312,0.004083591582,0.09103872119,3.764855288
554,0.006213543486,0.1403315753,0.004083591582,0.09095655175,3.740897384
555,0.006213543486,0.1063752464,0.004083591582,0.09087445647,3.759283687
556,0.006213543486,0.09400343855,0.004083591582,0.09079243529,3.737366147
557,0.006213543486,0.1326119618,0.004083591582,0.09071048814,3.759376115
558,0.006213543486,0.1438153285,0.004083591582,0.09062861496,3.75840403
559,0.006213543486,0.1427642133,0.004083591582,0.09054681567,3.752304776
560,0.006213543486,0.1371074764,0.004083591582,0.09046509021,3.747236156
561,0.006213543486,0.1478981041,0.004083591582,0.09038343852,3.756037746
562,0.006213543486,0.1842507867,0.004083591582,0.09030186052,3.742136012
563,0.006213543486,0.1285110397,0.004083591582,0.09022035616,3.720929202
564,0.006213543486,0.1930692993,0.004083591582,0.09013892535,3.725223336
565,0.006213543486,0.1228799025,0.004083591582,0.09005756805,3.692132487
566,0.006213543486,0.1816007975,0.004083591582,0.08997628417,3.682241154
567,0.006213543486,0.1110344684,0.004083591582,0.08989507367,3.660259212
568,0.006213543486,0.1271913051,0.004083591582,0.08981393645,3.635080329
569,0.006213543486,0.2383013285,0.004083591582,0.08973287248,3.676125218
570,0.006213543486,0.1527997152,0.004083591582,0.08965188167,3.63792257
571,0.006213543486,0.1365424991,0.004083591582,0.08957096395,3.650740432
572,0.006213543486,0.1857642039,0.004083591582,0.08949011928,3.687956619
573,0.006213543486,0.1569368,0.004083591582,0.08940934757,3.683448675
574,0.006213543486,0.1932715745,0.004083591582,0.08932864877,3.714746817
575,0.006213543486,0.1490208889,0.004083591582,0.0892480228,3.659361806
576,0.006213543486,0.1812800545,0.004083591582,0.0891674696,3.671897745
577,0.006213543486,0.148872169,0.004083591582,0.08908698911,3.658353133
578,0.006213543486,0.1954250672,0.004083591582,0.08900658126,3.684565398
579,0.006213543486,0.1318038949,0.004083591582,0.08892624598,3.686851545
580,0.006186709938,0.209457145,0.004052506481,0.08884598321,3.730689657
581,0.006186709938,0.1698021431,0.004052506481,0.08876579288,3.742442729
582,0.006186709938,0.1411254197,0.004052506481,0.08868567494,3.765852328
583,0.006186709938,0.1944353447,0.004052506481,0.0886056293,3.787027609
584,0.006186709938,0.1672962431,0.004052506481,0.08852565591,3.776641887
585,0.006186709938,0.1380061107,0.004052506481,0.08844575471,3.754242101
586,0.006186709938,0.230043073,0.004052506481,0.08836592562,3.728864207
587,0.006186709938,0.1956645049,0.004052506481,0.08828616858,3.75785476
588,0.006186709938,0.1337117185,0.004052506481,0.08820648353,3.726974237
589,0.006186709938,0.1498334154,0.004052506481,0.0881268704,3.707135914
590,0.006186709938,0.1616185986,0.004052506481,0.08804732913,3.710783718
591,0.006186709938,0.1426619361,0.004052506481,0.08796785965,3.701562865
592,0.006186709938,0.1631516308,0.004052506481,0.0878884619,3.681944941
593,0.006186709938,0.1243414897,0.004052506481,0.08780913581,3.671434789
594,0.006186709938,0.1946980655,0.004052506481,0.08772988132,3.738338315
595,0.006186709938,0.1608214929,0.004052506481,0.08765069836,3.740233187
596,0.006186709938,0.2047897137,0.004052506481,0.08757158687,3.775796959
597,0.006186709938,0.175111949,0.004052506481,0.08749254679,3.7538413
598,0.006186709938,0.1917245084,0.004052506481,0.08741357804,3.813429165
599,0.006186709938,0.2160801644,0.004052506481,0.08733468057,3.831985246
600,0.006186709938,0.2130023367,0.004052506481,0.08725585431,3.823768983
601,0.006186709938,0.1863247808,0.004052506481,0.0871770992,3.788888312
602,0.006186709938,0.1819645701,0.004052506481,0.08709841517,3.789780288
603,0.006186709938,0.1259413421,0.004052506481,0.08701980216,3.739108689
604,0.006186709938,0.1567318999,0.004052506481,0.0869412601,3.751840111
605,0.006186709938,0.1407057382,0.004052506481,0.08686278894,3.737296874
606,0.006186709938,0.1044460578,0.004052506481,0.0867843886,3.744020269
607,0.006186709938,0.1174698241,0.004052506481,0.08670605902,3.802910435
608,0.006186709938,0.150665939,0.004052506481,0.08662780014,3.830678359
609,0.006186709938,0.1511934424,0.004052506481,0.08654961189,3.812714894
610,0.006186709938,0.1411708436,0.004052506481,0.08647149422,3.81204104
611,0.006186709938,0.1550079965,0.004052506481,0.08639344705,3.817620892
612,0.006186709938,0.1117928098,0.004052506481,0.08631547033,3.771043666
613,0.006186709938,0.1618532145,0.004052506481,0.08623756399,3.778074306
614,0.006186709938,0.163363156,0.004052506481,0.08615972796,3.782961926
615,0.006186709938,0.1324749964,0.004052506481,0.08608196219,3.781238211
616,0.006186709938,0.1095192042,0.004052506481,0.0860042666,3.763075045
617,0.006186709938,0.1146951902,0.004052506481,0.08592664114,3.753039886
618,0.006186709938,0.1376034958,0.004052506481,0.08584908575,3.781574522
619,0.006186709938,0.09412504231,0.004052506481,0.08577160035,3.774424833
620,0.006186709938,0.1311688097,0.004052506481,0.08569418489,3.794002913
621,0.006186709938,0.1651961662,0.004052506481,0.08561683931,3.810089436
622,0.006186709938,0.1454953194,0.004052506481,0.08553956353,3.821005427
623,0.006186709938,0.1450720986,0.004052506481,0.08546235751,3.821003205
624,0.006186709938,0.1124149752,0.004052506481,0.08538522116,3.800496024
625,0.006186709938,0.1419775835,0.004052506481,0.08530815444,3.824469193
626,0.006186709938,0.1111416139,0.004052506481,0.08523115728,3.781685705
627,0.006186709938,0.1865824868,0.004052506481,0.08515422961,3.791947564
628,0.006186709938,0.1248794508,0.004052506481,0.08507737137,3.718939633
629,0.006186709938,0.1198846073,0.004052506481,0.08500058251,3.757319513
630,0.006186709938,0.1764780801,0.004052506481,0.08492386295,3.76720662
631,0.005634392677,0.1691078183,0.00345562287,0.08484721264,3.774115365
632,0.005634392677,0.1409103792,0.00345562287,0.08477063152,3.750283628
633,0.005634392677,0.1966796383,0.00345562287,0.08469411951,3.783663886
634,0.005634392677,0.1451350194,0.00345562287,0.08461767656,3.78552034
635,0.005634392677,0.1813237669,0.00345562287,0.0845413026,3.794160196
636,0.005634392677,0.1303927415,0.00345562287,0.08446499758,3.817834697
637,0.005634392677,0.1611742247,0.00345562287,0.08438876143,3.831399895
638,0.005634392677,0.1691303721,0.00345562287,0.08431259409,3.85741316
639,0.005634392677,0.1138117696,0.00345562287,0.0842364955,3.871215686
640,0.005634392677,0.1570408426,0.00345562287,0.08416046559,3.899790547
641,0.005634392677,0.1469690598,0.00345562287,0.08408450431,3.896094333
642,0.005634392677,0.1451808187,0.00345562287,0.08400861158,3.901009379
643,0.005634392677,0.0828639492,0.00345562287,0.08393278735,3.819054434
644,0.005634392677,0.1544723371,0.00345562287,0.08385703157,3.837970539
645,0.005634392677,0.1181058604,0.00345562287,0.08378134415,3.830203231
646,0.005634392677,0.119225261,0.00345562287,0.08370572505,3.79585495
647,0.005634392677,0.1402756611,0.00345562287,0.0836301742,3.854840044
648,0.005634392677,0.09789014618,0.00345562287,0.08355469155,3.827851037
649,0.005634392677,0.1256865452,0.00345562287,0.08347927702,3.855480392
650,0.005634392677,0.1332408789,0.00345562287,0.08340393056,3.859763785
651,0.005634392677,0.1428529126,0.00345562287,0.0833286521,3.865535961
652,0.005634392677,0.1196620337,0.00345562287,0.08325344159,3.849298797
653,0.005634392677,0.161420923,0.00345562287,0.08317829896,3.853688773
654,0.005634392677,0.2076423476,0.00345562287,0.08310322416,3.8572449
655,0.005634392677,0.1482102953,0.00345562287,0.08302821712,3.843088978
656,0.005634392677,0.1952597141,0.00345562287,0.08295327777,3.833302429
657,0.005634392677,0.2004411813,0.00345562287,0.08287840606,3.81902654
658,0.005634392677,0.1870924787,0.00345562287,0.08280360194,3.829763281
659,0.005634392677,0.1371090724,0.00345562287,0.08272886532,3.794026716
660,0.005634392677,0.160224756,0.00345562287,0.08265419617,3.796650463
661,0.005634392677,0.1455389313,0.00345562287,0.0825795944,3.812321133
662,0.005634392677,0.2021377982,0.00345562287,0.08250505998,3.839031733
663,0.005634392677,0.1967783613,0.00345562287,0.08243059282,3.826358443
664,0.005634392677,0.1241901719,0.00345562287,0.08235619288,3.816331804
665,0.005634392677,0.144656119,0.00345562287,0.08228186009,3.828465902
666,0.005634392677,0.1383735531,0.00345562287,0.08220759439,3.82605392
667,0.005634392677,0.1708539145,0.00345562287,0.08213339572,3.82446766
668,0.005634392677,0.1124206052,0.00345562287,0.08205926402,3.792523212
669,0.005634392677,0.1114671913,0.00345562287,0.08198519923,3.78194496
670,0.005634392677,0.1057356544,0.00345562287,0.08191120129,3.803773886
671,0.005634392677,0.1292708434,0.00345562287,0.08183727013,3.810413737
672,0.005634392677,0.113932257,0.00345562287,0.08176340571,3.805167919
673,0.005634392677,0.1621432186,0.00345562287,0.08168960795,3.814393316
674,0.005634392677,0.1696783208,0.00345562287,0.08161587681,3.821258426
675,0.005634392677,0.1289827094,0.00345562287,0.08154221221,3.803995817
676,0.005634392677,0.2036852494,0.00345562287,0.0814686141,3.846709695
677,0.005634392677,0.1191877193,0.00345562287,0.08139508241,3.830646155
678,0.005634392677,0.1111934603,0.00345562287,0.0813216171,3.816710436
679,0.005634392677,0.1066730003,0.00345562287,0.08124821809,3.823474514
680,0.005634392677,0.1354238601,0.00345562287,0.08117488533,3.880281054
681,0.005634392677,0.1247359512,0.00345562287,0.08110161876,3.873204937
682,0.005634392677,0.1344603914,0.00345562287,0.08102841832,3.865793466
683,0.005634392677,0.1618160458,0.00345562287,0.08095528395,3.848671987
684,0.005634392677,0.152515174,0.00345562287,0.08088221558,3.84060673
685,0.005634392677,0.0868050876,0.00345562287,0.08080921317,3.794815718
686,0.005634392677,0.1053065866,0.00345562287,0.08073627665,3.857079388
687,0.005634392677,0.1138577345,0.00345562287,0.08066340595,3.830472087
688,0.005634392677,0.1079142602,0.00345562287,0.08059060103,3.863685629
689,0.005634392677,0.08740361987,0.00345562287,0.08051786182,3.858829652
690,0.005634392677,0.1160215391,0.00345562287,0.08044518827,3.839025945
691,0.005634392677,0.1258899226,0.00345562287,0.08037258031,3.825775285
692,0.005634392677,0.1354842303,0.00345562287,0.08030003788,3.833020439
693,0.005634392677,0.1889343611,0.00345562287,0.08022756092,3.84971097
694,0.005634392677,0.1174235872,0.00345562287,0.08015514939,3.824342296
695,0.005634392677,0.1082932975,0.00345562287,0.08008280321,3.844791426
696,0.005634392677,0.104606406,0.00345562287,0.08001052232,3.870959773
697,0.005634392677,0.1553483318,0.00345562287,0.07993830668,3.879566618
698,0.005634392677,0.09441816329,0.00345562287,0.07986615622,3.868593992
699,0.005634392677,0.123898886,0.00345562287,0.07979407087,3.883559364
700,0.005634392677,0.1043198176,0.00345562287,0.0797220506,3.869725063
701,0.005634392677,0.167923669,0.00345562287,0.07965009532,3.892148158
702,0.005634392677,0.1325678267,0.00345562287,0.07957820499,3.874451878
703,0.005634392677,0.09932741956,0.00345562287,0.07950637955,3.864468168
704,0.005634392677,0.08790454091,0.00345562287,0.07943461893,3.871356039
705,0.005634392677,0.1322552854,0.00345562287,0.07936292308,3.898611386
706,0.005634392677,0.1488170059,0.00345562287,0.07929129195,3.865972357
707,0.005634392677,0.1999393118,0.00345562287,0.07921972547,3.877359448
708,0.005634392677,0.1670645301,0.00345562287,0.07914822358,3.881314333
709,0.005634392677,0.174210763,0.00345562287,0.07907678622,3.90894038
710,0.005634392677,0.113697757,0.00345562287,0.07900541335,3.875540571
711,0.005634392677,0.1028508817,0.00345562287,0.07893410489,3.860967581
712,0.005634392677,0.1259896424,0.00345562287,0.0788628608,3.846940906
713,0.005590991594,0.1499382441,0.00418502301,0.07879168101,3.83661514
714,0.005590991594,0.12592318,0.00418502301,0.07872056546,3.810348672
715,0.005590991594,0.1270914196,0.00418502301,0.07864951411,3.788670071
716,0.005590991594,0.09967043846,0.00418502301,0.07857852688,3.793948326
717,0.005590991594,0.09650023249,0.00418502301,0.07850760372,3.781325224
718,0.005590991594,0.1091867568,0.00418502301,0.07843674458,3.780182627
719,0.005590991594,0.1404677095,0.00418502301,0.07836594939,3.808680754
720,0.005590991594,0.1539695929,0.00418502301,0.0782952181,3.819724603
721,0.005590991594,0.1191786998,0.00418502301,0.07822455065,3.796864165
722,0.005590991594,0.1158967071,0.00418502301,0.07815394698,3.827764347
723,0.005590991594,0.1759561938,0.00418502301,0.07808340704,3.856998558
724,0.005590991594,0.117899442,0.00418502301,0.07801293077,3.826490871
725,0.005590991594,0.1196542695,0.00418502301,0.0779425181,3.829336162
726,0.005590991594,0.1135258076,0.00418502301,0.07787216899,3.849606416
727,0.005590991594,0.1357770652,0.00418502301,0.07780188338,3.86754979
728,0.005590991594,0.113802249,0.00418502301,0.0777316612,3.868267401
729,0.005590991594,0.1293969618,0.00418502301,0.0776615024,3.869933822
730,0.005590991594,0.1527140614,0.00418502301,0.07759140693,3.857601924
731,0.005590991594,0.1310162998,0.00418502301,0.07752137472,3.841891149
732,0.005590991594,0.1533303752,0.00418502301,0.07745140573,3.839954799
733,0.005590991594,0.09992964993,0.00418502301,0.07738149988,3.821906022
734,0.005590991594,0.1283041006,0.00418502301,0.07731165714,3.839938968
735,0.005590991594,0.1420738524,0.00418502301,0.07724187743,3.852477359
736,0.005590991594,0.1755453112,0.00418502301,0.0771721607,3.862936926
737,0.005590991594,0.1507264529,0.00418502301,0.07710250689,3.847120316
738,0.005590991594,0.2191108708,0.00418502301,0.07703291596,3.842965562
739,0.005590991594,0.0965211725,0.00418502301,0.07696338783,3.763050791
740,0.005590991594,0.133699679,0.00418502301,0.07689392246,3.755167338
741,0.00523264457,0.1835464986,0.003375873777,0.07682451979,3.750769498
742,0.00523264457,0.1777941408,0.003375873777,0.07675517976,3.775021497
743,0.00523264457,0.1265850713,0.003375873777,0.07668590231,3.770518989
744,0.00523264457,0.1185616383,0.003375873777,0.07661668739,3.767504249
745,0.00523264457,0.1704331571,0.003375873777,0.07654753495,3.80326704
746,0.00523264457,0.09427098145,0.003375873777,0.07647844491,3.812392535
747,0.00523264457,0.1418715511,0.003375873777,0.07640941724,3.836554249
748,0.00523264457,0.1736742291,0.003375873777,0.07634045187,3.82621654
749,0.00523264457,0.1157882972,0.003375873777,0.07627154875,3.836674383
750,0.00523264457,0.1478754618,0.003375873777,0.07620270782,3.867517527
751,0.00523264457,0.2269403733,0.003375873777,0.07613392902,3.896908551
752,0.00523264457,0.1105272896,0.003375873777,0.0760652123,3.895079096
753,0.00523264457,0.1137074912,0.003375873777,0.0759965576,3.911284763
754,0.00523264457,0.1377111415,0.003375873777,0.07592796487,3.902425808
755,0.00523264457,0.1289889946,0.003375873777,0.07585943405,3.860220965
756,0.00523264457,0.1237791521,0.003375873777,0.07579096508,3.872591273
757,0.00523264457,0.1783604301,0.003375873777,0.07572255791,3.891294986
758,0.00523264457,0.1197539974,0.003375873777,0.07565421249,3.856230298
759,0.00523264457,0.1012239916,0.003375873777,0.07558592875,3.868540908
760,0.00523264457,0.1858023207,0.003375873777,0.07551770664,3.894956401
761,0.00523264457,0.1371059122,0.003375873777,0.07544954611,3.91178071
762,0.00523264457,0.1216476634,0.003375873777,0.07538144709,3.904532115
763,0.00523264457,0.1695408614,0.003375873777,0.07531340955,3.87226828
764,0.00523264457,0.1622683053,0.003375873777,0.07524543341,3.871949228
765,0.00523264457,0.145405362,0.003375873777,0.07517751862,3.866889892
766,0.00523264457,0.10130481,0.003375873777,0.07510966514,3.820373928
767,0.00523264457,0.1164872797,0.003375873777,0.07504187289,3.838317352
768,0.00523264457,0.1476609859,0.003375873777,0.07497414184,3.831932841
769,0.00523264457,0.1579110578,0.003375873777,0.07490647192,3.828197732
770,0.00523264457,0.1078282707,0.003375873777,0.07483886307,3.79246483
771,0.00523264457,0.1212216787,0.003375873777,0.07477131525,3.773360373
772,0.00523264457,0.1270097506,0.003375873777,0.07470382839,3.775640677
773,0.00523264457,0.07410444741,0.003375873777,0.07463640245,3.778553395
774,0.00523264457,0.1706860683,0.003375873777,0.07456903736,3.809240196
775,0.00523264457,0.2393961373,0.003375873777,0.07450173307,3.805737599
776,0.00523264457,0.1073871647,0.003375873777,0.07443448954,3.77303678
777,0.00523264457,0.1520364896,0.003375873777,0.07436730669,3.815627951
778,0.00523264457,0.1582278209,0.003375873777,0.07430018448,3.809144454
779,0.00523264457,0.1554147464,0.003375873777,0.07423312286,3.775397469
780,0.00523264457,0.09277936036,0.003375873777,0.07416612176,3.808807461
781,0.00523264457,0.1732923473,0.003375873777,0.07409918114,3.841206627
782,0.00523264457,0.1309705531,0.003375873777,0.07403230093,3.816253245
783,0.00523264457,0.1521421527,0.003375873777,0.07396548109,3.819605892
784,0.00523264457,0.2053833166,0.003375873777,0.07389872157,3.827196099
785,0.00523264457,0.1706058193,0.003375873777,0.07383202229,3.802496063
786,0.00523264457,0.2475069802,0.003375873777,0.07376538322,3.792187022
787,0.00523264457,0.1620958725,0.003375873777,0.07369880429,3.758943785
788,0.00523264457,0.1786459254,0.003375873777,0.07363228546,3.7635293
789,0.00523264457,0.1125291005,0.003375873777,0.07356582667,3.77097466
790,0.00523264457,0.2032030875,0.003375873777,0.07349942786,3.759036444
791,0.00523264457,0.2049402734,0.003375873777,0.07343308898,3.759008138
792,0.00523264457,0.1771119808,0.003375873777,0.07336680997,3.791440984
793,0.00523264457,0.220759899,0.003375873777,0.07330059079,3.801050246
794,0.00523264457,0.1311218403,0.003375873777,0.07323443137,3.809771093
795,0.00523264457,0.110064199,0.003375873777,0.07316833167,3.832585582
796,0.00523264457,0.1618927135,0.003375873777,0.07310229163,3.813649173
797,0.00523264457,0.1003767206,0.003375873777,0.0730363112,3.774302658
798,0.00523264457,0.08958796731,0.003375873777,0.07297039032,3.82326502
799,0.00523264457,0.129597724,0.003375873777,0.07290452893,3.844970153
800,0.00523264457,0.170366699,0.003375873777,0.07283872699,3.830724387
801,0.00523264457,0.1468258073,0.003375873777,0.07277298445,3.828007071
802,0.00523264457,0.1025960725,0.003375873777,0.07270730124,3.802156845
803,0.00523264457,0.1643058343,0.003375873777,0.07264167731,3.807536051
804,0.00523264457,0.1308768657,0.003375873777,0.07257611262,3.795946432
805,0.00523264457,0.1507428504,0.003375873777,0.0725106071,3.802367062
806,0.00523264457,0.09605609178,0.003375873777,0.07244516071,3.779168048
807,0.00523264457,0.1335097315,0.003375873777,0.07237977338,3.780544454
808,0.00523264457,0.1315764612,0.003375873777,0.07231444508,3.755830873
809,0.00523264457,0.08934084771,0.003375873777,0.07224917573,3.71181754
810,0.00523264457,0.09248157437,0.003375873777,0.0721839653,3.711136242
811,0.00523264457,0.1032528042,0.003375873777,0.07211881373,3.738935742
812,0.00523264457,0.1337142073,0.003375873777,0.07205372096,3.759917285
813,0.00523264457,0.1568524359,0.003375873777,0.07198868694,3.771619558
814,0.00523264457,0.1742973912,0.003375873777,0.07192371162,3.794053985
815,0.00523264457,0.2577181206,0.003375873777,0.07185879494,3.79175114
816,0.00523264457,0.1938519447,0.003375873777,0.07179393686,3.797348454
817,0.00523264457,0.1587528005,0.003375873777,0.07172913732,3.796588594
818,0.00523264457,0.1664821846,0.003375873777,0.07166439626,3.807567039
819,0.00523264457,0.1128257114,0.003375873777,0.07159971364,3.797255176
820,0.00523264457,0.1323981489,0.003375873777,0.07153508939,3.794058057
821,0.00523264457,0.1698203131,0.003375873777,0.07147052348,3.810488335
822,0.00523264457,0.1482960215,0.003375873777,0.07140601584,3.823431886
823,0.00523264457,0.1115400069,0.003375873777,0.07134156643,3.820779177
824,0.00523264457,0.1195391219,0.003375873777,0.07127717518,3.840759031
825,0.00523264457,0.1339914402,0.003375873777,0.07121284205,3.828487373
826,0.00523264457,0.08408389829,0.003375873777,0.07114856699,3.82382331
827,0.00523264457,0.1081134957,0.003375873777,0.07108434995,3.84149019
828,0.00523264457,0.1029157661,0.003375873777,0.07102019086,3.830900883
829,0.00523264457,0.1321529586,0.003375873777,0.07095608968,3.829627825
830,0.00523264457,0.1207379939,0.003375873777,0.07089204636,3.836902167
831,0.00523264457,0.1184502295,0.003375873777,0.07082806084,3.8605318
832,0.00523264457,0.1389438552,0.003375873777,0.07076413307,3.870107316
833,0.00523264457,0.1295799505,0.003375873777,0.07070026301,3.870148666
834,0.00523264457,0.1176264784,0.003375873777,0.07063645059,3.854449678
835,0.00523264457,0.1781283002,0.003375873777,0.07057269576,3.856664635
836,0.00523264457,0.1619201084,0.003375873777,0.07050899848,3.857051286
837,0.00523264457,0.08056558893,0.003375873777,0.0704453587,3.87180211
838,0.00523264457,0.1207098485,0.003375873777,0.07038177635,3.918024418
839,0.00523264457,0.1031668892,0.003375873777,0.07031825139,3.909434269
840,0.00523264457,0.1404233371,0.003375873777,0.07025478376,3.90843432
841,0.00523264457,0.1802609047,0.003375873777,0.07019137342,3.924021778
842,0.00523264457,0.186136362,0.003375873777,0.07012802032,3.925506159
843,0.00523264457,0.1796683401,0.003375873777,0.07006472439,3.917043845
844,0.00523264457,0.1816334765,0.003375873777,0.07000148559,3.93710945
845,0.00523264457,0.126673198,0.003375873777,0.06993830387,3.89908445
846,0.00523264457,0.13432409,0.003375873777,0.06987517918,3.881311047
847,0.00523264457,0.1315098259,0.003375873777,0.06981211146,3.90200159
848,0.00523264457,0.2065372006,0.003375873777,0.06974910067,3.929347529
849,0.00523264457,0.162046026,0.003375873777,0.06968614675,3.93891993
850,0.00523264457,0.1431976128,0.003375873777,0.06962324965,3.916745477
851,0.00523264457,0.09147724213,0.003375873777,0.06956040931,3.885851997
852,0.00523264457,0.1324433106,0.003375873777,0.0694976257,3.885704143
853,0.00523264457,0.1246297468,0.003375873777,0.06943489875,3.857538334
854,0.00523264457,0.09849803993,0.003375873777,0.06937222842,3.893068955
855,0.00523264457,0.1192450508,0.003375873777,0.06930961466,3.898666173
856,0.00523264457,0.09345023625,0.003375873777,0.06924705741,3.899580425
857,0.00523264457,0.1031388487,0.003375873777,0.06918455662,3.909819628
858,0.00523264457,0.0669914791,0.003375873777,0.06912211224,3.890717264
859,0.00523264457,0.1205995735,0.003375873777,0.06905972422,3.922995845
860,0.00523264457,0.1289238172,0.003375873777,0.06899739252,3.892720822
861,0.00523264457,0.1232260322,0.003375873777,0.06893511707,3.880427212
862,0.00523264457,0.1036916543,0.003375873777,0.06887289783,3.889802239
863,0.00523264457,0.1083668162,0.003375873777,0.06881073475,3.870389524
864,0.00523264457,0.1089594856,0.003375873777,0.06874862777,3.858126664
865,0.00523264457,0.08866951839,0.003375873777,0.06868657685,3.845297026
866,0.00523264457,0.109280129,0.003375873777,0.06862458194,3.817801242
867,0.00523264457,0.07880784098,0.003375873777,0.06856264298,3.819012112
868,0.00523264457,0.09127793461,0.003375873777,0.06850075993,3.804487307
869,0.00523264457,0.1126245841,0.003375873777,0.06843893273,3.851070345
870,0.00523264457,0.1123356832,0.003375873777,0.06837716134,3.837669235
871,0.00523264457,0.1480704179,0.003375873777,0.0683154457,3.867528092
872,0.00523264457,0.2055930912,0.003375873777,0.06825378576,3.866333903
873,0.00523264457,0.2030607247,0.003375873777,0.06819218147,3.879372141
874,0.00523264457,0.1341188134,0.003375873777,0.06813063279,3.857846823
875,0.00523264457,0.1550679062,0.003375873777,0.06806913966,3.863760842
876,0.00523264457,0.08565994176,0.003375873777,0.06800770203,3.849226893
877,0.00523264457,0.1940632445,0.003375873777,0.06794631986,3.90040545
878,0.00523264457,0.1116949675,0.003375873777,0.06788499308,3.887235213
879,0.00523264457,0.1541520385,0.003375873777,0.06782372166,3.870463658
880,0.00523264457,0.1808228955,0.003375873777,0.06776250554,3.884205457
881,0.00523264457,0.1174326705,0.003375873777,0.06770134467,3.845153957
882,0.00523264457,0.1643677907,0.003375873777,0.06764023901,3.854821097
883,0.00523264457,0.126618161,0.003375873777,0.0675791885,3.84505645
884,0.00523264457,0.1537961836,0.003375873777,0.06751819309,3.866557322
885,0.00523264457,0.1347945389,0.003375873777,0.06745725273,3.810440657
886,0.00523264457,0.08186494444,0.003375873777,0.06739636738,3.823453096
887,0.00523264457,0.08740371295,0.003375873777,0.06733553698,3.816532741
888,0.00523264457,0.1209870994,0.003375873777,0.06727476148,3.864447018
889,0.00523264457,0.1608758968,0.003375873777,0.06721404084,3.857358369
890,0.00523264457,0.223233266,0.003375873777,0.06715337501,3.862922289
891,0.00523264457,0.1807562992,0.003375873777,0.06709276393,3.827566225
892,0.00523264457,0.2048573359,0.003375873777,0.06703220755,3.806140147
893,0.00523264457,0.220202257,0.003375873777,0.06697170583,3.842860681
894,0.00523264457,0.1433197433,0.003375873777,0.06691125872,3.812263638
895,0.00523264457,0.1596242153,0.003375873777,0.06685086617,3.80605623
896,0.00523264457,0.1016446779,0.003375873777,0.06679052813,3.787006322
897,0.00523264457,0.1166765065,0.003375873777,0.06673024455,3.830803946
898,0.00523264457,0.1765432297,0.003375873777,0.06667001537,3.84368534
899,0.00523264457,0.1931697873,0.003375873777,0.06660984056,3.829423349
900,0.00523264457,0.1491066359,0.003375873777,0.06654972007,3.807223858
901,0.00523264457,0.1241774894,0.003375873777,0.06648965383,3.783111368
902,0.00523264457,0.1017072344,0.003375873777,0.06642964181,3.755277531
903,0.00523264457,0.1186167088,0.003375873777,0.06636968395,3.775422447
904,0.00523264457,0.1192773548,0.003375873777,0.06630978021,3.765698348
905,0.00523264457,0.1090797472,0.003375873777,0.06624993054,3.740115008
906,0.00523264457,0.09600334265,0.003375873777,0.06619013489,3.752069851
907,0.00523264457,0.08509977665,0.003375873777,0.06613039321,3.74150038
908,0.00523264457,0.1493814985,0.003375873777,0.06607070545,3.803544458
909,0.00523264457,0.1178825789,0.003375873777,0.06601107156,3.776731982
910,0.00523264457,0.1538064388,0.003375873777,0.0659514915,3.811020636
911,0.00523264457,0.1072872869,0.003375873777,0.06589196521,3.80575251
912,0.00523264457,0.1148358403,0.003375873777,0.06583249265,3.808396539
913,0.00523264457,0.079195446,0.003375873777,0.06577307377,3.809008391
914,0.00523264457,0.1518520642,0.003375873777,0.06571370851,3.849347516
915,0.00523264457,0.1189921868,0.003375873777,0.06565439684,3.847601279
916,0.00523264457,0.1219809899,0.003375873777,0.06559513871,3.826165769
917,0.005066716092,0.1329803716,0.002890290495,0.06553593405,3.827410902
918,0.005066716092,0.2061372453,0.002890290495,0.06547678284,3.829144
919,0.005066716092,0.2043690666,0.002890290495,0.06541768501,3.815449938
920,0.005066716092,0.1849093154,0.002890290495,0.06535864053,3.816479601
921,0.005066716092,0.1466547525,0.002890290495,0.06529964933,3.8097678
922,0.005066716092,0.1309514618,0.002890290495,0.06524071138,3.793403487
923,0.005066716092,0.1038232614,0.002890290495,0.06518182663,3.783456872
924,0.005066716092,0.1251083658,0.002890290495,0.06512299502,3.822143658
925,0.005066716092,0.1379995982,0.002890290495,0.06506421651,3.822511962
926,0.005066716092,0.1052713923,0.002890290495,0.06500549106,3.81236009
927,0.005066716092,0.1195310356,0.002890290495,0.06494681861,3.827249037
928,0.005066716092,0.1211093673,0.002890290495,0.06488819912,3.823530605
929,0.005066716092,0.1102987148,0.002890290495,0.06482963253,3.811375688
930,0.005066716092,0.1064523981,0.002890290495,0.06477111881,3.78126081
931,0.005066716092,0.1216585403,0.002890290495,0.0647126579,3.805700577
932,0.005066716092,0.09761710307,0.002890290495,0.06465424975,3.804431354
933,0.005066716092,0.1049653723,0.002890290495,0.06459589432,3.79289829
934,0.005066716092,0.08461682021,0.002890290495,0.06453759157,3.783869332
935,0.005066716092,0.09692400771,0.002890290495,0.06447934143,3.800056442
936,0.005066716092,0.1095434695,0.002890290495,0.06442114387,3.797622592
937,0.005066716092,0.1153737438,0.002890290495,0.06436299884,3.770905418
938,0.005066716092,0.1276292146,0.002890290495,0.06430490629,3.768760199
939,0.005066716092,0.1530789036,0.002890290495,0.06424686617,3.777033579
940,0.005066716092,0.2001503814,0.002890290495,0.06418887844,3.78888292
941,0.005066716092,0.1036927251,0.002890290495,0.06413094304,3.743935156
942,0.005066716092,0.184458413,0.002890290495,0.06407305994,3.827465087
943,0.005066716092,0.07231243323,0.002890290495,0.06401522908,3.766416063
944,0.005066716092,0.1236310165,0.002890290495,0.06395745042,3.817146183
945,0.005066716092,0.07997568311,0.002890290495,0.06389972391,3.792108669
946,0.005066716092,0.07690614153,0.002890290495,0.0638420495,3.77041854
947,0.005066716092,0.08884937355,0.002890290495,0.06378442714,3.803556104
948,0.005066716092,0.08454381429,0.002890290495,0.0637268568,3.81235535
949,0.005066716092,0.09667687083,0.002890290495,0.06366933841,3.836203158
950,0.005066716092,0.1644520908,0.002890290495,0.06361187194,3.836095268
951,0.005066716092,0.191661965,0.002890290495,0.06355445734,3.851518979
952,0.005066716092,0.147740682,0.002890290495,0.06349709456,3.845888849
953,0.005066716092,0.2403417732,0.002890290495,0.06343978355,3.87839071
954,0.005066716092,0.2698897881,0.002890290495,0.06338252428,3.860259261
955,0.005066716092,0.1201101826,0.002890290495,0.06332531668,3.823932608
956,0.005066716092,0.152275184,0.002890290495,0.06326816071,3.84625399
957,0.005066716092,0.1382289057,0.002890290495,0.06321105634,3.876411892
958,0.005066716092,0.1403584638,0.002890290495,0.0631540035,3.879088613
959,0.005066716092,0.1538974341,0.002890290495,0.06309700216,3.889004403
960,0.004970736081,0.1090401098,0.003206324356,0.06304005227,3.85282156
961,0.004970736081,0.1286459323,0.003206324356,0.06298315378,3.86174658
962,0.004970736081,0.142667018,0.003206324356,0.06292630665,3.83720668
963,0.004970736081,0.1659709865,0.003206324356,0.06286951082,3.81936817
964,0.004970736081,0.2024168369,0.003206324356,0.06281276626,3.807387957
965,0.004970736081,0.3155785774,0.003206324356,0.06275607291,3.839354907
966,0.004970736081,0.1621368342,0.003206324356,0.06269943073,3.825082771
967,0.004970736081,0.2177866284,0.003206324356,0.06264283968,3.800373278
968,0.004970736081,0.1996076127,0.003206324356,0.0625862997,3.803201174
969,0.004970736081,0.1352055692,0.003206324356,0.06252981076,3.812502797
970,0.004970736081,0.186734314,0.003206324356,0.0624733728,3.813736161
971,0.004970736081,0.1258529784,0.003206324356,0.06241698578,3.805955593
972,0.004970736081,0.098994269,0.003206324356,0.06236064966,3.808523836
973,0.004970736081,0.1134289641,0.003206324356,0.06230436438,3.809841271
974,0.004970736081,0.1527424454,0.003206324356,0.0622481299,3.810331271
975,0.004970736081,0.1306791312,0.003206324356,0.06219194619,3.790989757
976,0.004970736081,0.1698148258,0.003206324356,0.06213581318,3.800349465
977,0.004970736081,0.1223982766,0.003206324356,0.06207973083,3.751789913
978,0.004970736081,0.08989070412,0.003206324356,0.0620236991,3.737897927
979,0.004970736081,0.1186605933,0.003206324356,0.06196771795,3.758985613
980,0.004970736081,0.06372720943,0.003206324356,0.06191178732,3.732500718
981,0.004970736081,0.115146506,0.003206324356,0.06185590718,3.783473451
982,0.004970736081,0.09694642822,0.003206324356,0.06180007747,3.793371055
983,0.004970736081,0.163083484,0.003206324356,0.06174429815,3.798988161
984,0.004970736081,0.09182977747,0.003206324356,0.06168856918,3.755546905
985,0.004970736081,0.1216994217,0.003206324356,0.06163289051,3.770677458
986,0.004970736081,0.1191260378,0.003206324356,0.06157726209,3.766470041
987,0.004970736081,0.1118177295,0.003206324356,0.06152168388,3.75872308
988,0.004970736081,0.09407321669,0.003206324356,0.06146615583,3.734185936
989,0.004970736081,0.07941780963,0.003206324356,0.0614106779,3.727004317
990,0.004970736081,0.1185431181,0.003206324356,0.06135525005,3.795651945
991,0.004970736081,0.2134376548,0.003206324356,0.06129987222,3.82886757
992,0.004970736081,0.1702091895,0.003206324356,0.06124454438,3.833970637
993,0.004970736081,0.1654855479,0.003206324356,0.06118926647,3.826169848
994,0.004970736081,0.144720493,0.003206324356,0.06113403846,3.78315072
995,0.004970736081,0.129054263,0.003206324356,0.06107886029,3.746862669
996,0.004970736081,0.125451312,0.003206324356,0.06102373193,3.751391904
997,0.004970736081,0.1437594415,0.003206324356,0.06096865332,3.751631692
998,0.004970736081,0.1153410491,0.003206324356,0.06091362443,3.733965025
999,0.004970736081,0.1314800844,0.003206324356,0.0608586452,3.719401322
1000,0.004970736081,0.1739078495,0.003206324356,0.0608037156,3.71220395
1001,0.004970736081,0.1390253316,0.003206324356,0.06074883557,3.677891887
1002,0.004970736081,0.08746873577,0.003206324356,0.06069400508,3.639361765
1003,0.004970736081,0.105385803,0.003206324356,0.06063922408,3.659300275
1004,0.004970736081,0.1127792893,0.003206324356,0.06058449252,3.671962024
1005,0.004970736081,0.1381628544,0.003206324356,0.06052981036,3.679201659
1006,0.004970736081,0.1299040293,0.003206324356,0.06047517756,3.663332913
1007,0.004970736081,0.1189136369,0.003206324356,0.06042059406,3.664413393
1008,0.004970736081,0.1124688536,0.003206324356,0.06036605984,3.631218688
1009,0.004970736081,0.1241908822,0.003206324356,0.06031157483,3.623416392
1010,0.004970736081,0.1489668299,0.003206324356,0.060257139,3.635346043
1011,0.004970736081,0.1592999636,0.003206324356,0.0602027523,3.641920091
1012,0.004970736081,0.109065923,0.003206324356,0.06014841469,3.606634207
1013,0.004970736081,0.1601709981,0.003206324356,0.06009412613,3.68302803
1014,0.004970736081,0.1038645412,0.003206324356,0.06003988656,3.685654042
1015,0.004970736081,0.1340785977,0.003206324356,0.05998569595,3.701168309
1016,0.004970736081,0.1653733692,0.003206324356,0.05993155425,3.721307614
1017,0.004970736081,0.1575265209,0.003206324356,0.05987746142,3.701903126
1018,0.004970736081,0.15219936,0.003206324356,0.05982341741,3.714248481
1019,0.004970736081,0.08991085683,0.003206324356,0.05976942218,3.680680386
1020,0.004970736081,0.1445662244,0.003206324356,0.05971547569,3.702095773
1021,0.004970736081,0.08783352394,0.003206324356,0.05966157788,3.663666076
1022,0.004970736081,0.122849021,0.003206324356,0.05960772872,3.718114669
1023,0.004970736081,0.0945681437,0.003206324356,0.05955392817,3.662959355
1024,0.004970736081,0.1173862682,0.003206324356,0.05950017617,3.668603099
1025,0.004970736081,0.133513517,0.003206324356,0.05944647269,3.665502067
1026,0.004970736081,0.1098099426,0.003206324356,0.05939281768,3.62038429
1027,0.004970736081,0.1008686841,0.003206324356,0.0593392111,3.534052014
1028,0.004970736081,0.08473887027,0.003206324356,0.05928565291,3.453698123
1029,0.004970736081,0.0756601039,0.003206324356,0.05923214305,3.449477124
1030,0.004970736081,0.05912017408,0.003206324356,0.05917868149,3.460127073
1031,0.004970736081,0.08927592838,0.003206324356,0.05912526818,3.532860441
1032,0.004970736081,0.2012194627,0.003206324356,0.05907190309,3.586812622
1033,0.004970736081,0.1707216213,0.003206324356,0.05901858616,3.567439101
1034,0.004970736081,0.1905393267,0.003206324356,0.05896531735,3.593132126
1035,0.004970736081,0.1889128739,0.003206324356,0.05891209662,3.598684663
1036,0.004970736081,0.1856754182,0.003206324356,0.05885892393,3.612184919
1037,0.004970736081,0.1579625767,0.003206324356,0.05880579922,3.598704695
1038,0.004970736081,0.1984374124,0.003206324356,0.05875272247,3.585352059
1039,0.004970736081,0.1721796437,0.003206324356,0.05869969363,3.57510285
1040,0.004970736081,0.07622144813,0.003206324356,0.05864671264,3.485828441
1041,0.004970736081,0.1090759074,0.003206324356,0.05859377948,3.496837315
1042,0.004970736081,0.1277514247,0.003206324356,0.05854089409,3.514340738
1043,0.004895955055,0.1245339192,0.002666296038,0.05848805644,3.589903025
1044,0.004895955055,0.1413423009,0.002666296038,0.05843526647,3.620223525
1045,0.004895955055,0.1412279529,0.002666296038,0.05838252416,3.640325214
1046,0.004895955055,0.1843294558,0.002666296038,0.05832982944,3.641236186
1047,0.004895955055,0.170112705,0.002666296038,0.05827718229,3.701912675
1048,0.004895955055,0.1505955382,0.002666296038,0.05822458266,3.696879379
1049,0.004895955055,0.228499341,0.002666296038,0.0581720305,3.705418578
1050,0.004895955055,0.1093960029,0.002666296038,0.05811952577,3.666114807
1051,0.004895955055,0.140341131,0.002666296038,0.05806706843,3.690229754
1052,0.004895955055,0.1471685584,0.002666296038,0.05801465844,3.63792216
1053,0.004895955055,0.09855836817,0.002666296038,0.05796229576,3.641072648
1054,0.004806112709,0.1187769636,0.002211474252,0.05790998033,3.660339973
1055,0.004806112709,0.1404446979,0.002211474252,0.05785771212,3.684249983
1056,0.004806112709,0.2486714478,0.002211474252,0.05780549109,3.701529984
1057,0.004806112709,0.2094216318,0.002211474252,0.0577533172,3.675170661
1058,0.004806112709,0.1932538474,0.002211474252,0.05770119039,3.69155281
1059,0.004806112709,0.2403209295,0.002211474252,0.05764911063,3.699671811
1060,0.004806112709,0.2089838031,0.002211474252,0.05759707788,3.696822285
1061,0.004806112709,0.1139569596,0.002211474252,0.0575450921,3.608558954
1062,0.004806112709,0.07610201923,0.002211474252,0.05749315323,3.586525745
1063,0.004806112709,0.1226754242,0.002211474252,0.05744126124,3.611996977
1064,0.004603410056,0.08957997898,0.00223377842,0.05738941609,3.623336999
1065,0.004603410056,0.09510941008,0.00223377842,0.05733761773,3.647991707
1066,0.004603410056,0.1328898506,0.00223377842,0.05728586613,3.682771075
1067,0.004603410056,0.1809809473,0.00223377842,0.05723416123,3.659319884
1068,0.004603410056,0.2124570779,0.00223377842,0.057182503,3.677564184
1069,0.004603410056,0.2032974906,0.00223377842,0.0571308914,3.692631279
1070,0.004603410056,0.1281778444,0.00223377842,0.05707932638,3.685445419
1071,0.004603410056,0.2204270414,0.00223377842,0.05702780791,3.711990382
1072,0.004603410056,0.2374506452,0.00223377842,0.05697633593,3.717143317
1073,0.004603410056,0.2051370602,0.00223377842,0.05692491041,3.701882597
1074,0.004603410056,0.1627406779,0.00223377842,0.0568735313,3.693584293
1075,0.004603410056,0.1641526487,0.00223377842,0.05682219857,3.672638148
1076,0.004394169321,0.1112905896,0.002201457098,0.05677091217,3.655811185
1077,0.004394169321,0.2034677646,0.002201457098,0.05671967206,3.675602234
1078,0.00430768384,0.1718463285,0.001960240493,0.0566684782,3.687307188
1079,0.00430768384,0.142342137,0.001960240493,0.05661733054,3.679789431
1080,0.00430768384,0.1428582204,0.001960240493,0.05656622905,3.701157055
1081,0.00430768384,0.1970913492,0.001960240493,0.05651517369,3.719669354
1082,0.00430768384,0.2350896329,0.001960240493,0.0564641644,3.755428608
1083,0.004269917549,0.2451639583,0.002015012216,0.05641320115,3.739664545
1084,0.004269917549,0.2078882797,0.002015012216,0.05636228391,3.751584694
1085,0.004269917549,0.1193837244,0.002015012216,0.05631141261,3.714681325
1086,0.004269917549,0.1068025254,0.002015012216,0.05626058724,3.699926149
1087,0.004269917549,0.1162891792,0.002015012216,0.05620980774,3.708689406
1088,0.004269917549,0.09151663692,0.002015012216,0.05615907407,3.680256942
1089,0.004269917549,0.1159591764,0.002015012216,0.05610838619,3.73884362
1090,0.004269917549,0.1095280577,0.002015012216,0.05605774406,3.779590737
1091,0.004269917549,0.1962194876,0.002015012216,0.05600714764,3.80583694
1092,0.004269917549,0.1458173961,0.002015012216,0.05595659688,3.824037228
1093,0.004269917549,0.2187589924,0.002015012216,0.05590609176,3.851113258
1094,0.004269917549,0.1679406415,0.002015012216,0.05585563221,3.815929375
1095,0.004269917549,0.3213415405,0.002015012216,0.05580521821,3.81195853
1096,0.004269917549,0.1372707246,0.002015012216,0.05575484972,3.763032456
1097,0.004269917549,0.1969862821,0.002015012216,0.05570452668,3.783772186
1098,0.004269917549,0.1573879892,0.002015012216,0.05565424907,3.760723849
1099,0.004269917549,0.1051911359,0.002015012216,0.05560401683,3.74752504
1100,0.004269917549,0.06315112635,0.002015012216,0.05555382993,3.707347247
1101,0.004269917549,0.1010467812,0.002015012216,0.05550368833,3.746926957
1102,0.004269917549,0.156687752,0.002015012216,0.05545359199,3.778837335
1103,0.004269917549,0.1755376027,0.002015012216,0.05540354086,3.771203643
1104,0.004269917549,0.086205478,0.002015012216,0.05535353491,3.675743456
1105,0.004269917549,0.1318858399,0.002015012216,0.05530357409,3.638252781
1106,0.004269917549,0.09431526903,0.002015012216,0.05525365837,3.614097893
1107,0.004269917549,0.0787271886,0.002015012216,0.0552037877,3.62411126
1108,0.004269917549,0.08089953068,0.002015012216,0.05515396204,3.593739735
1109,0.004269917549,0.08810932533,0.002015012216,0.05510418135,3.592902793
1110,0.004269917549,0.07918353172,0.002015012216,0.05505444559,3.578546514
1111,0.004269917549,0.1030588768,0.002015012216,0.05500475473,3.649247521
1112,0.004269917549,0.1016297,0.002015012216,0.05495510871,3.606532128
1113,0.004269917549,0.1032340316,0.002015012216,0.0549055075,3.588673046
1114,0.004269917549,0.07829970069,0.002015012216,0.05485595106,3.590642428
1115,0.004269917549,0.1425568762,0.002015012216,0.05480643935,3.648171707
1116,0.004269917549,0.1074309312,0.002015012216,0.05475697233,3.617776382
1117,0.004269917549,0.1632748743,0.002015012216,0.05470754996,3.661520936
1118,0.004269917549,0.1356117038,0.002015012216,0.05465817219,3.629537508
1119,0.004269917549,0.09883323318,0.002015012216,0.05460883899,3.605539158
1120,0.004269917549,0.1003924965,0.002015012216,0.05455955032,3.647317537
1121,0.004269917549,0.1215371591,0.002015012216,0.05451030613,3.665147953
1122,0.004269917549,0.1627311612,0.002015012216,0.05446110639,3.654465496
1123,0.004269917549,0.09312093349,0.002015012216,0.05441195106,3.620275809
1124,0.004269917549,0.09583695062,0.002015012216,0.05436284009,3.657631055
1125,0.004269917549,0.1050254402,0.002015012216,0.05431377345,3.672641295
1126,0.004269917549,0.05856483231,0.002015012216,0.0542647511,3.669326997
1127,0.004269917549,0.07837248601,0.002015012216,0.05421577299,3.671228583
1128,0.004269917549,0.07438353346,0.002015012216,0.05416683909,3.68764649
1129,0.004269917549,0.09646976785,0.002015012216,0.05411794936,3.699104675
1130,0.004269917549,0.07190929845,0.002015012216,0.05406910375,3.704410587
1131,0.004269917549,0.06874203499,0.002015012216,0.05402030223,3.71743662
1132,0.004269917549,0.1847370309,0.002015012216,0.05397154476,3.788719408
1133,0.004269917549,0.1357606134,0.002015012216,0.05392283129,3.814024065
1134,0.004269917549,0.1660092655,0.002015012216,0.0538741618,3.819722533
1135,0.004269917549,0.1102128971,0.002015012216,0.05382553623,3.759306432
1136,0.004269917549,0.1462615973,0.002015012216,0.05377695454,3.800237809
1137,0.004269917549,0.1100010886,0.002015012216,0.05372841671,3.792317452
1138,0.004269917549,0.1818703761,0.002015012216,0.05367992269,3.837822114
1139,0.004269917549,0.166099655,0.002015012216,0.05363147243,3.809795808
1140,0.004269917549,0.112278769,0.002015012216,0.05358306591,3.787423666
1141,0.004269917549,0.09313856326,0.002015012216,0.05353470307,3.793157046
1142,0.004269917549,0.1644345642,0.002015012216,0.05348638389,3.811415996
1143,0.004269917549,0.1223195252,0.002015012216,0.05343810832,3.755731333
1144,0.004269917549,0.09290914863,0.002015012216,0.05338987632,3.715766767
1145,0.004269917549,0.07874412373,0.002015012216,0.05334168786,3.689079488
1146,0.004269917549,0.09137536247,0.002015012216,0.05329354289,3.716835099
1147,0.004269917549,0.1315913214,0.002015012216,0.05324544137,3.755832532
1148,0.004269917549,0.1651120526,0.002015012216,0.05319738327,3.753987947
1149,0.004269917549,0.145999846,0.002015012216,0.05314936854,3.742158561
1150,0.004269917549,0.1424514067,0.002015012216,0.05310139715,3.745849844
1151,0.004269917549,0.1362765582,0.002015012216,0.05305346906,3.739726611
1152,0.004269917549,0.07231744798,0.002015012216,0.05300558423,3.705472058
1153,0.004269917549,0.07820983293,0.002015012216,0.05295774262,3.725425963
1154,0.004269917549,0.1047434462,0.002015012216,0.05290994419,3.728525677
1155,0.004269917549,0.09646902823,0.002015012216,0.0528621889,3.697570056
1156,0.004269917549,0.0496352606,0.002015012216,0.05281447671,3.713844639
1157,0.004269917549,0.07754035247,0.002015012216,0.05276680759,3.727928388
1158,0.004161309283,0.105631416,0.002147358282,0.05271918149,3.732149028
1159,0.004161309283,0.1386534559,0.002147358282,0.05267159838,3.780804125
1160,0.004161309283,0.2882915351,0.002147358282,0.05262405822,3.791419992
1161,0.004161309283,0.1960876312,0.002147358282,0.05257656096,3.782373312
1162,0.004161309283,0.1457366512,0.002147358282,0.05252910657,3.762937989
1163,0.004161309283,0.1190241746,0.002147358282,0.05248169502,3.72137649
1164,0.004161309283,0.1185692435,0.002147358282,0.05243432626,3.721211696
1165,0.004161309283,0.1116939139,0.002147358282,0.05238700025,3.714746577
1166,0.004161309283,0.09464548505,0.002147358282,0.05233971696,3.733349453
1167,0.004161309283,0.07405451097,0.002147358282,0.05229247634,3.710082987
1168,0.004161309283,0.1192259818,0.002147358282,0.05224527837,3.734338677
1169,0.004161309283,0.09450170149,0.002147358282,0.05219812299,3.752785118
1170,0.004161309283,0.1920502052,0.002147358282,0.05215101017,3.810496684
1171,0.004161309283,0.1652111755,0.002147358282,0.05210393988,3.826538585
1172,0.004161309283,0.1412979024,0.002147358282,0.05205691207,3.788013252
1173,0.004161309283,0.08157747777,0.002147358282,0.05200992671,3.763869693
1174,0.004161309283,0.09025381229,0.002147358282,0.05196298375,3.741725807
1175,0.004161309283,0.09282894284,0.002147358282,0.05191608317,3.759139249
1176,0.004161309283,0.08932750726,0.002147358282,0.05186922491,3.739091038
1177,0.004161309283,0.06527408076,0.002147358282,0.05182240895,3.72569752
1178,0.004161309283,0.1188437346,0.002147358282,0.05177563525,3.779514445
1179,0.004161309283,0.1000772699,0.002147358282,0.05172890376,3.766702578
1180,0.004161309283,0.1514837636,0.002147358282,0.05168221445,3.794147763
1181,0.004161309283,0.1453587664,0.002147358282,0.05163556728,3.802053596
1182,0.004161309283,0.1246213695,0.002147358282,0.05158896221,3.800135218
1183,0.004161309283,0.1322042252,0.002147358282,0.05154239921,3.809913189
1184,0.004161309283,0.1359917677,0.002147358282,0.05149587824,3.796937169
1185,0.004161309283,0.09123993338,0.002147358282,0.05144939925,3.734195669
1186,0.004161309283,0.08607151042,0.002147358282,0.05140296221,3.74389506
1187,0.004161309283,0.1540349849,0.002147358282,0.05135656709,3.783658724
1188,0.004161309283,0.07925701457,0.002147358282,0.05131021384,3.75802905
1189,0.004161309283,0.07638560923,0.002147358282,0.05126390243,3.736083182
1190,0.004150002236,0.1389973297,0.002028345868,0.05121763282,3.796446947
1191,0.004150002236,0.1551521464,0.002028345868,0.05117140498,3.798219484
1192,0.004150002236,0.1071123983,0.002028345868,0.05112521885,3.805848953
1193,0.004150002236,0.1427197463,0.002028345868,0.05107907441,3.832305196
1194,0.004150002236,0.1321979848,0.002028345868,0.05103297162,3.817912339
1195,0.004150002236,0.1117596353,0.002028345868,0.05098691045,3.823600453
1196,0.004150002236,0.0653321785,0.002028345868,0.05094089084,3.791035233
1197,0.004150002236,0.08138953292,0.002028345868,0.05089491278,3.780502837
1198,0.004150002236,0.1264487315,0.002028345868,0.05084897621,3.793727506
1199,0.004150002236,0.1480166341,0.002028345868,0.0508030811,3.796868828
1200,0.004150002236,0.09941875814,0.002028345868,0.05075722741,3.78652582
1201,0.004150002236,0.09716900972,0.002028345868,0.05071141512,3.784855573
1202,0.004150002236,0.0894186663,0.002028345868,0.05066564417,3.767297857
1203,0.004150002236,0.1034003031,0.002028345868,0.05061991453,3.775036829
1204,0.004150002236,0.1075552481,0.002028345868,0.05057422617,3.774164719
1205,0.004150002236,0.1006348834,0.002028345868,0.05052857905,3.795467465
1206,0.004083360498,0.09046849417,0.00189059344,0.05048297312,3.795911225
1207,0.004083360498,0.07329518838,0.00189059344,0.05043740836,3.76917732
1208,0.004083360498,0.1943086638,0.00189059344,0.05039188472,3.788443733
1209,0.004083360498,0.1601847575,0.00189059344,0.05034640218,3.800078636
1210,0.004083360498,0.09081566047,0.00189059344,0.05030096068,3.751677041
1211,0.004083360498,0.09463780762,0.00189059344,0.0502555602,3.7467934
1212,0.004083360498,0.06200425266,0.00189059344,0.0502102007,3.727864042
1213,0.004083360498,0.0591448038,0.00189059344,0.05016488213,3.699267093
1214,0.004083360498,0.05948326275,0.00189059344,0.05011960447,3.682335565
1215,0.004083360498,0.07937386319,0.00189059344,0.05007436768,3.72860517
1216,0.004083360498,0.07948400874,0.00189059344,0.05002917171,3.721655413
1217,0.004083360498,0.06529687293,0.00189059344,0.04998401654,3.745575951
1218,0.004083360498,0.1567009427,0.00189059344,0.04993890213,3.804902869
1219,0.004083360498,0.0800077305,0.00189059344,0.04989382843,3.763009385
1220,0.004083360498,0.07140970771,0.00189059344,0.04984879542,3.741692226
1221,0.004083360498,0.1405416521,0.00189059344,0.04980380305,3.73049803
1222,0.004083360498,0.09961052025,0.00189059344,0.04975885129,3.666852139
1223,0.004083360498,0.1050731917,0.00189059344,0.04971394011,3.66681437
1224,0.004083360498,0.1105529905,0.00189059344,0.04966906946,3.662204017
1225,0.004083360498,0.08941355616,0.00189059344,0.0496242393,3.616592641
1226,0.004083360498,0.07669540204,0.00189059344,0.04957944962,3.625029211
1227,0.004083360498,0.07889178662,0.00189059344,0.04953470035,3.650053851
1228,0.004083360498,0.1690787336,0.00189059344,0.04948999148,3.680840983
1229,0.004083360498,0.1090439262,0.00189059344,0.04944532296,3.671931004
1230,0.004083360498,0.1813599638,0.00189059344,0.04940069476,3.681285121
1231,0.004083360498,0.1497999616,0.00189059344,0.04935610684,3.678997798
1232,0.004083360498,0.0963286414,0.00189059344,0.04931155916,3.606249714
1233,0.004083360498,0.07602679863,0.00189059344,0.04926705169,3.601485605
1234,0.004083360498,0.1163249787,0.00189059344,0.04922258439,3.650640346
1235,0.004083360498,0.1101860503,0.00189059344,0.04917815722,3.644342088
1236,0.004083360498,0.08602070702,0.00189059344,0.04913377016,3.629627786
1237,0.004083360498,0.1064007915,0.00189059344,0.04908942316,3.685494389
1238,0.004083360498,0.09355092969,0.00189059344,0.04904511618,3.669578355
1239,0.004083360498,0.08419764526,0.00189059344,0.0490008492,3.685862843
1240,0.004083360498,0.09857638091,0.00189059344,0.04895662216,3.702082171
1241,0.004083360498,0.08787886323,0.00189059344,0.04891243505,3.693257978
1242,0.004083360498,0.1306378739,0.00189059344,0.04886828782,3.717389213
1243,0.004083360498,0.1232238894,0.00189059344,0.04882418044,3.760581308
1244,0.004083360498,0.1106156451,0.00189059344,0.04878011286,3.737404944
1245,0.004083360498,0.1685189019,0.00189059344,0.04873608506,3.773584131
1246,0.004083360498,0.1201246233,0.00189059344,0.048692097,3.747983054
1247,0.004083360498,0.1173610496,0.00189059344,0.04864814864,3.712573074
1248,0.004083360498,0.1326888534,0.00189059344,0.04860423995,3.713816286
1249,0.004083360498,0.1261963848,0.00189059344,0.04856037089,3.715549104
1250,0.004083360498,0.1128659253,0.00189059344,0.04851654143,3.67625893
1251,0.004083360498,0.1090203152,0.00189059344,0.04847275152,3.690889382
1252,0.004083360498,0.05678687812,0.00189059344,0.04842900114,3.652359023
1253,0.004083360498,0.1311754878,0.00189059344,0.04838529024,3.666217028
1254,0.004083360498,0.0541692901,0.00189059344,0.0483416188,3.62403701
1255,0.004083360498,0.06059787748,0.00189059344,0.04829798678,3.657141864
1256,0.004083360498,0.1005022617,0.00189059344,0.04825439413,3.700704451
1257,0.004083360498,0.09299327261,0.00189059344,0.04821084084,3.738476788
1258,0.004083360498,0.1001220269,0.00189059344,0.04816732685,3.734455781
1259,0.004083360498,0.07459683678,0.00189059344,0.04812385213,3.745803326
1260,0.004083360498,0.1211388823,0.00189059344,0.04808041666,3.768548061
1261,0.004083360498,0.05308184326,0.00189059344,0.04803702039,3.705700312
1262,0.004083360498,0.07569381855,0.00189059344,0.04799366329,3.726930422
1263,0.004083360498,0.1107550156,0.00189059344,0.04795034532,3.754598109
1264,0.004083360498,0.2309308131,0.00189059344,0.04790706645,3.756245418
1265,0.004083360498,0.1521857408,0.00189059344,0.04786382664,3.75957352
1266,0.004083360498,0.2377924531,0.00189059344,0.04782062586,3.732526486
1267,0.004083360498,0.2072687522,0.00189059344,0.04777746407,3.739724136
1268,0.004083360498,0.1828794677,0.00189059344,0.04773434124,3.733967675
1269,0.004083360498,0.1703271233,0.00189059344,0.04769125733,3.722810335
1270,0.004083360498,0.1189059745,0.00189059344,0.04764821231,3.700817404
1271,0.004083360498,0.1156111532,0.00189059344,0.04760520613,3.704192704
1272,0.004083360498,0.124865728,0.00189059344,0.04756223878,3.704950538
1273,0.004083360498,0.1172503885,0.00189059344,0.0475193102,3.698459533
1274,0.004083360498,0.1222295963,0.00189059344,0.04747642038,3.660730524
1275,0.004083360498,0.1120858746,0.00189059344,0.04743356926,3.657773797
1276,0.004083360498,0.09514857556,0.00189059344,0.04739075682,3.647763286
1277,0.004083360498,0.0979917738,0.00189059344,0.04734798302,3.723135777
1278,0.003890102381,0.146039673,0.001888587784,0.04730524783,3.752564338
1279,0.003890102381,0.1207237901,0.001888587784,0.04726255121,3.743089301
1280,0.003890102381,0.1733984163,0.001888587784,0.04721989312,3.77143698
1281,0.003890102381,0.1932164584,0.001888587784,0.04717727354,3.747829195
1282,0.003890102381,0.2619978912,0.001888587784,0.04713469243,3.731014339
1283,0.003890102381,0.373574846,0.001888587784,0.04709214975,3.703780741
1284,0.003890102381,0.3403016013,0.001888587784,0.04704964546,3.694096948
1285,0.003890102381,0.3891494899,0.001888587784,0.04700717954,3.698598384
1286,0.003890102381,0.3405533922,0.001888587784,0.04696475195,3.679978683
1287,0.003890102381,0.3857049781,0.001888587784,0.04692236266,3.631863366
1288,0.003890102381,0.4274943579,0.001888587784,0.04688001162,3.627757191
1289,0.003890102381,0.4253242999,0.001888587784,0.04683769881,3.6427218
1290,0.003890102381,0.3691544356,0.001888587784,0.04679542419,3.687876478
1291,0.003890102381,0.3309490309,0.001888587784,0.04675318772,3.699750085
1292,0.003890102381,0.3510696031,0.001888587784,0.04671098938,3.730259646
1293,0.003890102381,0.3003246041,0.001888587784,0.04666882912,3.746643658
1294,0.003890102381,0.3053396131,0.001888587784,0.04662670692,3.723556562
1295,0.003890102381,0.3332344645,0.001888587784,0.04658462273,3.729091665
1296,0.003890102381,0.3699642614,0.001888587784,0.04654257653,3.763213491
1297,0.003890102381,0.3824433253,0.001888587784,0.04650056828,3.785447758
1298,0.003890102381,0.2893611484,0.001888587784,0.04645859794,3.783598632
1299,0.003890102381,0.2111413818,0.001888587784,0.04641666549,3.795647812
1300,0.003890102381,0.2079113916,0.001888587784,0.04637477088,3.793122151
1301,0.003890102381,0.1975510409,0.001888587784,0.04633291409,3.77640585
1302,0.003890102381,0.2730607192,0.001888587784,0.04629109507,3.742400135
1303,0.003890102381,0.3143715498,0.001888587784,0.0462493138,3.722147827
1304,0.003890102381,0.2902283164,0.001888587784,0.04620757025,3.761868449
1305,0.003890102381,0.2418953556,0.001888587784,0.04616586436,3.804736587
1306,0.003890102381,0.1701112782,0.001888587784,0.04612419612,3.833599849
1307,0.003890102381,0.2131370833,0.001888587784,0.04608256549,3.821370234
1308,0.003890102381,0.1012307059,0.001888587784,0.04604097244,3.8344442
1309,0.003890102381,0.1297139231,0.001888587784,0.04599941692,3.810302781
1310,0.003890102381,0.08345122923,0.001888587784,0.04595789892,3.766709476
1311,0.003890102381,0.1185163683,0.001888587784,0.04591641838,3.786730602
1312,0.003890102381,0.1112356925,0.001888587784,0.04587497529,3.777969485
1313,0.003890102381,0.08765882025,0.001888587784,0.0458335696,3.798476264
1314,0.003890102381,0.1173324519,0.001888587784,0.04579220128,3.803866571
1315,0.003890102381,0.0760188695,0.001888587784,0.0457508703,3.802492734
1316,0.003890102381,0.140424984,0.001888587784,0.04570957662,3.809183137
1317,0.003890102381,0.1090711621,0.001888587784,0.04566832022,3.798922868
1318,0.003890102381,0.1013137943,0.001888587784,0.04562710105,3.817574683
1319,0.003890102381,0.1960792916,0.001888587784,0.04558591909,3.832911544
1320,0.003890102381,0.09099211509,0.001888587784,0.04554477429,3.834001571
1321,0.003890102381,0.09983839739,0.001888587784,0.04550366663,3.812009286
1322,0.003890102381,0.1783032038,0.001888587784,0.04546259608,3.842879981
1323,0.003890102381,0.1296858997,0.001888587784,0.04542156259,3.824725344
1324,0.003890102381,0.2069890316,0.001888587784,0.04538056614,3.826521497
1325,0.003890102381,0.1513543693,0.001888587784,0.0453396067,3.843182845
1326,0.003890102381,0.1486026392,0.001888587784,0.04529868422,3.861036655
1327,0.003890102381,0.1862223349,0.001888587784,0.04525779868,3.83942954
1328,0.003890102381,0.1376549041,0.001888587784,0.04521695003,3.863151862
1329,0.003890102381,0.1716113312,0.001888587784,0.04517613826,3.870410076
1330,0.003840782657,0.1929144511,0.001731914119,0.04513536333,3.867996079
1331,0.003840782657,0.1336894649,0.001731914119,0.0450946252,3.867663576
1332,0.003840782657,0.1889535641,0.001731914119,0.04505392383,3.877497473
1333,0.003840782657,0.1435652021,0.001731914119,0.0450132592,3.872717006
1334,0.003840782657,0.06337544162,0.001731914119,0.04497263128,3.853681365
1335,0.003840782657,0.1226280464,0.001731914119,0.04493204002,3.871875748
1336,0.003840782657,0.1451960327,0.001731914119,0.04489148541,3.884330427
1337,0.003840782657,0.2445093489,0.001731914119,0.04485096739,3.901400922
1338,0.003840782657,0.1180346391,0.001731914119,0.04481048595,3.884299953
1339,0.003840782657,0.1577764063,0.001731914119,0.04477004104,3.913698256
1340,0.003840782657,0.1009474865,0.001731914119,0.04472963264,3.862892424
1341,0.003840782657,0.1183069973,0.001731914119,0.04468926071,3.856590267
1342,0.003840782657,0.08922802624,0.001731914119,0.04464892522,3.871609737
1343,0.003840782657,0.09281123018,0.001731914119,0.04460862613,3.87987928
1344,0.003840782657,0.1424854503,0.001731914119,0.04456836342,3.881033234
1345,0.003840782657,0.1519573137,0.001731914119,0.04452813705,3.829891577
1346,0.003840782657,0.1046570774,0.001731914119,0.04448794698,3.848886661
1347,0.003840782657,0.1229779378,0.001731914119,0.04444779319,3.864677388
1348,0.003840782657,0.1153378342,0.001731914119,0.04440767565,3.862613205
1349,0.003840782657,0.142976305,0.001731914119,0.04436759431,3.866730595
1350,0.003840782657,0.1383067451,0.001731914119,0.04432754914,3.83825162
1351,0.003840782657,0.1391709892,0.001731914119,0.04428754013,3.790316223
1352,0.003840782657,0.08581875588,0.001731914119,0.04424756722,3.773942266
1353,0.003840782657,0.08290594112,0.001731914119,0.04420763039,3.774743679
1354,0.003840782657,0.1023930754,0.001731914119,0.04416772961,3.775761568
1355,0.003840782657,0.08714770421,0.001731914119,0.04412786484,3.775878928
1356,0.003840782657,0.11013365,0.001731914119,0.04408803605,3.798774294
1357,0.003840782657,0.113704019,0.001731914119,0.04404824321,3.806008838
1358,0.003840782657,0.08803871201,0.001731914119,0.04400848629,3.805063824
1359,0.003840782657,0.1546250143,0.001731914119,0.04396876525,3.832663141
1360,0.003840782657,0.1151604441,0.001731914119,0.04392908006,3.826675045
1361,0.003840782657,0.1309615825,0.001731914119,0.04388943069,3.807702503
1362,0.003840782657,0.1591720145,0.001731914119,0.0438498171,3.810342042
1363,0.003840782657,0.1332415876,0.001731914119,0.04381023928,3.813756022
1364,0.003840782657,0.213689983,0.001731914119,0.04377069717,3.829622458
1365,0.003840782657,0.1361717023,0.001731914119,0.04373119075,3.833413712
1366,0.003840782657,0.1877266479,0.001731914119,0.04369171999,3.824409041
1367,0.003840782657,0.1277431606,0.001731914119,0.04365228486,3.810367942
1368,0.003840782657,0.1507178323,0.001731914119,0.04361288532,3.812335911
1369,0.003840782657,0.1454338507,0.001731914119,0.04357352134,3.81788154
1370,0.003840782657,0.08974555701,0.001731914119,0.04353419289,3.828418168
1371,0.003840782657,0.1379113991,0.001731914119,0.04349489993,3.844168483
1372,0.003840782657,0.1173846791,0.001731914119,0.04345564245,3.827888691
1373,0.003840782657,0.1382384764,0.001731914119,0.04341642039,3.833360981
1374,0.003840782657,0.06858438695,0.001731914119,0.04337723373,3.771481929
1375,0.003840782657,0.09610467193,0.001731914119,0.04333808245,3.773671811
1376,0.003840782657,0.06702962929,0.001731914119,0.0432989665,3.751355114
1377,0.003840782657,0.1028327658,0.001731914119,0.04325988586,3.806134534
1378,0.003840782657,0.2014756761,0.001731914119,0.04322084048,3.807924357
1379,0.003840782657,0.1252200434,0.001731914119,0.04318183036,3.816002905
1380,0.003840782657,0.1070354572,0.001731914119,0.04314285544,3.823336766
1381,0.003840782657,0.1181896206,0.001731914119,0.04310391569,3.804726448
1382,0.003840782657,0.1305376399,0.001731914119,0.0430650111,3.784915327
1383,0.003840782657,0.1092278911,0.001731914119,0.04302614162,3.769733735
1384,0.003840782657,0.1746886967,0.001731914119,0.04298730722,3.774372722
1385,0.003840782657,0.1312364498,0.001731914119,0.04294850787,3.783522347
1386,0.003840782657,0.1495028906,0.001731914119,0.04290974354,3.798097446
1387,0.003840782657,0.1388546509,0.001731914119,0.0428710142,3.785649681
1388,0.003840782657,0.1488736333,0.001731914119,0.04283231982,3.766079753
1389,0.003840782657,0.1108615531,0.001731914119,0.04279366036,3.746070297
1390,0.003840782657,0.07823240803,0.001731914119,0.04275503579,3.762128966
1391,0.003840782657,0.1178988177,0.001731914119,0.04271644609,3.81712802
1392,0.003840782657,0.1717493446,0.001731914119,0.04267789122,3.807624154
1393,0.003840782657,0.1386785224,0.001731914119,0.04263937114,3.81497418
1394,0.003840782657,0.07232499115,0.001731914119,0.04260088583,3.772207945
1395,0.003840782657,0.08428915113,0.001731914119,0.04256243526,3.75791439
1396,0.003840782657,0.1590135613,0.001731914119,0.04252401939,3.791786859
1397,0.003840782657,0.1091162334,0.001731914119,0.0424856382,3.794417336
1398,0.003840782657,0.145133735,0.001731914119,0.04244729164,3.830882999
1399,0.003840782657,0.1142412056,0.001731914119,0.0424089797,3.802945161
1400,0.003840782657,0.1333733479,0.001731914119,0.04237070234,3.77597202
1401,0.003840782657,0.1518532673,0.001731914119,0.04233245953,3.786150454
1402,0.003840782657,0.08276730403,0.001731914119,0.04229425123,3.790225839
1403,0.003840782657,0.1617574578,0.001731914119,0.04225607742,3.788184762
1404,0.003840782657,0.1475765734,0.001731914119,0.04221793806,3.758113263
1405,0.003840782657,0.1380883367,0.001731914119,0.04217983313,3.735919411
1406,0.003840782657,0.162723598,0.001731914119,0.04214176259,3.769414849
1407,0.003840782657,0.1873287886,0.001731914119,0.04210372641,3.760369102
1408,0.003840782657,0.1583985252,0.001731914119,0.04206572456,3.772417282
1409,0.003840782657,0.09244555039,0.001731914119,0.04202775702,3.736233458
1410,0.003840782657,0.0841017638,0.001731914119,0.04198982374,3.745721678
1411,0.003840782657,0.1397574207,0.001731914119,0.04195192469,3.772073129
1412,0.003840782657,0.1361445206,0.001731914119,0.04191405986,3.782255667
1413,0.003840782657,0.1039282192,0.001731914119,0.0418762292,3.720293067
1414,0.003840782657,0.09911691445,0.001731914119,0.04183843269,3.766369398
1415,0.003840782657,0.0780675523,0.001731914119,0.04180067029,3.789391757
1416,0.003840782657,0.07013352135,0.001731914119,0.04176294197,3.794927863
1417,0.003840782657,0.1682677679,0.001731914119,0.04172524771,3.813153503
1418,0.003840782657,0.2119067158,0.001731914119,0.04168758746,3.829403377
1419,0.003840782657,0.187020707,0.001731914119,0.04164996121,3.816931052
1420,0.003840782657,0.1787228784,0.001731914119,0.04161236892,3.808923073
1421,0.003840782657,0.1328697448,0.001731914119,0.04157481056,3.779464639
1422,0.003840782657,0.08678547128,0.001731914119,0.0415372861,3.728115617
1423,0.003840782657,0.07684625412,0.001731914119,0.04149979551,3.712386892
1424,0.003840782657,0.1489004342,0.001731914119,0.04146233876,3.766652516
1425,0.003840782657,0.1843365926,0.001731914119,0.04142491581,3.778009282
1426,0.003803338578,0.1243553084,0.001919067428,0.04138752664,3.777737657
1427,0.003803338578,0.1647856239,0.001919067428,0.04135017122,3.763980389
1428,0.003803338578,0.1359709279,0.001919067428,0.04131284951,3.743470343
1429,0.003803338578,0.08353117959,0.001919067428,0.04127556149,3.740839428
1430,0.003803338578,0.1532376767,0.001919067428,0.04123830713,3.768994241
1431,0.003803338578,0.09802959086,0.001919067428,0.04120108639,3.759255639
1432,0.003803338578,0.08840189514,0.001919067428,0.04116389924,3.756462169
1433,0.003803338578,0.1618950163,0.001919067428,0.04112674566,3.783672913
1434,0.003728591444,0.1130200096,0.001772725015,0.04108962561,3.774907399
1435,0.003728591444,0.1730668548,0.001772725015,0.04105253907,3.792504087
1436,0.003728591444,0.1313254973,0.001772725015,0.041015486,3.799770604
1437,0.003728591444,0.1703099589,0.001772725015,0.04097846637,3.831471259
1438,0.003728591444,0.1249008501,0.001772725015,0.04094148016,3.825833161
1439,0.003728591444,0.1203482105,0.001772725015,0.04090452732,3.785350867
1440,0.003728591444,0.1394806584,0.001772725015,0.04086760785,3.783886034
1441,0.003728591444,0.117178167,0.001772725015,0.04083072169,3.780084203
1442,0.003728591444,0.126150745,0.001772725015,0.04079386883,3.781084568
1443,0.003728591444,0.2047474057,0.001772725015,0.04075704923,3.802411547
1444,0.003728591444,0.1167902888,0.001772725015,0.04072026286,3.781336594
1445,0.003728591444,0.1482138411,0.001772725015,0.04068350969,3.812158075
1446,0.003728591444,0.186193478,0.001772725015,0.0406467897,3.83572558
1447,0.003728591444,0.07583209303,0.001772725015,0.04061010285,3.79645657
1448,0.003728591444,0.08571202938,0.001772725015,0.04057344911,3.761593049
1449,0.003728591444,0.1314997112,0.001772725015,0.04053682846,3.770799778
1450,0.003728591444,0.04936260872,0.001772725015,0.04050024085,3.701517559
1451,0.003728591444,0.09944472179,0.001772725015,0.04046368628,3.727737361
1452,0.003728591444,0.1149762342,0.001772725015,0.04042716469,3.74931225
1453,0.003728591444,0.1666951727,0.001772725015,0.04039067607,3.75864838
1454,0.003728591444,0.1237058579,0.001772725015,0.04035422038,3.759001849
1455,0.003728591444,0.1365064676,0.001772725015,0.04031779759,3.767189042
1456,0.003728591444,0.07823826614,0.001772725015,0.04028140769,3.744136969
1457,0.003728591444,0.09294207496,0.001772725015,0.04024505062,3.748288853
1458,0.003728591444,0.1254994128,0.001772725015,0.04020872637,3.742458461
1459,0.003728591444,0.1613297415,0.001772725015,0.04017243491,3.751342
1460,0.003728591444,0.1437871052,0.001772725015,0.0401361762,3.769237014
1461,0.003728591444,0.1915044139,0.001772725015,0.04009995021,3.776861034
1462,0.003728591444,0.1908956784,0.001772725015,0.04006375693,3.778638521
1463,0.003728591444,0.1980604463,0.001772725015,0.04002759631,3.777628041
1464,0.003728591444,0.2993542048,0.001772725015,0.03999146833,3.720189977
1465,0.003728591444,0.3369392125,0.001772725015,0.03995537296,3.700570033
1466,0.003728591444,0.3478015797,0.001772725015,0.03991931016,3.72961641
1467,0.003728591444,0.3654698943,0.001772725015,0.03988327992,3.762236264
1468,0.003728591444,0.3050289073,0.001772725015,0.03984728219,3.759244176
1469,0.003728591444,0.3139709417,0.001772725015,0.03981131696,3.739065867
1470,0.003728591444,0.2915106457,0.001772725015,0.03977538419,3.742930566
1471,0.003728591444,0.2913116633,0.001772725015,0.03973948385,3.750555659
1472,0.003728591444,0.2623224143,0.001772725015,0.03970361591,3.77738512
1473,0.003728591444,0.340267312,0.001772725015,0.03966778035,3.780505816
1474,0.003728591444,0.2407843495,0.001772725015,0.03963197713,3.845001451
1475,0.003728591444,0.1623451767,0.001772725015,0.03959620622,3.84609169
1476,0.003728591444,0.1701858838,0.001772725015,0.03956046761,3.806890354
1477,0.003728591444,0.161015968,0.001772725015,0.03952476124,3.804604184
1478,0.003728591444,0.1867559491,0.001772725015,0.03948908711,3.82281785
1479,0.003728591444,0.145128731,0.001772725015,0.03945344518,3.82158355
1480,0.003728591444,0.1267163378,0.001772725015,0.03941783541,3.798357615
1481,0.003728591444,0.1084981794,0.001772725015,0.03938225778,3.790447161
1482,0.003728591444,0.07231106058,0.001772725015,0.03934671227,3.766618616
1483,0.003728591444,0.1174350642,0.001772725015,0.03931119884,3.80555201
1484,0.003728591444,0.1145688763,0.001772725015,0.03927571746,3.835004583
1485,0.003728591444,0.1625528207,0.001772725015,0.03924026811,3.846878485
1486,0.003728591444,0.1213421695,0.001772725015,0.03920485075,3.827804308
1487,0.003728591444,0.143702341,0.001772725015,0.03916946536,3.853761536
1488,0.003728591444,0.1141708304,0.001772725015,0.03913411191,3.847319923
1489,0.003728591444,0.1282672024,0.001772725015,0.03909879037,3.849590576
1490,0.003728591444,0.0928616789,0.001772725015,0.03906350071,3.823476104
1491,0.003728591444,0.1077988199,0.001772725015,0.0390282429,3.819296454
1492,0.003728591444,0.09624617118,0.001772725015,0.03899301691,3.828323975
1493,0.003728591444,0.08303482419,0.001772725015,0.03895782272,3.842954335
1494,0.003728591444,0.1006064293,0.001772725015,0.03892266029,3.831187828
1495,0.003728591444,0.08459634299,0.001772725015,0.0388875296,3.835221335
1496,0.003728591444,0.06798349781,0.001772725015,0.03885243061,3.836781393
1497,0.003728591444,0.1434216563,0.001772725015,0.03881736331,3.845151664
1498,0.003728591444,0.1771311479,0.001772725015,0.03878232766,3.802681946
1499,0.003728591444,0.169931095,0.001772725015,0.03874732363,3.784726768
1500,0.003728591444,0.2387841179,0.001772725015,0.03871235119,3.783575073
1501,0.003728591444,0.137551255,0.001772725015,0.03867741032,3.785077517
1502,0.003728591444,0.1041661402,0.001772725015,0.03864250099,3.798074625
1503,0.003728591444,0.1745819401,0.001772725015,0.03860762316,3.783140225
1504,0.003728591444,0.1101074789,0.001772725015,0.03857277681,3.754789438
1505,0.003728591444,0.1581306853,0.001772725015,0.03853796192,3.777351473
1506,0.003728591444,0.1234023504,0.001772725015,0.03850317845,3.777721242
1507,0.003728591444,0.1975827096,0.001772725015,0.03846842637,3.797525293
1508,0.003728591444,0.1178178759,0.001772725015,0.03843370566,3.795828735
1509,0.003728591444,0.1512670429,0.001772725015,0.03839901629,3.788656686
1510,0.003728591444,0.1611619352,0.001772725015,0.03836435823,3.767587683
1511,0.003728591444,0.1327548941,0.001772725015,0.03832973145,3.771899159
1512,0.003728591444,0.1958428557,0.001772725015,0.03829513592,3.748742069
1513,0.003728591444,0.1591859327,0.001772725015,0.03826057162,3.767974699
1514,0.003728591444,0.1598244885,0.001772725015,0.03822603851,3.774246855
1515,0.003728591444,0.2371921428,0.001772725015,0.03819153657,3.783236534
1516,0.003728591444,0.2477166354,0.001772725015,0.03815706578,3.81859141
1517,0.003728591444,0.2235095142,0.001772725015,0.0381226261,3.809283466
1518,0.003728591444,0.2303490848,0.001772725015,0.0380882175,3.784550705
1519,0.003728591444,0.1981039577,0.001772725015,0.03805383995,3.769899541
1520,0.003728591444,0.1913446609,0.001772725015,0.03801949344,3.783601935
1521,0.003728591444,0.1633669281,0.001772725015,0.03798517793,3.779920897
1522,0.003728591444,0.2365200645,0.001772725015,0.03795089338,3.793596104
1523,0.003728591444,0.07526390613,0.001772725015,0.03791663979,3.785488012
1524,0.003728591444,0.1387105086,0.001772725015,0.03788241711,3.813005718
1525,0.003728591444,0.07401189382,0.001772725015,0.03784822532,3.795882515
1526,0.003728591444,0.1286707761,0.001772725015,0.03781406438,3.850938677
1527,0.003728591444,0.09705777234,0.001772725015,0.03777993429,3.845797522
1528,0.003728591444,0.1398296468,0.001772725015,0.03774583499,3.830640334
1529,0.003728591444,0.1592628119,0.001772725015,0.03771176648,3.810750778
1530,0.003728591444,0.12166424,0.001772725015,0.03767772871,3.791154256
1531,0.003728591444,0.1289625657,0.001772725015,0.03764372167,3.763349499
1532,0.003728591444,0.09305132978,0.001772725015,0.03760974531,3.757905426
1533,0.003728591444,0.1011905156,0.001772725015,0.03757579963,3.76668088
1534,0.003685238561,0.1128969083,0.001812771056,0.03754188458,3.810354099
1535,0.003685238561,0.1253071108,0.001812771056,0.03750800015,3.817837031
1536,0.003685238561,0.1792558905,0.001812771056,0.0374741463,3.826899007
1537,0.003685238561,0.1364310779,0.001812771056,0.037440323,3.802131855
1538,0.003685238561,0.09368186676,0.001812771056,0.03740653023,3.785117416
1539,0.003685238561,0.1420232117,0.001812771056,0.03737276797,3.799880739
1540,0.003685238561,0.1436828342,0.001812771056,0.03733903617,3.79990568
1541,0.003685238561,0.1384107411,0.001812771056,0.03730533482,3.801317563
1542,0.003685238561,0.1010671315,0.001812771056,0.03727166389,3.815370009
1543,0.003685238561,0.1663601346,0.001812771056,0.03723802335,3.821863711
1544,0.003685238561,0.2119459479,0.001812771056,0.03720441317,3.834159824
1545,0.003685238561,0.1741239987,0.001812771056,0.03717083333,3.837250622
1546,0.003676481888,0.1448445984,0.001697214507,0.0371372838,3.840144855
1547,0.003676481888,0.1979636273,0.001697214507,0.03710376455,3.848239266
1548,0.003676481888,0.1274207346,0.001697214507,0.03707027555,3.857551648
1549,0.003676481888,0.1515003345,0.001697214507,0.03703681678,3.864101926
1550,0.003676481888,0.08075379966,0.001697214507,0.03700338821,3.830327348
1551,0.003676481888,0.1300482792,0.001697214507,0.03696998981,3.818833307
1552,0.003676481888,0.145051695,0.001697214507,0.03693662155,3.84365148
1553,0.003676481888,0.1438851707,0.001697214507,0.03690328341,3.865131267
1554,0.003676481888,0.08672404815,0.001697214507,0.03686997536,3.857000072
1555,0.003676481888,0.1607469158,0.001697214507,0.03683669738,3.886939764
1556,0.003676481888,0.06924551979,0.001697214507,0.03680344943,3.834058031
1557,0.003676481888,0.09323872779,0.001697214507,0.03677023149,3.790869015
1558,0.003676481888,0.1196704021,0.001697214507,0.03673704353,3.776301306
1559,0.003676481888,0.07276128885,0.001697214507,0.03670388552,3.768681963
1560,0.003676481888,0.09960638427,0.001697214507,0.03667075745,3.788413336
1561,0.003676481888,0.1455479858,0.001697214507,0.03663765927,3.8136692
1562,0.003676481888,0.1130869683,0.001697214507,0.03660459097,3.817190745
1563,0.003676481888,0.0893084942,0.001697214507,0.03657155251,3.821276861
1564,0.003676481888,0.05666762131,0.001697214507,0.03653854388,3.793701236
1565,0.003676481888,0.08577566883,0.001697214507,0.03650556503,3.829134937
1566,0.003676481888,0.1019862455,0.001697214507,0.03647261596,3.817967854
1567,0.003676481888,0.06997815349,0.001697214507,0.03643969662,3.818100337
1568,0.003676481888,0.2008958741,0.001697214507,0.03640680699,3.868742349
1569,0.003676481888,0.1432720616,0.001697214507,0.03637394705,3.8524806
1570,0.003676481888,0.09310266118,0.001697214507,0.03634111677,3.840039603
1571,0.003676481888,0.1351272579,0.001697214507,0.03630831612,3.81643394
1572,0.003676481888,0.1310105647,0.001697214507,0.03627554508,3.788156524
1573,0.003676481888,0.1318986671,0.001697214507,0.03624280361,3.757747651
1574,0.003676481888,0.1080805972,0.001697214507,0.0362100917,3.734161251
1575,0.003676481888,0.1143147111,0.001697214507,0.03617740931,3.707481979
1576,0.003676481888,0.07769087283,0.001697214507,0.03614475641,3.730517601
1577,0.003676481888,0.1573233619,0.001697214507,0.036112133,3.771947821
1578,0.003676481888,0.1347753057,0.001697214507,0.03607953902,3.78079133
1579,0.003676481888,0.1464913665,0.001697214507,0.03604697446,3.764230736
1580,0.003676481888,0.1308546368,0.001697214507,0.0360144393,3.750374714
1581,0.003676481888,0.1031725397,0.001697214507,0.0359819335,3.729945777
1582,0.003676481888,0.1514152425,0.001697214507,0.03594945704,3.75107811
1583,0.003676481888,0.1960498112,0.001697214507,0.0359170099,3.757687748
1584,0.003676481888,0.1449303143,0.001697214507,0.03588459204,3.747267956
1585,0.003676481888,0.0968218677,0.001697214507,0.03585220343,3.687302103
1586,0.003676481888,0.06628870546,0.001697214507,0.03581984407,3.662238615
1587,0.003676481888,0.05945459071,0.001697214507,0.03578751391,3.643254926
1588,0.003676481888,0.079945791,0.001697214507,0.03575521292,3.669323858
1589,0.003676481888,0.09338382106,0.001697214507,0.0357229411,3.706004031
1590,0.003676481888,0.16672149,0.001697214507,0.0356906984,3.734465832
1591,0.003676481888,0.1077887535,0.001697214507,0.0356584848,3.68826846
1592,0.003676481888,0.101069434,0.001697214507,0.03562630028,3.719393062
1593,0.003676481888,0.1150873785,0.001697214507,0.03559414481,3.713590651
1594,0.003676481888,0.0806895355,0.001697214507,0.03556201836,3.666452568
1595,0.003669969282,0.0948532304,0.002025083841,0.0355299209,3.685959608
1596,0.003669969282,0.09341762074,0.002025083841,0.03549785242,3.678500379
1597,0.003669969282,0.07448462463,0.002025083841,0.03546581288,3.65983296
1598,0.003669969282,0.1209036769,0.002025083841,0.03543380226,3.678242132
1599,0.003669969282,0.1324355229,0.002025083841,0.03540182053,3.719201794
1600,0.003669969282,0.1534282934,0.002025083841,0.03536986767,3.712672428
1601,0.003669969282,0.1283084673,0.002025083841,0.03533794364,3.689025311
1602,0.003669969282,0.1641833029,0.002025083841,0.03530604844,3.694428007
1603,0.003669969282,0.1485057534,0.002025083841,0.03527418201,3.725019343
1604,0.003669969282,0.1369627857,0.002025083841,0.03524234435,3.70935367
1605,0.003669969282,0.1150849833,0.002025083841,0.03521053543,3.710231286
1606,0.003669969282,0.09867436371,0.002025083841,0.03517875522,3.687499074
1607,0.003669969282,0.07655429354,0.002025083841,0.03514700369,3.720593407
1608,0.003669969282,0.1513371483,0.002025083841,0.03511528082,3.747486993
1609,0.003669969282,0.1167526944,0.002025083841,0.03508358658,3.732920726
1610,0.003669969282,0.0850193009,0.002025083841,0.03505192095,3.689359029
1611,0.003669969282,0.08527685249,0.002025083841,0.0350202839,3.703020208
1612,0.003669969282,0.08381144246,0.002025083841,0.0349886754,3.718238539
1613,0.003669969282,0.1166277721,0.002025083841,0.03495709543,3.757302951
1614,0.003669969282,0.1185508595,0.002025083841,0.03492554397,3.769337864
1615,0.003669969282,0.09134181771,0.002025083841,0.03489402098,3.745642856
1616,0.003669969282,0.1165190538,0.002025083841,0.03486252645,3.774189729
1617,0.003669969282,0.1268526027,0.002025083841,0.03483106034,3.771679401
1618,0.003669969282,0.08487361445,0.002025083841,0.03479962263,3.739188393
1619,0.003669969282,0.05296208074,0.002025083841,0.0347682133,3.734183905
1620,0.003669969282,0.07881954013,0.002025083841,0.03473683231,3.760790764
1621,0.003669969282,0.1054877738,0.002025083841,0.03470547965,3.785559693
1622,0.003669969282,0.1163583511,0.002025083841,0.03467415529,3.81684227
1623,0.003669969282,0.08884760129,0.002025083841,0.0346428592,3.783827282
1624,0.003669969282,0.04835869268,0.002025083841,0.03461159136,3.748717166
1625,0.003669969282,0.08871246856,0.002025083841,0.03458035174,3.787280376
1626,0.003669969282,0.05562710241,0.002025083841,0.03454914031,3.721188421
1627,0.003669969282,0.1171708975,0.002025083841,0.03451795706,3.758892372
1628,0.003669969282,0.1773994171,0.002025083841,0.03448680195,3.777595094
1629,0.003669969282,0.3119977077,0.002025083841,0.03445567496,3.789896272
1630,0.003669969282,0.1888980079,0.002025083841,0.03442457607,3.780074988
1631,0.003669969282,0.07093949659,0.002025083841,0.03439350525,3.724275889
1632,0.003669969282,0.1326859762,0.002025083841,0.03436246247,3.731893015
1633,0.003669969282,0.07031717277,0.002025083841,0.0343314477,3.702936337
1634,0.003669969282,0.08766192141,0.002025083841,0.03430046093,3.705837431
1635,0.003669969282,0.08376772518,0.002025083841,0.03426950213,3.697167186
1636,0.003669969282,0.05736318875,0.002025083841,0.03423857127,3.638019818
1637,0.003669969282,0.0994804195,0.002025083841,0.03420766833,3.68245079
1638,0.003669969282,0.08566478657,0.002025083841,0.03417679328,3.683942493
1639,0.003669969282,0.09965885414,0.002025083841,0.0341459461,3.69392345
1640,0.003669969282,0.05885298417,0.002025083841,0.03411512676,3.643140525
1641,0.003669969282,0.1076457095,0.002025083841,0.03408433524,3.712449796
1642,0.003669969282,0.08233533074,0.002025083841,0.03405357151,3.681099642
1643,0.003669969282,0.06473514977,0.002025083841,0.03402283554,3.649924474
1644,0.003669969282,0.07646681704,0.002025083841,0.03399212732,3.653434285
1645,0.003669969282,0.09903070847,0.002025083841,0.03396144682,3.669103305
1646,0.003669969282,0.1731218295,0.002025083841,0.033930794,3.675846485
1647,0.003669969282,0.159929404,0.002025083841,0.03390016885,3.716255054
1648,0.003669969282,0.08667210011,0.002025083841,0.03386957135,3.63479648
1649,0.003669969282,0.08372835479,0.002025083841,0.03383900145,3.634686029
1650,0.003669969282,0.05594998333,0.002025083841,0.03380845916,3.621645668
1651,0.003669969282,0.0880200551,0.002025083841,0.03377794442,3.638998601
1652,0.003669969282,0.1279422483,0.002025083841,0.03374745723,3.666523332
1653,0.003669969282,0.1391739848,0.002025083841,0.03371699756,3.649621705
1654,0.003669969282,0.1870032167,0.002025083841,0.03368656538,3.667216458
1655,0.003669969282,0.0773275245,0.002025083841,0.03365616067,3.658169433
1656,0.003669969282,0.1606598749,0.002025083841,0.0336257834,3.733838527
1657,0.003669969282,0.08072367885,0.002025083841,0.03359543354,3.684532571
1658,0.003669969282,0.07469357314,0.002025083841,0.03356511108,3.625361663
1659,0.003669969282,0.07001516834,0.002025083841,0.03353481599,3.625520629
1660,0.003669969282,0.07766172638,0.002025083841,0.03350454824,3.682715921
1661,0.003669969282,0.1581791808,0.002025083841,0.03347430782,3.737941326
1662,0.003669969282,0.1166606117,0.002025083841,0.03344409468,3.734670007
1663,0.003669969282,0.1109484034,0.002025083841,0.03341390882,3.726360528
1664,0.003669969282,0.08070322978,0.002025083841,0.0333837502,3.695390851
1665,0.003669969282,0.08150507991,0.002025083841,0.0333536188,3.728176659
1666,0.003669969282,0.1012207301,0.002025083841,0.03332351459,3.702564246
1667,0.003669969282,0.08938162011,0.002025083841,0.03329343756,3.719376019
1668,0.003669969282,0.1274056398,0.002025083841,0.03326338768,3.738504013
1669,0.003669969282,0.1004685702,0.002025083841,0.03323336491,3.717041934
1670,0.003669969282,0.04930871071,0.002025083841,0.03320336925,3.646568941
1671,0.003669969282,0.08016510772,0.002025083841,0.03317340066,3.660871008
1672,0.003669969282,0.08700548022,0.002025083841,0.03314345911,3.682002314
1673,0.003669969282,0.06858070507,0.002025083841,0.0331135446,3.66471095
1674,0.003669969282,0.06715584136,0.002025083841,0.03308365708,3.653753067
1675,0.003669969282,0.09279975765,0.002025083841,0.03305379654,3.687201684
1676,0.003669969282,0.1379486797,0.002025083841,0.03302396295,3.754933994
1677,0.003614151916,0.1338336918,0.001595642499,0.03299415628,3.744071562
1678,0.003614151916,0.2506564884,0.001595642499,0.03296437652,3.73336772
1679,0.003614151916,0.2313517966,0.001595642499,0.03293462364,3.716752106
1680,0.003614151916,0.25339077,0.001595642499,0.03290489761,3.735352322
1681,0.003614151916,0.2367114512,0.001595642499,0.03287519841,3.717303575
1682,0.003614151916,0.2537608416,0.001595642499,0.03284552602,3.712335627
1683,0.003614151916,0.1856365783,0.001595642499,0.03281588041,3.71069824
1684,0.003614151916,0.1616736268,0.001595642499,0.03278626156,3.682694153
1685,0.003614151916,0.2055003554,0.001595642499,0.03275666944,3.684054403
1686,0.003614151916,0.1618625482,0.001595642499,0.03272710402,3.670294748
1687,0.003614151916,0.1334921632,0.001595642499,0.0326975653,3.664585721
1688,0.003614151916,0.135197676,0.001595642499,0.03266805323,3.654334038
1689,0.003614151916,0.2239504069,0.001595642499,0.03263856781,3.682399661
1690,0.003614151916,0.1446919893,0.001595642499,0.03260910899,3.670695242
1691,0.003614151916,0.0963197181,0.001595642499,0.03257967677,3.663212007
1692,0.003614151916,0.1216208319,0.001595642499,0.0325502711,3.670017298
1693,0.003614151916,0.1651122638,0.001595642499,0.03252089198,3.703830761
1694,0.003614151916,0.1134531713,0.001595642499,0.03249153938,3.701229781
1695,0.003614151916,0.1302225967,0.001595642499,0.03246221327,3.702431531
1696,0.003614151916,0.1760317938,0.001595642499,0.03243291363,3.733675995
1697,0.003614151916,0.1357433567,0.001595642499,0.03240364043,3.728192072
1698,0.003614151916,0.1157230609,0.001595642499,0.03237439366,3.655648674
1699,0.003614151916,0.07534129938,0.001595642499,0.03234517328,3.649669188
1700,0.003614151916,0.06063667217,0.001595642499,0.03231597928,3.665613438
1701,0.003614151916,0.06347854619,0.001595642499,0.03228681162,3.698263688
1702,0.003614151916,0.1540966189,0.001595642499,0.03225767029,3.776309267
1703,0.003614151916,0.07172319598,0.001595642499,0.03222855527,3.701128792
1704,0.003614151916,0.1001917941,0.001595642499,0.03219946652,3.707326393
1705,0.003609703275,0.1255986562,0.001930193425,0.03217040403,3.71603254
1706,0.003609703275,0.05852944389,0.001930193425,0.03214136777,3.659084808
1707,0.003609703275,0.07968570554,0.001930193425,0.03211235771,3.667151313
1708,0.003609703275,0.08766609765,0.001930193425,0.03208337384,3.694411914
1709,0.003609703275,0.1651466125,0.001930193425,0.03205441613,3.713368457
1710,0.003609703275,0.05321505393,0.001930193425,0.03202548456,3.663964708
1711,0.003609703275,0.1622177861,0.001930193425,0.0319965791,3.728116542
1712,0.003609703275,0.1197106383,0.001930193425,0.03196769973,3.734385878
1713,0.003609703275,0.1343066747,0.001930193425,0.03193884642,3.727631165
1714,0.003609703275,0.07156828123,0.001930193425,0.03191001916,3.671525934
1715,0.003609703275,0.1107369079,0.001930193425,0.03188121792,3.699732859
1716,0.003609703275,0.09868087787,0.001930193425,0.03185244267,3.671740391
1717,0.003609703275,0.06844079037,0.001930193425,0.03182369339,3.627365965
1718,0.003609703275,0.07877810874,0.001930193425,0.03179497006,3.608978845
1719,0.003609703275,0.07405106289,0.001930193425,0.03176627266,3.595420525
1720,0.003609703275,0.1235637505,0.001930193425,0.03173760116,3.616021768
1721,0.003609703275,0.1026195874,0.001930193425,0.03170895554,3.608563492
1722,0.003609703275,0.06297095463,0.001930193425,0.03168033577,3.556593665
1723,0.003609703275,0.09889039266,0.001930193425,0.03165174183,3.571624558
1724,0.003609703275,0.08069525844,0.001930193425,0.0316231737,3.539619077
1725,0.003609703275,0.1175901569,0.001930193425,0.03159463136,3.546818948
1726,0.003609703275,0.1117634371,0.001930193425,0.03156611478,3.535400509
1727,0.003609703275,0.1239817258,0.001930193425,0.03153762393,3.561986544
1728,0.003609703275,0.108631689,0.001930193425,0.0315091588,3.575548885
1729,0.003609703275,0.09413622439,0.001930193425,0.03148071937,3.541029679
1730,0.003609703275,0.160215482,0.001930193425,0.0314523056,3.599889756
1731,0.003609703275,0.1574521251,0.001930193425,0.03142391748,3.54149823
1732,0.003609703275,0.06645035819,0.001930193425,0.03139555498,3.482584764
1733,0.003609703275,0.09939414862,0.001930193425,0.03136721808,3.518589714
1734,0.003609703275,0.06552175644,0.001930193425,0.03133890675,3.482531155
1735,0.003609703275,0.07198325929,0.001930193425,0.03131062098,3.485697913
1736,0.003609703275,0.09774839896,0.001930193425,0.03128236074,3.494586917
1737,0.003609703275,0.1110889921,0.001930193425,0.03125412601,3.515795474
1738,0.003609703275,0.09536017986,0.001930193425,0.03122591676,3.488948616
1739,0.003609703275,0.06690852647,0.001930193425,0.03119773297,3.454352832
1740,0.003609703275,0.1191708402,0.001930193425,0.03116957462,3.561144625
1741,0.003609703275,0.1095375355,0.001930193425,0.03114144168,3.602914527
1742,0.003609703275,0.07083845331,0.001930193425,0.03111333414,3.562122239
1743,0.003609703275,0.1182123196,0.001930193425,0.03108525196,3.651873384
1744,0.003609703275,0.1437949181,0.001930193425,0.03105719514,3.674537484
1745,0.003609703275,0.08270790234,0.001930193425,0.03102916363,3.682398891
1746,0.003609703275,0.1092994736,0.001930193425,0.03100115743,3.703655174
1747,0.003609703275,0.1047685679,0.001930193425,0.0309731765,3.696646744
1748,0.003602725542,0.09509718187,0.001804277987,0.03094522083,3.727929983
1749,0.003602725542,0.2220496565,0.001804277987,0.03091729039,3.755226279
1750,0.003602725542,0.2071845285,0.001804277987,0.03088938516,3.75151994
1751,0.003602725542,0.0745580665,0.001804277987,0.03086150512,3.688868495
1752,0.003602725542,0.08600295161,0.001804277987,0.03083365024,3.666330305
1753,0.003602725542,0.07345005826,0.001804277987,0.0308058205,3.668215698
1754,0.003602725542,0.08104691738,0.001804277987,0.03077801588,3.674491096
1755,0.003602725542,0.06125915898,0.001804277987,0.03075023636,3.611902574
1756,0.003602725542,0.05160762782,0.001804277987,0.0307224819,3.660218976
1757,0.003602725542,0.08909486847,0.001804277987,0.0306947525,3.689376941
1758,0.003602725542,0.1528289557,0.001804277987,0.03066704813,3.71542022
1759,0.003602725542,0.1356837298,0.001804277987,0.03063936877,3.679544813
1760,0.003602725542,0.1242157104,0.001804277987,0.03061171438,3.687087533
1761,0.003602725542,0.1075829893,0.001804277987,0.03058408496,3.634630665
1762,0.003602725542,0.1129446118,0.001804277987,0.03055648047,3.652895177
1763,0.003602725542,0.08670049937,0.001804277987,0.0305289009,3.651218652
1764,0.003602725542,0.07896687634,0.001804277987,0.03050134622,3.607687376
1765,0.003602725542,0.09414607303,0.001804277987,0.03047381641,3.648164985
1766,0.003602725542,0.04388669668,0.001804277987,0.03044631145,3.524838475
1767,0.003602725542,0.09127301515,0.001804277987,0.03041883132,3.593379392
1768,0.003602725542,0.05216190661,0.001804277987,0.03039137598,3.53963772
1769,0.003602725542,0.06416548442,0.001804277987,0.03036394543,3.596375663
1770,0.003602725542,0.1739539975,0.001804277987,0.03033653964,3.683109092
1771,0.003602725542,0.09244790285,0.001804277987,0.03030915858,3.599311161
1772,0.003515537414,0.1612534072,0.001710372499,0.03028180224,3.601721228
1773,0.003515537414,0.1444075412,0.001710372499,0.03025447058,3.603541128
1774,0.003515537414,0.160311326,0.001710372499,0.0302271636,3.62554099
1775,0.003515537414,0.08037371631,0.001710372499,0.03019988126,3.564341118
1776,0.003515537414,0.06918899579,0.001710372499,0.03017262355,3.589470977
1777,0.003515537414,0.08787195384,0.001710372499,0.03014539044,3.640091056
1778,0.003515537414,0.1004710515,0.001710372499,0.03011818191,3.65348183
1779,0.003515537414,0.1108048163,0.001710372499,0.03009099793,3.667337201
1780,0.003515537414,0.08096101175,0.001710372499,0.0300638385,3.630059769
1781,0.003515537414,0.0537876254,0.001710372499,0.03003670357,3.603024906
1782,0.003515537414,0.06274478402,0.001710372499,0.03000959314,3.610618271
1783,0.003515537414,0.05971687912,0.001710372499,0.02998250718,3.6382049
1784,0.003515537414,0.08835764521,0.001710372499,0.02995544566,3.669691012
1785,0.003515537414,0.1068335155,0.001710372499,0.02992840857,3.673533474
1786,0.003515537414,0.09370994192,0.001710372499,0.02990139588,3.651533763
1787,0.003515537414,0.1128061923,0.001710372499,0.02987440758,3.660884608
1788,0.003515537414,0.08039451048,0.001710372499,0.02984744363,3.653969048
1789,0.003515537414,0.1582074904,0.001710372499,0.02982050402,3.706777864
1790,0.003515537414,0.1661065288,0.001710372499,0.02979358872,3.67479376
1791,0.003515537414,0.1157127324,0.001710372499,0.02976669772,3.65561205
1792,0.003515537414,0.1293466498,0.001710372499,0.02973983099,3.667537571
1793,0.003515537414,0.07410506563,0.001710372499,0.0297129885,3.640147918
1794,0.003515537414,0.136679366,0.001710372499,0.02968617025,3.671582624
1795,0.003515537414,0.1758555533,0.001710372499,0.0296593762,3.733417185
1796,0.003515537414,0.1265434144,0.001710372499,0.02963260633,3.695832976
1797,0.003515537414,0.1559461837,0.001710372499,0.02960586063,3.699257125
1798,0.003515537414,0.06175858183,0.001710372499,0.02957913907,3.642624916
1799,0.003515537414,0.07649627607,0.001710372499,0.02955244162,3.684120691
1800,0.003515537414,0.1022768475,0.001710372499,0.02952576827,3.723246284
1801,0.003515537414,0.1168962068,0.001710372499,0.029499119,3.699667658
1802,0.003515537414,0.08023528482,0.001710372499,0.02947249378,3.670664909
1803,0.003515537414,0.1548427148,0.001710372499,0.02944589259,3.734451221
1804,0.003515537414,0.1925155917,0.001710372499,0.02941931541,3.745590821
1805,0.003515537414,0.2334133203,0.001710372499,0.02939276221,3.739965909
1806,0.003515537414,0.1836866539,0.001710372499,0.02936623299,3.72339699
1807,0.003515537414,0.2638827875,0.001710372499,0.02933972771,3.73606757
1808,0.003515537414,0.2231266447,0.001710372499,0.02931324635,3.727022884
1809,0.003515537414,0.2180691679,0.001710372499,0.02928678889,3.755039079
1810,0.003515537414,0.1279012432,0.001710372499,0.02926035531,3.677223982
1811,0.003515537414,0.06719887954,0.001710372499,0.0292339456,3.663579882
1812,0.003515537414,0.05006630692,0.001710372499,0.02920755971,3.659152817
1813,0.003515537414,0.1281724405,0.001710372499,0.02918119765,3.68481438
1814,0.003515537414,0.08214932518,0.001710372499,0.02915485937,3.656777892
1815,0.003515537414,0.2213862955,0.001710372499,0.02912854487,3.683921858
1816,0.003515537414,0.09149842471,0.001710372499,0.02910225412,3.626022754
1817,0.003515537414,0.1149798976,0.001710372499,0.0290759871,3.646635019
1818,0.003515537414,0.1317483589,0.001710372499,0.02904974379,3.64958853
1819,0.003515537414,0.06636916785,0.001710372499,0.02902352417,3.595302575
1820,0.003515537414,0.07573187013,0.001710372499,0.02899732821,3.603805014
1821,0.003515537414,0.09114685317,0.001710372499,0.02897115589,3.600470981
1822,0.003515537414,0.1050059953,0.001710372499,0.02894500719,3.604578757
1823,0.003515537414,0.06940754167,0.001710372499,0.0289188821,3.597619853
1824,0.003515537414,0.1438947774,0.001710372499,0.02889278059,3.642746581
1825,0.003515537414,0.1666147305,0.001710372499,0.02886670264,3.683172481
1826,0.003515537414,0.159118375,0.001710372499,0.02884064822,3.685964899
1827,0.003515537414,0.1273218881,0.001710372499,0.02881461732,3.65676552
1828,0.003345306865,0.07629856125,0.001538956031,0.02878860991,3.626403982
1829,0.003345306865,0.1376667439,0.001538956031,0.02876262598,3.644537692
1830,0.003345306865,0.1087571385,0.001538956031,0.0287366655,3.627975428
1831,0.003345306865,0.06075823535,0.001538956031,0.02871072845,3.609728299
1832,0.003345306865,0.1106751725,0.001538956031,0.02868481481,3.656334654
1833,0.003345306865,0.1135277181,0.001538956031,0.02865892456,3.663965111
1834,0.003345306865,0.1476676066,0.001538956031,0.02863305768,3.655073372
1835,0.003345306865,0.1081987605,0.001538956031,0.02860721415,3.641510649
1836,0.003345306865,0.1376308506,0.001538956031,0.02858139394,3.652557532
1837,0.003345306865,0.04979853275,0.001538956031,0.02855559704,3.607451416
1838,0.003345306865,0.06066699929,0.001538956031,0.02852982342,3.591888434
1839,0.003345306865,0.06042914793,0.001538956031,0.02850407306,3.580344414
1840,0.003345306865,0.07657190263,0.001538956031,0.02847834594,3.606916593
1841,0.003345306865,0.1172251001,0.001538956031,0.02845264205,3.617799091
1842,0.003345306865,0.06026731392,0.001538956031,0.02842696135,3.573563019
1843,0.003345306865,0.06428845347,0.001538956031,0.02840130384,3.560233087
1844,0.003345306865,0.1067072557,0.001538956031,0.02837566948,3.628539846
1845,0.003345306865,0.06687096442,0.001538956031,0.02835005825,3.593073414
1846,0.003345306865,0.08718019066,0.001538956031,0.02832447015,3.630716836
1847,0.003345306865,0.07082939387,0.001538956031,0.02829890514,3.595794081
1848,0.003345306865,0.09041508926,0.001538956031,0.0282733632,3.580883922
1849,0.003345306865,0.0730166442,0.001538956031,0.02824784432,3.578692972
1850,0.003345306865,0.153902611,0.001538956031,0.02822234847,3.642251203
1851,0.003345306865,0.1475591224,0.001538956031,0.02819687563,3.64451699
1852,0.003345306865,0.1198598576,0.001538956031,0.02817142579,3.595053617
1853,0.003345306865,0.07594969879,0.001538956031,0.02814599891,3.577002429
1854,0.003345306865,0.0762079826,0.001538956031,0.02812059498,3.609873371
1855,0.003345306865,0.1936061698,0.001538956031,0.02809521399,3.67169572
1856,0.003345306865,0.1636980211,0.001538956031,0.0280698559,3.686070158
1857,0.003345306865,0.128110287,0.001538956031,0.0280445207,3.642579851
1858,0.003345306865,0.0712372598,0.001538956031,0.02801920836,3.652034818
1859,0.003345306865,0.1560488165,0.001538956031,0.02799391887,3.657839861
1860,0.003345306865,0.1509420399,0.001538956031,0.02796865221,3.645575976
1861,0.003345306865,0.1298271089,0.001538956031,0.02794340835,3.667165259
1862,0.003345306865,0.1588700688,0.001538956031,0.02791818728,3.652437761
1863,0.003345306865,0.1242796245,0.001538956031,0.02789298897,3.636980228
1864,0.003345306865,0.1078454468,0.001538956031,0.02786781341,3.598345571
1865,0.003345306865,0.07965848051,0.001538956031,0.02784266056,3.577576071
1866,0.003345306865,0.06671462898,0.001538956031,0.02781753042,3.596044966
1867,0.003345306865,0.1321900735,0.001538956031,0.02779242296,3.625550095
1868,0.003256672984,0.1592832985,0.001523575284,0.02776733817,3.661579122
1869,0.003256672984,0.1464636461,0.001523575284,0.02774227601,3.667362541
1870,0.003256672984,0.129867183,0.001523575284,0.02771723648,3.633073347
1871,0.003256672984,0.0874911713,0.001523575284,0.02769221954,3.573926164
1872,0.003256672984,0.07856102508,0.001523575284,0.02766722519,3.600803138
1873,0.003256672984,0.1242246754,0.001523575284,0.02764225339,3.644186812
1874,0.003256672984,0.0597204085,0.001523575284,0.02761730413,3.576452755
1875,0.003256672984,0.05418602825,0.001523575284,0.02759237739,3.528482271
1876,0.003256672984,0.06300888059,0.001523575284,0.02756747315,3.532144427
1877,0.003256672984,0.098681861,0.001523575284,0.02754259139,3.561682112
1878,0.003256672984,0.1394390405,0.001523575284,0.02751773209,3.60460584
1879,0.003256672984,0.1915895339,0.001523575284,0.02749289522,3.645139456
1880,0.003256672984,0.1348139364,0.001523575284,0.02746808077,3.576217555
1881,0.003256672984,0.07244284046,0.001523575284,0.02744328871,3.538596524
1882,0.003256672984,0.08773420581,0.001523575284,0.02741851904,3.55537922
1883,0.003062621847,0.09533678575,0.001386656015,0.02739377172,3.611234618
1884,0.003062621847,0.08996206718,0.001386656015,0.02736904673,3.577289886
1885,0.003062621847,0.1965651093,0.001386656015,0.02734434407,3.633480527
1886,0.003062621847,0.07142178072,0.001386656015,0.0273196637,3.620505994
1887,0.003062621847,0.1595109952,0.001386656015,0.0272950056,3.684384089
1888,0.003062621847,0.1756935154,0.001386656015,0.02727036976,3.657513356
1889,0.003062621847,0.06496772752,0.001386656015,0.02724575616,3.561435048
1890,0.003062621847,0.09408088714,0.001386656015,0.02722116477,3.597713706
1891,0.003062621847,0.1221792596,0.001386656015,0.02719659558,3.596045225
1892,0.003017098176,0.1422413997,0.001235625366,0.02717204856,3.625853233
1893,0.003017098176,0.145072258,0.001235625366,0.0271475237,3.649079415
1894,0.003017098176,0.2439008067,0.001235625366,0.02712302097,3.688685339
1895,0.003017098176,0.1761172403,0.001235625366,0.02709854036,3.666378495
1896,0.003017098176,0.08766156432,0.001235625366,0.02707408185,3.642671318
1897,0.003017098176,0.09295823003,0.001235625366,0.02704964541,3.622322285
1898,0.003017098176,0.09673605651,0.001235625366,0.02702523103,3.647225506
1899,0.003017098176,0.120617341,0.001235625366,0.02700083868,3.632186031
1900,0.003017098176,0.07267537956,0.001235625366,0.02697646835,3.600341793
1901,0.003017098176,0.1262850179,0.001235625366,0.02695212001,3.634116363
1902,0.003017098176,0.06759526936,0.001235625366,0.02692779365,3.5466029
1903,0.003017098176,0.1632563435,0.001235625366,0.02690348925,3.60596891
1904,0.003017098176,0.1314500183,0.001235625366,0.02687920678,3.598735832
1905,0.003017098176,0.1051634612,0.001235625366,0.02685494623,3.635709633
1906,0.003017098176,0.1266309918,0.001235625366,0.02683070758,3.666007568
1907,0.003017098176,0.1669171621,0.001235625366,0.02680649081,3.700875353
1908,0.003017098176,0.1538368385,0.001235625366,0.02678229589,3.664874058
1909,0.003017098176,0.09548103038,0.001235625366,0.02675812281,3.640608087
1910,0.003017098176,0.1091514043,0.001235625366,0.02673397155,3.678653383
1911,0.003017098176,0.1340787974,0.001235625366,0.02670984209,3.662653975
1912,0.003017098176,0.1161806259,0.001235625366,0.0266857344,3.677243098
1913,0.003017098176,0.1694555997,0.001235625366,0.02666164848,3.733875295
1914,0.003017098176,0.203382422,0.001235625366,0.02663758429,3.727837323
1915,0.003017098176,0.1248777224,0.001235625366,0.02661354182,3.688831406
1916,0.003017098176,0.1454101435,0.001235625366,0.02658952106,3.670656931
1917,0.003017098176,0.04728642079,0.001235625366,0.02656552197,3.583853158
1918,0.003017098176,0.09109305754,0.001235625366,0.02654154455,3.620953048
1919,0.003017098176,0.1061691983,0.001235625366,0.02651758876,3.616425006
1920,0.003017098176,0.1114502873,0.001235625366,0.0264936546,3.612333971
1921,0.003017098176,0.1131086931,0.001235625366,0.02646974204,3.641407801
1922,0.003017098176,0.1066783688,0.001235625366,0.02644585107,3.620659944
1923,0.003017098176,0.07817615259,0.001235625366,0.02642198166,3.603843077
1924,0.003017098176,0.05145602383,0.001235625366,0.02639813379,3.58137627
1925,0.003017098176,0.1001257019,0.001235625366,0.02637430744,3.636604026
1926,0.003017098176,0.1122084144,0.001235625366,0.02635050261,3.659896544
1927,0.003017098176,0.122494404,0.001235625366,0.02632671925,3.680710381
1928,0.003017098176,0.1268670782,0.001235625366,0.02630295737,3.67972881
1929,0.003017098176,0.1094109747,0.001235625366,0.02627921693,3.684801118
1930,0.003017098176,0.0774811292,0.001235625366,0.02625549791,3.682530963
1931,0.003017098176,0.1265880634,0.001235625366,0.02623180031,3.721367979
1932,0.003017098176,0.2180889881,0.001235625366,0.02620812409,3.78292474
1933,0.003017098176,0.09765748461,0.001235625366,0.02618446925,3.644875081
1934,0.003017098176,0.0887241235,0.001235625366,0.02616083575,3.624044166
1935,0.003017098176,0.07740274894,0.001235625366,0.02613722359,3.61856763
1936,0.003017098176,0.07722802794,0.001235625366,0.02611363274,3.649829375
1937,0.003008420617,0.17428437,0.001354827552,0.02609006318,3.719724301
1938,0.003008420617,0.2145304338,0.001354827552,0.02606651489,3.740270358
1939,0.003008420617,0.1541476255,0.001354827552,0.02604298786,3.73524058
1940,0.003008420617,0.176612565,0.001354827552,0.02601948206,3.76840367
1941,0.003008420617,0.1685644021,0.001354827552,0.02599599748,3.758636769
1942,0.003008420617,0.1908040862,0.001354827552,0.02597253409,3.795021423
1943,0.003008420617,0.2406998367,0.001354827552,0.02594909189,3.788098162
1944,0.002931129886,0.2583680629,0.001320826808,0.02592567084,3.787212527
1945,0.002931129886,0.184831348,0.001320826808,0.02590227093,3.753661687
1946,0.002927782659,0.2610157313,0.001293741006,0.02587889214,3.755262589
1947,0.002927782659,0.2790060705,0.001293741006,0.02585553445,3.774124404
1948,0.002927782659,0.1072241348,0.001293741006,0.02583219784,3.719558599
1949,0.002927782659,0.1570515893,0.001293741006,0.0258088823,3.719263982
1950,0.002927782659,0.05284603353,0.001293741006,0.0257855878,3.67100307
1951,0.002927782659,0.1356383366,0.001293741006,0.02576231433,3.744127179
1952,0.002927782659,0.1135403782,0.001293741006,0.02573906186,3.746062262
1953,0.002927782659,0.08729116511,0.001293741006,0.02571583038,3.742985508
1954,0.002927782659,0.07659828752,0.001293741006,0.02569261987,3.738809406
1955,0.002927782659,0.1072130184,0.001293741006,0.0256694303,3.726986122
1956,0.002927782659,0.0528397269,0.001293741006,0.02564626167,3.64777795
1957,0.002927782659,0.08712845064,0.001293741006,0.02562311395,3.702684167
1958,0.002915313804,0.07657990399,0.001364122159,0.02559998712,3.713954918
1959,0.002915313804,0.1415654704,0.001364122159,0.02557688116,3.747061538
1960,0.002915313804,0.07991210231,0.001364122159,0.02555379606,3.716527983
1961,0.002915313804,0.07503374653,0.001364122159,0.0255307318,3.725987877
1962,0.002915313804,0.1392362239,0.001364122159,0.02550768835,3.734626636
1963,0.002915313804,0.1021749339,0.001364122159,0.02548466571,3.713069518
1964,0.002915313804,0.1224072605,0.001364122159,0.02546166384,3.66055404
1965,0.002915313804,0.08777011091,0.001364122159,0.02543868273,3.67773922
1966,0.002915313804,0.07168794586,0.001364122159,0.02541572236,3.695369142
1967,0.002915313804,0.184143922,0.001364122159,0.02539278272,3.765820599
1968,0.002915313804,0.0492963181,0.001364122159,0.02536986378,3.715984074
1969,0.002915313804,0.08808396631,0.001364122159,0.02534696553,3.709325369
1970,0.002915313804,0.1038656848,0.001364122159,0.02532408795,3.757937428
1971,0.002915313804,0.09911018285,0.001364122159,0.02530123101,3.762794377
1972,0.002915313804,0.1618839345,0.001364122159,0.02527839471,3.792160442
1973,0.002915313804,0.08173999032,0.001364122159,0.02525557902,3.738830348
1974,0.002915313804,0.1610210005,0.001364122159,0.02523278392,3.761911755
1975,0.002915313804,0.1327491362,0.001364122159,0.02521000939,3.73176894
1976,0.002915313804,0.07725095509,0.001364122159,0.02518725542,3.712562574
1977,0.002915313804,0.1029647463,0.001364122159,0.02516452199,3.717609648
1978,0.002915313804,0.09782459453,0.001364122159,0.02514180907,3.731372946
1979,0.002915313804,0.07591168792,0.001364122159,0.02511911666,3.693870323
1980,0.002915313804,0.104633112,0.001364122159,0.02509644472,3.717947456
1981,0.002915313804,0.1038728149,0.001364122159,0.02507379326,3.728448091
1982,0.002915313804,0.1009749743,0.001364122159,0.02505116223,3.738766986
1983,0.002915313804,0.08880525821,0.001364122159,0.02502855163,3.743450556
1984,0.002915313804,0.1073676158,0.001364122159,0.02500596144,3.729323283
1985,0.002915313804,0.0771062395,0.001364122159,0.02498339164,3.690699246
1986,0.002915313804,0.04951865939,0.001364122159,0.02496084221,3.649159717
1987,0.002915313804,0.1096187156,0.001364122159,0.02493831313,3.747074688
1988,0.002915313804,0.1232345843,0.001364122159,0.02491580439,3.741307551
1989,0.002915313804,0.1053229048,0.001364122159,0.02489331596,3.726011238
1990,0.002915313804,0.1656889435,0.001364122159,0.02487084783,3.699206029
1991,0.002860150744,0.09470444205,0.001349073592,0.02484839998,3.655044976
1992,0.002860150744,0.1643174769,0.001349073592,0.02482597239,3.652559653
1993,0.002860150744,0.05406066412,0.001349073592,0.02480356504,3.631258792
1994,0.002860150744,0.107943673,0.001349073592,0.02478117792,3.670373696
1995,0.002860150744,0.1217224765,0.001349073592,0.024758811,3.662656102
1996,0.002860150744,0.1045957785,0.001349073592,0.02473646427,3.656156747
1997,0.002860150744,0.05510561604,0.001349073592,0.02471413771,3.610020606
1998,0.002860150744,0.1303304312,0.001349073592,0.02469183131,3.644670272
1999,0.002860150744,0.06930502434,0.001349073592,0.02466954503,3.572112194
2000,0.002860150744,0.139962704,0.001349073592,0.02464727887,3.616132262
2001,0.002860150744,0.04128025137,0.001349073592,0.02462503281,3.577435955
2002,0.002860150744,0.1369244637,0.001349073592,0.02460280682,3.680692725
2003,0.002860150744,0.1001404201,0.001349073592,0.0245806009,3.662406823
2004,0.002860150744,0.09588504349,0.001349073592,0.02455841502,3.634129169
2005,0.002860150744,0.09201074079,0.001349073592,0.02453624916,3.633841051
2006,0.002860150744,0.09455357686,0.001349073592,0.02451410331,3.622775102
2007,0.002860150744,0.1009622352,0.001349073592,0.02449197745,3.588345877
2008,0.002860150744,0.05727111064,0.001349073592,0.02446987156,3.583444802
2009,0.002860150744,0.1408585897,0.001349073592,0.02444778562,3.64148368
2010,0.002860150744,0.09079641486,0.001349073592,0.02442571962,3.605997071
2011,0.002860150744,0.09296321994,0.001349073592,0.02440367353,3.577078399
2012,0.002860150744,0.06496446486,0.001349073592,0.02438164734,3.555114404
2013,0.002860150744,0.0827638109,0.001349073592,0.02435964103,3.542578931
2014,0.002860150744,0.05312598545,0.001349073592,0.02433765458,3.539488462
2015,0.002860150744,0.1499196136,0.001349073592,0.02431568798,3.601224979
2016,0.002860150744,0.1011232481,0.001349073592,0.0242937412,3.571016282
2017,0.002860150744,0.09199059756,0.001349073592,0.02427181423,3.581748533
2018,0.002860150744,0.07308601663,0.001349073592,0.02424990706,3.580003057
2019,0.002860150744,0.07052851768,0.001349073592,0.02422801965,3.597409044
2020,0.002860150744,0.1198831875,0.001349073592,0.024206152,3.643610506
2021,0.002860150744,0.1175642814,0.001349073592,0.02418430409,3.65983652
2022,0.002860150744,0.1209975516,0.001349073592,0.0241624759,3.670206404
2023,0.002860150744,0.157584536,0.001349073592,0.02414066741,3.664941605
2024,0.002860150744,0.08854646758,0.001349073592,0.0241188786,3.625596869
2025,0.002860150744,0.09336471485,0.001349073592,0.02409710946,3.610559966
2026,0.002860150744,0.1618391935,0.001349073592,0.02407535997,3.655379158
2027,0.002860150744,0.1053337858,0.001349073592,0.02405363011,3.612815365
2028,0.002860150744,0.1276308186,0.001349073592,0.02403191986,3.639744889
2029,0.002860150744,0.1137908509,0.001349073592,0.0240102292,3.65445654
2030,0.002860150744,0.09150126106,0.001349073592,0.02398855813,3.633753397
2031,0.002860150744,0.1098166917,0.001349073592,0.02396690661,3.651743253
2032,0.002860150744,0.1221243229,0.001349073592,0.02394527463,3.673646492
2033,0.002860150744,0.08957160938,0.001349073592,0.02392366218,3.656959235
2034,0.002860150744,0.1255545083,0.001349073592,0.02390206924,3.660070585
2035,0.002860150744,0.09335603419,0.001349073592,0.02388049579,3.597385083
2036,0.002860150744,0.06487929209,0.001349073592,0.02385894181,3.626379086
2037,0.002860150744,0.1929240514,0.001349073592,0.02383740728,3.705830125
2038,0.002860150744,0.1279721606,0.001349073592,0.02381589219,3.649611007
2039,0.002860150744,0.1145234836,0.001349073592,0.02379439651,3.648569235
2040,0.002860150744,0.1445975304,0.001349073592,0.02377292024,3.673497525
2041,0.002860150744,0.1289979517,0.001349073592,0.02375146336,3.659202605
2042,0.002860150744,0.1259652177,0.001349073592,0.02373002584,3.606207082
2043,0.002860150744,0.1381166188,0.001349073592,0.02370860766,3.601207042
2044,0.002860150744,0.1062138426,0.001349073592,0.02368720882,3.58132713
2045,0.002860150744,0.05226316912,0.001349073592,0.0236658293,3.549903843
2046,0.002860150744,0.1168617808,0.001349073592,0.02364446907,3.609136949
2047,0.002860150744,0.07073763764,0.001349073592,0.02362312812,3.563992401
2048,0.002860150744,0.08996468211,0.001349073592,0.02360180643,3.606043271
2049,0.002860150744,0.1719595193,0.001349073592,0.02358050399,3.683994864
2050,0.002860150744,0.1540256131,0.001349073592,0.02355922077,3.717986515
2051,0.002860150744,0.1081408628,0.001349073592,0.02353795676,3.655210956
2052,0.002860150744,0.06407046945,0.001349073592,0.02351671195,3.582863871
2053,0.002860150744,0.1514581394,0.001349073592,0.02349548631,3.692329075
2054,0.002860150744,0.1005459964,0.001349073592,0.02347427983,3.680699118
2055,0.002860150744,0.1241596016,0.001349073592,0.02345309249,3.67031527
2056,0.002860150744,0.1049274182,0.001349073592,0.02343192427,3.643415983
2057,0.002860150744,0.1405409602,0.001349073592,0.02341077516,3.649734156
2058,0.002860150744,0.118270073,0.001349073592,0.02338964514,3.658463131
2059,0.002860150744,0.259776811,0.001349073592,0.02336853418,3.68098302
2060,0.002860150744,0.09965491999,0.001349073592,0.02334744229,3.649336215
2061,0.002860150744,0.1236593275,0.001349073592,0.02332636943,3.698857635
2062,0.002860150744,0.2358021763,0.001349073592,0.02330531559,3.757690548
2063,0.002860150744,0.2670279923,0.001349073592,0.02328428075,3.732421847
2064,0.002860150744,0.3064280656,0.001349073592,0.0232632649,3.687856186
2065,0.002860150744,0.3602292873,0.001349073592,0.02324226801,3.669594806
2066,0.002860150744,0.2956941709,0.001349073592,0.02322129008,3.680693211
2067,0.002860150744,0.2884050532,0.001349073592,0.02320033108,3.697639853
2068,0.002860150744,0.1592567098,0.001349073592,0.023179391,3.622412878
2069,0.002860150744,0.04371573157,0.001349073592,0.02315846982,3.480801948
2070,0.002860150744,0.08185413032,0.001349073592,0.02313756752,3.508354196
2071,0.002860150744,0.03395129264,0.001349073592,0.02311668409,3.455267336
2072,0.002860150744,0.05922497747,0.001349073592,0.0230958195,3.517907696
2073,0.002860150744,0.1059909357,0.001349073592,0.02307497375,3.550524257
2074,0.002860150744,0.1057996192,0.001349073592,0.02305414682,3.516327561
2075,0.002860150744,0.1839088437,0.001349073592,0.02303333868,3.62972036
2076,0.002860150744,0.1585622066,0.001349073592,0.02301254932,3.609510283
2077,0.002860150744,0.1374723886,0.001349073592,0.02299177873,3.556288069
2078,0.002860150744,0.06403415491,0.001349073592,0.02297102688,3.511509541
2079,0.002860150744,0.08097117505,0.001349073592,0.02295029376,3.534784126
2080,0.002860150744,0.0838769111,0.001349073592,0.02292957936,3.565991587
2081,0.002860150744,0.07343513108,0.001349073592,0.02290888365,3.540099736
2082,0.002860150744,0.1466196031,0.001349073592,0.02288820662,3.611793684
2083,0.002860150744,0.1860554166,0.001349073592,0.02286754826,3.603549007
2084,0.002860150744,0.07745680919,0.001349073592,0.02284690854,3.553205217
2085,0.002860150744,0.1494788161,0.001349073592,0.02282628745,3.639491742
2086,0.002860150744,0.08727290876,0.001349073592,0.02280568497,3.555373994
2087,0.002860150744,0.07923701267,0.001349073592,0.02278510109,3.544466928
2088,0.002860150744,0.1259085843,0.001349073592,0.02276453579,3.587951027
2089,0.002860150744,0.1235142113,0.001349073592,0.02274398904,3.570821372
2090,0.002860150744,0.05732079814,0.001349073592,0.02272346085,3.532327788
2091,0.002860150744,0.06757072316,0.001349073592,0.02270295118,3.54269307
2092,0.002860150744,0.1255200112,0.001349073592,0.02268246002,3.616504847
2093,0.002860150744,0.2468416994,0.001349073592,0.02266198736,3.680687689
2094,0.002860150744,0.09287546509,0.001349073592,0.02264153317,3.57309093
2095,0.002860150744,0.1039860831,0.001349073592,0.02262109745,3.570011153
2096,0.002860150744,0.05240722879,0.001349073592,0.02260068017,3.486755807
2097,0.002860150744,0.1432386826,0.001349073592,0.02258028132,3.567585237
2098,0.002860150744,0.104868191,0.001349073592,0.02255990088,3.590933761
2099,0.002860150744,0.1724353262,0.001349073592,0.02253953884,3.648265053
2100,0.002860150744,0.1459553027,0.001349073592,0.02251919517,3.589387344
2101,0.002860150744,0.1153776835,0.001349073592,0.02249886987,3.576794849
2102,0.002860150744,0.1859501066,0.001349073592,0.02247856291,3.5919475
2103,0.002860150744,0.08422458187,0.001349073592,0.02245827428,3.568421118
2104,0.002860150744,0.06813426285,0.001349073592,0.02243800396,3.486560565
2105,0.002860150744,0.0440998532,0.001349073592,0.02241775194,3.493046565
2106,0.002860150744,0.06205187544,0.001349073592,0.0223975182,3.560798
2107,0.002860150744,0.1677198101,0.001349073592,0.02237730271,3.626491352
2108,0.002860150744,0.1274619701,0.001349073592,0.02235710548,3.646748807
2109,0.002860150744,0.09044176887,0.001349073592,0.02233692647,3.630601632
2110,0.002860150744,0.1859315673,0.001349073592,0.02231676568,3.667931793
2111,0.002860150744,0.19363453,0.001349073592,0.02229662309,3.699386467
2112,0.002860150744,0.1738137776,0.001349073592,0.02227649867,3.701208225
2113,0.002860150744,0.2464967401,0.001349073592,0.02225639242,3.737937804
2114,0.002860150744,0.2086550273,0.001349073592,0.02223630432,3.719171405
2115,0.002860150744,0.2085128631,0.001349073592,0.02221623434,3.681966959
2116,0.002860150744,0.07381753915,0.001349073592,0.02219618248,3.576773965
2117,0.002860150744,0.06081918057,0.001349073592,0.02217614872,3.494340492
2118,0.002860150744,0.120127279,0.001349073592,0.02215613305,3.577894004
2119,0.002860150744,0.1022025488,0.001349073592,0.02213613543,3.593095857
2120,0.002860150744,0.0500841271,0.001349073592,0.02211615587,3.4842913
2121,0.002860150744,0.09066525583,0.001349073592,0.02209619434,3.527133466
2122,0.002860150744,0.0460289018,0.001349073592,0.02207625083,3.497188901
2123,0.002860150744,0.08704454618,0.001349073592,0.02205632532,3.583747352
2124,0.002860150744,0.08593917607,0.001349073592,0.02203641779,3.564778208
2125,0.002860150744,0.08003160661,0.001349073592,0.02201652823,3.514820199
2126,0.00281688275,0.09447865669,0.001378420972,0.02199665662,3.60314675
2127,0.00281688275,0.1565894739,0.001378420972,0.02197680295,3.617552062
2128,0.00281688275,0.08134683768,0.001378420972,0.02195696719,3.543952248
2129,0.00281688275,0.05667856805,0.001378420972,0.02193714934,3.502570845
2130,0.00281688275,0.04451751091,0.001378420972,0.02191734938,3.523945817
2131,0.00281688275,0.11283154,0.001378420972,0.02189756729,3.610567637
2132,0.00281688275,0.06367820808,0.001378420972,0.02187780305,3.552813187
2133,0.00281688275,0.084608321,0.001378420972,0.02185805665,3.569532511
2134,0.00281688275,0.1053780659,0.001378420972,0.02183832808,3.543710143
2135,0.00281688275,0.08000549997,0.001378420972,0.02181861731,3.500254428
2136,0.00281688275,0.09421385746,0.001378420972,0.02179892433,3.580869112
2137,0.00281688275,0.1599654927,0.001378420972,0.02177924913,3.641705308
2138,0.00281688275,0.1610720373,0.001378420972,0.02175959168,3.603248323
2139,0.00281688275,0.06543290975,0.001378420972,0.02173995198,3.531423249
2140,0.00281688275,0.1465617878,0.001378420972,0.02172033,3.619096183
2141,0.00281688275,0.1122044771,0.001378420972,0.02170072574,3.634447803
2142,0.00281688275,0.1451606477,0.001378420972,0.02168113916,3.634935742
2143,0.00281688275,0.1177087074,0.001378420972,0.02166157027,3.651549899
2144,0.00281688275,0.1194155536,0.001378420972,0.02164201904,3.61961403
2145,0.00281688275,0.153039235,0.001378420972,0.02162248545,3.61203364
2146,0.00281688275,0.2108382338,0.001378420972,0.0216029695,3.650126753
2147,0.00281688275,0.1634877812,0.001378420972,0.02158347116,3.59009893
2148,0.00281688275,0.177782006,0.001378420972,0.02156399042,3.632791196
2149,0.00281688275,0.06486600354,0.001378420972,0.02154452726,3.431946555
2150,0.00281688275,0.1153128509,0.001378420972,0.02152508167,3.536816632
2151,0.00281688275,0.07318581071,0.001378420972,0.02150565363,3.49981785
2152,0.00279880057,0.1626194765,0.001323185721,0.02148624313,3.568203282
2153,0.00279880057,0.1087677628,0.001323185721,0.02146685014,3.501376344
2154,0.00279880057,0.1357692141,0.001323185721,0.02144747466,3.550882568
2155,0.00279880057,0.1275844778,0.001323185721,0.02142811666,3.520404065
2156,0.00279880057,0.1002571156,0.001323185721,0.02140877614,3.516769464
2157,0.00279880057,0.2100188918,0.001323185721,0.02138945308,3.608294794
2158,0.00279880057,0.1148518691,0.001323185721,0.02137014745,3.547011504
2159,0.00279880057,0.2011446361,0.001323185721,0.02135085925,3.634024088
2160,0.00279880057,0.1117740868,0.001323185721,0.02133158846,3.528885836
2161,0.00279880057,0.08257999774,0.001323185721,0.02131233507,3.428167108
2162,0.00279880057,0.09599149807,0.001323185721,0.02129309905,3.439534598
2163,0.00279880057,0.05955863475,0.001323185721,0.02127388039,3.40442082
2164,0.00279880057,0.119156163,0.001323185721,0.02125467908,3.477292565
2165,0.00279880057,0.07628199621,0.001323185721,0.0212354951,3.424182625
2166,0.00279880057,0.1020245064,0.001323185721,0.02121632843,3.481876996
2167,0.00279880057,0.1303619936,0.001323185721,0.02119717906,3.513290619
2168,0.00279880057,0.1012920757,0.001323185721,0.02117804698,3.464388388
2169,0.00279880057,0.1600454093,0.001323185721,0.02115893217,3.557351578
2170,0.00279880057,0.09484669741,0.001323185721,0.0211398346,3.53423415
2171,0.00279880057,0.1455570084,0.001323185721,0.02112075428,3.48010171
2172,0.00279880057,0.07551167762,0.001323185721,0.02110169118,3.498719246
2173,0.00279880057,0.1207749439,0.001323185721,0.02108264528,3.542103964
2174,0.00279880057,0.1582864237,0.001323185721,0.02106361657,3.595053062
2175,0.00279880057,0.1208721531,0.001323185721,0.02104460504,3.549381982
2176,0.00279880057,0.09657700585,0.001323185721,0.02102561067,3.489252998
2177,0.00279880057,0.0986054087,0.001323185721,0.02100663344,3.513380769
2178,0.00279880057,0.05472986144,0.001323185721,0.02098767334,3.491539793
2179,0.00279880057,0.08533046143,0.001323185721,0.02096873035,3.542481834
2180,0.00279880057,0.1233075132,0.001323185721,0.02094980446,3.576634406
2181,0.00279880057,0.1376837694,0.001323185721,0.02093089565,3.570455705
2182,0.00279880057,0.2063715535,0.001323185721,0.02091200391,3.62758234
2183,0.00279880057,0.2981907109,0.001323185721,0.02089312922,3.614137483
2184,0.00279880057,0.156849911,0.001323185721,0.02087427157,3.565588526
2185,0.00279880057,0.1353438968,0.001323185721,0.02085543093,3.510626246
2186,0.00279880057,0.1241207968,0.001323185721,0.0208366073,3.526527671
2187,0.00279880057,0.2084182607,0.001323185721,0.02081780066,3.607217659
2188,0.00279880057,0.2077993113,0.001323185721,0.020799011,3.622828378
2189,0.00279880057,0.1624778316,0.001323185721,0.02078023829,3.553624946
2190,0.00279880057,0.1407897756,0.001323185721,0.02076148253,3.538832009
2191,0.00279880057,0.1526178668,0.001323185721,0.0207427437,3.526273966
2192,0.00279880057,0.1893580199,0.001323185721,0.02072402178,3.549541634
2193,0.00279880057,0.1116860355,0.001323185721,0.02070531676,3.476781771
2194,0.00279880057,0.1486955463,0.001323185721,0.02068662862,3.502042129
2195,0.00279880057,0.2150746786,0.001323185721,0.02066795735,3.51770986
2196,0.00279880057,0.1478843032,0.001323185721,0.02064930293,3.429765206
2197,0.00279880057,0.08429887026,0.001323185721,0.02063066535,3.426762316
2198,0.00279880057,0.05274652509,0.001323185721,0.02061204458,3.417978798
2199,0.00279880057,0.07275840573,0.001323185721,0.02059344063,3.491887936
2200,0.002748926696,0.191411046,0.001299264243,0.02057485347,3.631294483
2201,0.002748926696,0.2008246449,0.001299264243,0.02055628308,3.653623229
2202,0.002748926696,0.2484751133,0.001299264243,0.02053772946,3.652888315
2203,0.002748926696,0.1823046133,0.001299264243,0.02051919258,3.624915348
2204,0.002748926696,0.1518698169,0.001299264243,0.02050067243,3.614129072
2205,0.002748926696,0.1514478721,0.001299264243,0.020482169,3.587999136
2206,0.002748926696,0.1594774906,0.001299264243,0.02046368227,3.604562969
2207,0.002748926696,0.1555403527,0.001299264243,0.02044521222,3.663082752
2208,0.002748926696,0.205523351,0.001299264243,0.02042675885,3.628057564
2209,0.002748926696,0.1115959629,0.001299264243,0.02040832213,3.5328668
2210,0.002748926696,0.158085926,0.001299264243,0.02038990205,3.592530286
2211,0.002748926696,0.1616374918,0.001299264243,0.0203714986,3.601070665
2212,0.002748926696,0.1817440877,0.001299264243,0.02035311175,3.623441522
2213,0.002748926696,0.2531883985,0.001299264243,0.02033474151,3.640410936
2214,0.002748926696,0.1607019225,0.001299264243,0.02031638784,3.598757673
2215,0.002748926696,0.2203165335,0.001299264243,0.02029805074,3.622588176
2216,0.002748926696,0.2286056064,0.001299264243,0.02027973019,3.638709422
2217,0.002748926696,0.2293490682,0.001299264243,0.02026142618,3.580038936
2218,0.002748926696,0.2048185049,0.001299264243,0.02024313868,3.587134945
2219,0.002748926696,0.1354409206,0.001299264243,0.02022486769,3.499648739
2220,0.002748926696,0.06282564005,0.001299264243,0.0202066132,3.341008794
2221,0.002748926696,0.08681737214,0.001299264243,0.02018837518,3.375077112
2222,0.002748926696,0.070975897,0.001299264243,0.02017015362,3.367809035
2223,0.002748926696,0.08427261409,0.001299264243,0.0201519485,3.334593291
2224,0.002748926696,0.06302582096,0.001299264243,0.02013375982,3.302960816
2225,0.002748926696,0.05252257795,0.001299264243,0.02011558756,3.388816477
2226,0.002748926696,0.1535361791,0.001299264243,0.02009743169,3.497758434
2227,0.002748926696,0.09665247678,0.001299264243,0.02007929222,3.428844054
2228,0.002748926696,0.1311359014,0.001299264243,0.02006116911,3.409411154
2229,0.002748926696,0.2429361302,0.001299264243,0.02004306237,3.512329471
2230,0.002748926696,0.1005123853,0.001299264243,0.02002497196,3.432999418
2231,0.002748926696,0.2896175623,0.001299264243,0.02000689789,3.5745323
2232,0.002748926696,0.2129039594,0.001299264243,0.01998884013,3.534717822
2233,0.002748926696,0.1096314198,0.001299264243,0.01997079866,3.39896133
2234,0.002748926696,0.08591088906,0.001299264243,0.01995277348,3.361407713
2235,0.002748926696,0.0931342436,0.001299264243,0.01993476457,3.435490871
2236,0.002748926696,0.2256679121,0.001299264243,0.01991677191,3.523550898
2237,0.002748926696,0.1033951466,0.001299264243,0.0198987955,3.393789329
2238,0.002748926696,0.1468249708,0.001299264243,0.01988083531,3.446770378
2239,0.002748926696,0.1276440445,0.001299264243,0.01986289132,3.419856456
2240,0.002748926696,0.1407921155,0.001299264243,0.01984496354,3.451161167
2241,0.002748926696,0.2222780506,0.001299264243,0.01982705193,3.575463245
2242,0.002748926696,0.260629005,0.001299264243,0.0198091565,3.604784771
2243,0.002748926696,0.1740969107,0.001299264243,0.01979127721,3.513829044
2244,0.002748926696,0.2475264673,0.001299264243,0.01977341406,3.590462576
2245,0.002748926696,0.204138983,0.001299264243,0.01975556704,3.539669931
2246,0.002748926696,0.2006750704,0.001299264243,0.01973773612,3.421796133
2247,0.002748926696,0.120276018,0.001299264243,0.0197199213,3.345703236
2248,0.002748926696,0.06952367893,0.001299264243,0.01970212255,3.315712315
2249,0.002748926696,0.06011269742,0.001299264243,0.01968433987,3.335231948
2250,0.002748926696,0.07440173254,0.001299264243,0.01966657325,3.386284936
2251,0.002748926696,0.1556542323,0.001299264243,0.01964882265,3.526041972
2252,0.002748926696,0.1453635943,0.001299264243,0.01963108808,3.413667721
2253,0.002748926696,0.07439983377,0.001299264243,0.01961336951,3.375139031
2254,0.002748926696,0.1263458908,0.001299264243,0.01959566694,3.382073457
2255,0.002748926696,0.06760726049,0.001299264243,0.01957798035,3.298114761
2256,0.002748926696,0.1233146348,0.001299264243,0.01956030972,3.410113232
2257,0.002748926696,0.1248732232,0.001299264243,0.01954265503,3.432776108
2258,0.002748926696,0.08815843768,0.001299264243,0.01952501629,3.424986132
2259,0.002748926696,0.1306416061,0.001299264243,0.01950739346,3.428765718
2260,0.002748926696,0.2215828655,0.001299264243,0.01948978654,3.532947625
2261,0.002748926696,0.1165608539,0.001299264243,0.01947219551,3.472765084
2262,0.002748926696,0.2287237115,0.001299264243,0.01945462035,3.491201106
2263,0.002748926696,0.06715786163,0.001299264243,0.01943706107,3.350387516
2264,0.002748926696,0.104595877,0.001299264243,0.01941951762,3.420183863
2265,0.002748926696,0.05435013273,0.001299264243,0.01940199002,3.373977946
2266,0.002732474785,0.168579859,0.00127060423,0.01938447823,3.511397338
2267,0.002732474785,0.1193179032,0.00127060423,0.01936698225,3.436510252
2268,0.002732474785,0.1400176097,0.00127060423,0.01934950206,3.487909712
2269,0.002732474785,0.05387306268,0.00127060423,0.01933203765,3.362801784
2270,0.002732474785,0.06084422325,0.00127060423,0.019314589,3.367130664
2271,0.002732474785,0.07586214709,0.00127060423,0.0192971561,3.317589595
2272,0.002732474785,0.03788667803,0.00127060423,0.01927973893,3.287663278
2273,0.002732474785,0.0802551215,0.00127060423,0.01926233749,3.398866333
2274,0.002732474785,0.1246584813,0.00127060423,0.01924495175,3.440227352
2275,0.002732474785,0.06793032242,0.00127060423,0.0192275817,3.350839192
2276,0.002732474785,0.09162052856,0.00127060423,0.01921022733,3.399691215
2277,0.002732474785,0.07759165942,0.00127060423,0.01919288862,3.39790843
2278,0.002732474785,0.1367321664,0.00127060423,0.01917556557,3.48729857
2279,0.002732474785,0.135144496,0.00127060423,0.01915825815,3.528465018
2280,0.002732474785,0.1961764719,0.00127060423,0.01914096635,3.563564536
2281,0.002732474785,0.2579821904,0.00127060423,0.01912369015,3.575614623
2282,0.002732474785,0.1827133658,0.00127060423,0.01910642956,3.580452854
2283,0.002732474785,0.1846871323,0.00127060423,0.01908918453,3.512817278
2284,0.002732474785,0.1743213074,0.00127060423,0.01907195508,3.458274991
2285,0.002732474785,0.06481731122,0.00127060423,0.01905474117,3.31958483
2286,0.002732474785,0.06279808371,0.00127060423,0.01903754281,3.340913015
2287,0.002732474785,0.06185627012,0.00127060423,0.01902035996,3.347143569
2288,0.002732474785,0.09460090564,0.00127060423,0.01900319263,3.368498388
2289,0.002732474785,0.07504605243,0.00127060423,0.01898604078,3.338333652
2290,0.002732474785,0.05500602405,0.00127060423,0.01896890442,3.345902264
2291,0.002732474785,0.05477416118,0.00127060423,0.01895178353,3.333171184
2292,0.002732474785,0.0564956767,0.00127060423,0.01893467809,3.369227766
2293,0.002732474785,0.08105397543,0.00127060423,0.01891758809,3.349660452
2294,0.002732474785,0.05051812356,0.00127060423,0.01890051351,3.36194265
2295,0.002732474785,0.05916044098,0.00127060423,0.01888345435,3.42276036
2296,0.002732474785,0.0865239351,0.00127060423,0.01886641058,3.434388559
2297,0.002732474785,0.1599235175,0.00127060423,0.01884938219,3.524112684
2298,0.002732474785,0.1655033607,0.00127060423,0.01883236918,3.543671385
2299,0.002732474785,0.1183692763,0.00127060423,0.01881537152,3.482822668
2300,0.002732474785,0.1053389343,0.00127060423,0.0187983892,3.457059717
2301,0.002732474785,0.1601040587,0.00127060423,0.01878142221,3.562830191
2302,0.002732474785,0.2640380949,0.00127060423,0.01876447053,3.584908968
2303,0.002732474785,0.2807957828,0.00127060423,0.01874753415,3.58147501
2304,0.002732474785,0.2574799937,0.00127060423,0.01873061307,3.544701118
2305,0.002732474785,0.1864115284,0.00127060423,0.01871370725,3.555160427
2306,0.002732474785,0.2415797551,0.00127060423,0.01869681669,3.589689962
2307,0.002732474785,0.1982132473,0.00127060423,0.01867994138,3.563333552
2308,0.002732474785,0.1524600149,0.00127060423,0.01866308129,3.554522835
2309,0.002732474785,0.1397249405,0.00127060423,0.01864623643,3.522903764
2310,0.002732474785,0.1282853715,0.00127060423,0.01862940677,3.535386072
2311,0.002732474785,0.2056081056,0.00127060423,0.0186125923,3.610472251
2312,0.002732474785,0.2115165903,0.00127060423,0.018595793,3.647181013
2313,0.002732474785,0.2462568446,0.00127060423,0.01857900887,3.61516379
2314,0.002732474785,0.1192526345,0.00127060423,0.01856223989,3.521370172
2315,0.002732474785,0.1209482576,0.00127060423,0.01854548604,3.561881763
2316,0.002732474785,0.1783294157,0.00127060423,0.01852874731,3.574169721
2317,0.002732474785,0.1821789147,0.00127060423,0.0185120237,3.599602253
2318,0.002732474785,0.2859175895,0.00127060423,0.01849531517,3.673575607
2319,0.002732474785,0.1863056777,0.00127060423,0.01847862173,3.61369452
2320,0.002732474785,0.1785909828,0.00127060423,0.01846194335,3.594236382
2321,0.002732474785,0.2557881196,0.00127060423,0.01844528003,3.677327272
2322,0.002732474785,0.1828363519,0.00127060423,0.01842863175,3.628713881
2323,0.002732474785,0.09513733283,0.00127060423,0.01841199849,3.538768156
2324,0.002732474785,0.1800091949,0.00127060423,0.01839538025,3.572255058
2325,0.002732474785,0.08559445867,0.00127060423,0.01837877701,3.508684618
2326,0.002732474785,0.1358200445,0.00127060423,0.01836218875,3.550890043
2327,0.002732474785,0.1396850371,0.00127060423,0.01834561546,3.667514901
2328,0.002732474785,0.2263572784,0.00127060423,0.01832905713,3.732195403
2329,0.002732474785,0.1322384323,0.00127060423,0.01831251375,3.687559048
2330,0.002732474785,0.2111939511,0.00127060423,0.0182959853,3.742925943
2331,0.002732474785,0.2251420101,0.00127060423,0.01827947177,3.72372246
2332,0.002732474785,0.1095288022,0.00127060423,0.01826297314,3.592014592
2333,0.002732474785,0.1045358747,0.00127060423,0.01824648941,3.587615907
2334,0.002732474785,0.1864084673,0.00127060423,0.01823002055,3.625672781
2335,0.002732474785,0.1123779861,0.00127060423,0.01821356655,3.612133549
2336,0.002732474785,0.1234907322,0.00127060423,0.01819712741,3.652625714
2337,0.002732474785,0.06106951161,0.00127060423,0.0181807031,3.581872889
2338,0.002732474785,0.07071170448,0.00127060423,0.01816429362,3.592884846
2339,0.002732474785,0.1070483242,0.00127060423,0.01814789895,3.637366496
2340,0.002732474785,0.2428110785,0.00127060423,0.01813151908,3.69356363
2341,0.002732474785,0.1389321317,0.00127060423,0.01811515399,3.581202339
2342,0.002732474785,0.06729697325,0.00127060423,0.01809880367,3.484108447
2343,0.002732474785,0.08134498464,0.00127060423,0.01808246811,3.495097947
2344,0.002732474785,0.1236006452,0.00127060423,0.01806614729,3.531715874
2345,0.002732474785,0.1694765879,0.00127060423,0.01804984121,3.56502657
2346,0.002732474785,0.1257103971,0.00127060423,0.01803354984,3.504813909
2347,0.002732474785,0.1287888057,0.00127060423,0.01801727318,3.464657961
2348,0.002732474785,0.1007137695,0.00127060423,0.0180010112,3.494517359
2349,0.002732474785,0.1525191732,0.00127060423,0.01798476391,3.615008659
2350,0.002732474785,0.2368290679,0.00127060423,0.01796853128,3.634255457
2351,0.002732474785,0.1280630909,0.00127060423,0.0179523133,3.571079059
2352,0.002732474785,0.1516052119,0.00127060423,0.01793610995,3.540923716
2353,0.002732474785,0.1729613244,0.00127060423,0.01791992124,3.587718573
2354,0.002732474785,0.2075209921,0.00127060423,0.01790374713,3.654351674
2355,0.002732474785,0.1218296902,0.00127060423,0.01788758762,3.553409375
2356,0.002732474785,0.07864278312,0.00127060423,0.0178714427,3.456186997
2357,0.002732474785,0.06778632939,0.00127060423,0.01785531235,3.480895749
2358,0.002732474785,0.1050713252,0.00127060423,0.01783919656,3.50647634
2359,0.002732474785,0.1264695452,0.00127060423,0.01782309532,3.551357796
2360,0.002732474785,0.03941814965,0.00127060423,0.0178070086,3.457005108
2361,0.002732474785,0.07098637074,0.00127060423,0.01779093641,3.50011327
2362,0.002732474785,0.1209403985,0.00127060423,0.01777487872,3.522169081
2363,0.002732474785,0.08448538763,0.00127060423,0.01775883553,3.505399213
2364,0.002732474785,0.1136304446,0.00127060423,0.01774280681,3.561638717
2365,0.002732474785,0.1168957245,0.00127060423,0.01772679257,3.520955599
2366,0.002732474785,0.1257447142,0.00127060423,0.01771079278,3.548080575
2367,0.002732474785,0.1804985444,0.00127060423,0.01769480743,3.667939153
2368,0.002732474785,0.06408114345,0.00127060423,0.0176788365,3.58891073
2369,0.002732474785,0.1296002212,0.00127060423,0.01766287999,3.599995192
2370,0.002732474785,0.05206186198,0.00127060423,0.01764693789,3.503197566
2371,0.002732474785,0.05664280238,0.00127060423,0.01763101017,3.492716688
2372,0.002732474785,0.08879520601,0.00127060423,0.01761509683,3.4980691
2373,0.002732474785,0.08357917849,0.00127060423,0.01759919785,3.545932669
2374,0.002732474785,0.09559017793,0.00127060423,0.01758331322,3.591274202
2375,0.002732474785,0.1181708969,0.00127060423,0.01756744293,3.640057448
2376,0.002732474785,0.1048394809,0.00127060423,0.01755158697,3.598266866
2377,0.002732474785,0.1213869648,0.00127060423,0.01753574531,3.542837706
2378,0.002732474785,0.07204632389,0.00127060423,0.01751991795,3.508509883
2379,0.002732474785,0.06324965637,0.00127060423,0.01750410488,3.520431559
2380,0.002732474785,0.09928023857,0.00127060423,0.01748830608,3.549501974
2381,0.002732474785,0.07696450718,0.00127060423,0.01747252154,3.489271305
2382,0.002732474785,0.145778002,0.00127060423,0.01745675125,3.551702847
2383,0.002710612676,0.1011271119,0.00130063716,0.01744099519,3.5637582
2384,0.002710612676,0.1967284557,0.00130063716,0.01742525335,3.622533284
2385,0.002710612676,0.09048773661,0.00130063716,0.01740952572,3.520802823
2386,0.002710612676,0.1585923104,0.00130063716,0.01739381229,3.50848221
2387,0.002710612676,0.07469673471,0.00130063716,0.01737811303,3.472103537
2388,0.002710612676,0.1203764089,0.00130063716,0.01736242795,3.513735781
2389,0.002710612676,0.1099737584,0.00130063716,0.01734675703,3.494736565
2390,0.002710612676,0.09296930331,0.00130063716,0.01733110025,3.475061936
2391,0.002710612676,0.04410210113,0.00130063716,0.0173154576,3.443793149
2392,0.002710612676,0.1700545026,0.00130063716,0.01729982907,3.600298952
2393,0.002710612676,0.1426378944,0.00130063716,0.01728421464,3.586358443
2394,0.002710612676,0.1716539887,0.00130063716,0.01726861431,3.557655345
2395,0.002710612676,0.05860984671,0.00130063716,0.01725302806,3.409354421
2396,0.002710612676,0.1240244076,0.00130063716,0.01723745587,3.466714549
2397,0.002710612676,0.09684882612,0.00130063716,0.01722189775,3.414606148
2398,0.002710612676,0.0334709643,0.00130063716,0.01720635366,3.361269983
2399,0.002710612676,0.08643316892,0.00130063716,0.0171908236,3.410153942
2400,0.002710612676,0.05314242036,0.00130063716,0.01717530757,3.442250345
2401,0.002710612676,0.06199426468,0.00130063716,0.01715980553,3.367656235
2402,0.002669124443,0.07291552388,0.001246338039,0.01714431749,3.437578205
2403,0.002669124443,0.1260461035,0.001246338039,0.01712884342,3.511627352
2404,0.002669124443,0.08328938679,0.001246338039,0.01711338333,3.449083562
2405,0.002669124443,0.1336357076,0.001246338039,0.01709793718,3.539407452
2406,0.002669124443,0.1631670039,0.001246338039,0.01708250498,3.575164477
2407,0.002669124443,0.2356471566,0.001246338039,0.01706708671,3.598030311
2408,0.002669124443,0.1826259126,0.001246338039,0.01705168235,3.566279795
2409,0.002669124443,0.1600361548,0.001246338039,0.0170362919,3.522547343
2410,0.002669124443,0.08716814061,0.001246338039,0.01702091534,3.518661003
2411,0.002669124443,0.1451575702,0.001246338039,0.01700555265,3.59095384
2412,0.002669124443,0.1077712457,0.001246338039,0.01699020383,3.564966052
2413,0.002669124443,0.101578256,0.001246338039,0.01697486887,3.531433518
2414,0.002669124443,0.0855910913,0.001246338039,0.01695954775,3.528057359
2415,0.002669124443,0.09700224116,0.001246338039,0.01694424045,3.579379712
2416,0.002669124443,0.1296764261,0.001246338039,0.01692894697,3.653797724
2417,0.002669124443,0.1418231788,0.001246338039,0.0169136673,3.662344019
2418,0.002669124443,0.08989890666,0.001246338039,0.01689840141,3.645207635
2419,0.002621371924,0.1831896425,0.001221842205,0.01688314931,3.675921453
2420,0.002621371924,0.1347717603,0.001221842205,0.01686791097,3.607967336
2421,0.002621371924,0.06971443027,0.001221842205,0.01685268638,3.549512197
2422,0.002621371924,0.1046418452,0.001221842205,0.01683747554,3.592875449
2423,0.002621371924,0.1379947019,0.001221842205,0.01682227842,3.645784657
2424,0.002621371924,0.1713849332,0.001221842205,0.01680709503,3.626977432
2425,0.002621371924,0.1145585758,0.001221842205,0.01679192533,3.627438066
2426,0.002621371924,0.2292485838,0.001221842205,0.01677676933,3.605634069
2427,0.002621371924,0.1724744683,0.001221842205,0.01676162701,3.594600746
2428,0.002621371924,0.4289434666,0.001221842205,0.01674649835,3.627027629
2429,0.002621371924,0.3812326679,0.001221842205,0.01673138335,3.600848735
2430,0.002621371924,0.3512243572,0.001221842205,0.01671628199,3.593025447
2431,0.002621371924,0.4324688097,0.001221842205,0.01670119426,3.587558314
2432,0.002621371924,0.3648649312,0.001221842205,0.01668612015,3.588077447
2433,0.002621371924,0.4032131781,0.001221842205,0.01667105964,3.549572682
2434,0.002621371924,0.4041526713,0.001221842205,0.01665601273,3.525151635
2435,0.002621371924,0.4084343451,0.001221842205,0.0166409794,3.393952109
2436,0.002621371924,0.4139692946,0.001221842205,0.01662595964,2.998871906
2437,0.002621371924,0.2872352427,0.001221842205,0.01661095343,2.084148635
2438,0.002621371924,0.09805150757,0.001221842205,0.01659596077,0.9097509216
2439,0.002621371924,0.005411247987,0.001221842205,0.01658098164,0.01788726182
2440,0.002621371924,0.005209346074,0.001221842205,0.01656601603,0.01860821581
2441,0.002621371924,0.005648451901,0.001221842205,0.01655106393,0.01956822257
2442,0.002621371924,0.005556087202,0.001221842205,0.01653612532,0.02041528706
2443,0.002621371924,0.005764102684,0.001221842205,0.0165212002,0.02131183813
2444,0.002621371924,0.005783463918,0.001221842205,0.01650628855,0.02190275725
2445,0.002621371924,0.005984732837,0.001221842205,0.01649139035,0.02197019611
2446,0.002621371924,0.006215469183,0.001221842205,0.01647650561,0.0226948902
2447,0.002621371924,0.005837862013,0.001221842205,0.01646163429,0.02365189652
2448,0.002621371924,0.006546663829,0.001221842205,0.0164467764,0.02425775735
2449,0.002621371924,0.00634523259,0.001221842205,0.01643193192,0.02441815285
2450,0.002621371924,0.006312392452,0.001221842205,0.01641710084,0.0253022944
2451,0.002621371924,0.006682874893,0.001221842205,0.01640228315,0.02574465744
2452,0.002621371924,0.007327252762,0.001221842205,0.01638747883,0.02696843332
2453,0.002621371924,0.007425549833,0.001221842205,0.01637268787,0.02718133621
2454,0.002621371924,0.007218733637,0.001221842205,0.01635791026,0.02713714895
2455,0.002621371924,0.007007056646,0.001221842205,0.01634314599,0.02716509868
2456,0.002621371924,0.007406325285,0.001221842205,0.01632839505,0.02796482004
2457,0.002621371924,0.00724964811,0.001221842205,0.01631365741,0.02825109358
2458,0.002621371924,0.006543892225,0.001221842205,0.01629893309,0.0283225157
2459,0.002621371924,0.006884757097,0.001221842205,0.01628422205,0.02845742083
2460,0.002621371924,0.00766277964,0.001221842205,0.01626952428,0.02811570608
2461,0.002621371924,0.007471226367,0.001221842205,0.01625483979,0.02871205242
2462,0.002621371924,0.007483264182,0.001221842205,0.01624016855,0.02923419631
2463,0.002621371924,0.008279611716,0.001221842205,0.01622551055,0.03041801791
2464,0.002621371924,0.007604558222,0.001221842205,0.01621086578,0.03081242805
2465,0.002621371924,0.007692339112,0.001221842205,0.01619623423,0.0314036818
2466,0.002621371924,0.007738684571,0.001221842205,0.01618161588,0.03143866893
2467,0.002621371924,0.008262581853,0.001221842205,0.01616701073,0.03195170369
2468,0.002621371924,0.008415109496,0.001221842205,0.01615241876,0.03266787484
2469,0.002621371924,0.008493129488,0.001221842205,0.01613783996,0.03251034159
2470,0.002621371924,0.007957223131,0.001221842205,0.01612327432,0.03241982871
2471,0.002621371924,0.008163263764,0.001221842205,0.01610872183,0.03065232592
2472,0.002621371924,0.007521050117,0.001221842205,0.01609418247,0.03049355581
2473,0.002621371924,0.007562668972,0.001221842205,0.01607965623,0.03030415281
2474,0.002621371924,0.007102573356,0.001221842205,0.01606514311,0.02975234436
2475,0.002621371924,0.006724524739,0.001221842205,0.01605064308,0.02916089161
2476,0.002621371924,0.006743089842,0.001221842205,0.01603615614,0.02678259381
2477,0.002621371924,0.006210900998,0.001221842205,0.01602168228,0.02519270017
2478,0.002621371924,0.005857250388,0.001221842205,0.01600722148,0.0248895412
2479,0.002621371924,0.006915824122,0.001221842205,0.01599277373,0.02585130661
2480,0.002621371924,0.006574644831,0.001221842205,0.01597833903,0.02579884528
2481,0.002621371924,0.006536178141,0.001221842205,0.01596391735,0.02518770891
2482,0.002621371924,0.006287159168,0.001221842205,0.01594950868,0.02463917635
2483,0.002621371924,0.006573137953,0.001221842205,0.01593511303,0.02554961909
2484,0.002621371924,0.006124077875,0.001221842205,0.01592073036,0.02515922
2485,0.002621371924,0.00581645374,0.001221842205,0.01590636068,0.02448834491
2486,0.002621371924,0.005888059591,0.001221842205,0.01589200397,0.0254927771
2487,0.002621371924,0.006356383587,0.001221842205,0.01587766021,0.02572120875
2488,0.002621371924,0.006359269589,0.001221842205,0.01586332941,0.02594951887
2489,0.002621371924,0.006462706847,0.001221842205,0.01584901153,0.02660982617
2490,0.002621371924,0.006438315187,0.001221842205,0.01583470658,0.02696610999
2491,0.002621371924,0.006725191767,0.001221842205,0.01582041454,0.02763860275
2492,0.002621371924,0.00700623527,0.001221842205,0.0158061354,0.02828282853
2493,0.002621371924,0.007204614879,0.001221842205,0.01579186915,0.02809154007
2494,0.002621371924,0.00699118558,0.001221842205,0.01577761578,0.02824072872
2495,0.002621371924,0.006477714779,0.001221842205,0.01576337527,0.02830630537
2496,0.002621371924,0.007292357116,0.001221842205,0.01574914761,0.0286169834
2497,0.002621371924,0.007247886847,0.001221842205,0.01573493279,0.02838567347
2498,0.002621371924,0.006660516618,0.001221842205,0.01572073081,0.02765658757
2499,0.002621371924,0.006523305774,0.001221842205,0.01570654164,0.0274766571
2500,0.002621371924,0.006298534484,0.001221842205,0.01569236528,0.02713083839
2501,0.002621371924,0.006631723213,0.001221842205,0.01567820171,0.02774141435
2502,0.002621371924,0.006092903746,0.001221842205,0.01566405093,0.02760766828
2503,0.002621371924,0.006322108511,0.001221842205,0.01564991292,0.02693112844
2504,0.002621371924,0.006755558466,0.001221842205,0.01563578768,0.0274996092
2505,0.002621371924,0.006243792458,0.001221842205,0.01562167518,0.0275079959
2506,0.002621371924,0.006480401996,0.001221842205,0.01560757541,0.02729472768
2507,0.002621371924,0.006358986665,0.001221842205,0.01559348838,0.02724669449
2508,0.002621371924,0.00607752449,0.001221842205,0.01557941406,0.02654700947
2509,0.002621371924,0.005937448933,0.001221842205,0.01556535244,0.02586478077
2510,0.002621371924,0.006061343576,0.001221842205,0.01555130351,0.02511756078
2511,0.002621371924,0.005639578033,0.001221842205,0.01553726727,0.02414067587
2512,0.002621371924,0.005604475464,0.001221842205,0.01552324369,0.02432138519
2513,0.002621371924,0.005637605749,0.001221842205,0.01550923277,0.02376945494
2514,0.002621371924,0.005209200367,0.001221842205,0.01549523449,0.02295818478
2515,0.002619174585,0.005322382474,0.001383375215,0.01548124885,0.02268264073
2516,0.002619002208,0.005679260643,0.0011296692,0.01546727584,0.02158239651
2517,0.002619002208,0.005153961624,0.0011296692,0.01545331543,0.02021954441
2518,0.002619002208,0.004608654381,0.0011296692,0.01543936763,0.01987170342
2519,0.002619002208,0.00443200568,0.0011296692,0.01542543241,0.01919729819
2520,0.002619002208,0.004764173159,0.0011296692,0.01541150978,0.01988373351
2521,0.002619002208,0.004791979136,0.0011296692,0.0153975997,0.02033279178
2522,0.002619002208,0.005149111786,0.0011296692,0.01538370219,0.02066040702
2523,0.002619002208,0.005244533509,0.0011296692,0.01536981721,0.02095918264
2524,0.002619002208,0.005276062454,0.0011296692,0.01535594477,0.02086185251
2525,0.002619002208,0.00508076892,0.0011296692,0.01534208485,0.02090412292
2526,0.00258449072,0.004907502303,0.001206015574,0.01532823744,0.02156842154
2527,0.00258449072,0.005104706145,0.001206015574,0.01531440253,0.02152541794
2528,0.00258449072,0.005316452797,0.001206015574,0.01530058011,0.02197756351
2529,0.00258449072,0.005374076325,0.001206015574,0.01528677016,0.02259123465
2530,0.00258449072,0.00503149777,0.001206015574,0.01527297267,0.02313941261
2531,0.00258449072,0.005832668383,0.001206015574,0.01525918764,0.02389630801
2532,0.00258449072,0.005940050564,0.001206015574,0.01524541505,0.0246396421
2533,0.00258449072,0.005627659398,0.001206015574,0.01523165489,0.0254358445
2534,0.00258449072,0.00642600765,0.001206015574,0.01521790716,0.02663957132
2535,0.00258449072,0.006437024817,0.001206015574,0.01520417182,0.02761365404
2536,0.00258449072,0.006848338475,0.001206015574,0.01519044889,0.0282715343
2537,0.00258449072,0.007237104706,0.001206015574,0.01517673834,0.0289207433
2538,0.00258449072,0.007730861916,0.001206015574,0.01516304017,0.02993819792
2539,0.00258449072,0.007526053745,0.001206015574,0.01514935436,0.03035127218
2540,0.00258449072,0.007328954421,0.001206015574,0.01513568091,0.03015907774
2541,0.00258449072,0.007457102135,0.001206015574,0.01512201979,0.02989883435
2542,0.00258449072,0.007404628062,0.001206015574,0.01510837101,0.02973212846
2543,0.00258449072,0.007373803179,0.001206015574,0.01509473454,0.02931035146
2544,0.00258449072,0.007592893735,0.001206015574,0.01508111038,0.02919795691
2545,0.00258449072,0.007739290302,0.001206015574,0.01506749852,0.02984405206
2546,0.00258449072,0.007365515052,0.001206015574,0.01505389895,0.02912718893
2547,0.00258449072,0.007307153989,0.001206015574,0.01504031165,0.02951688736
2548,0.00258449072,0.006908931974,0.001206015574,0.01502673661,0.02781054779
2549,0.00258449072,0.006448773213,0.001206015574,0.01501317383,0.02699644197
2550,0.002558903045,0.006658065399,0.001276637798,0.01499962328,0.02654217844
2551,0.002558903045,0.00642486511,0.001276637798,0.01498608497,0.02562385282
2552,0.002558903045,0.005964498624,0.001276637798,0.01497255888,0.02486101926
2553,0.002558903045,0.005816731617,0.001276637798,0.01495904499,0.02462729137
2554,0.002558903045,0.005998012022,0.001276637798,0.01494554331,0.02512002252
2555,0.002558903045,0.006035532197,0.001276637798,0.01493205381,0.02573946391
2556,0.002558903045,0.00658478923,0.001276637798,0.01491857648,0.02674402843
2557,0.002558903045,0.00726285085,0.001276637798,0.01490511132,0.02831268904
2558,0.002558903045,0.006789942966,0.001276637798,0.01489165831,0.02917846168
2559,0.002558903045,0.006427452731,0.001276637798,0.01487821745,0.03057479987
2560,0.002558903045,0.007160029419,0.001276637798,0.01486478871,0.0310948075
2561,0.002558903045,0.007648530015,0.001276637798,0.0148513721,0.03152215998
2562,0.002558903045,0.007007746846,0.001276637798,0.01483796759,0.03180224028
2563,0.002558903045,0.007383446586,0.001276637798,0.01482457519,0.03235744656
2564,0.002558903045,0.00721956063,0.001276637798,0.01481119487,0.03245086249
2565,0.002558903045,0.007883302901,0.001276637798,0.01479782663,0.03271479362
2566,0.002558903045,0.007786894365,0.001276637798,0.01478447045,0.03302941604
2567,0.002558903045,0.007657014053,0.001276637798,0.01477112633,0.0327975525
2568,0.002558903045,0.008136820044,0.001276637798,0.01475779426,0.03327865711
2569,0.002558903045,0.009673679533,0.001276637798,0.01474447421,0.03378859836
2570,0.002558903045,0.0082417163,0.001276637798,0.01473116619,0.03432498569
2571,0.002551317041,0.00766799445,0.00128301277,0.01471787018,0.03511914986
2572,0.002551317041,0.00829597974,0.00128301277,0.01470458617,0.03561040016
2573,0.002551317041,0.008274332221,0.00128301277,0.01469131415,0.03571547866
2574,0.002551317041,0.00783549003,0.00128301277,0.01467805412,0.03514854255
2575,0.002551317041,0.008193845239,0.00128301277,0.01466480604,0.03538152241
2576,0.002551317041,0.008634190378,0.00128301277,0.01465156993,0.03616361751
2577,0.002551317041,0.009555243915,0.00128301277,0.01463834576,0.03635422459
2578,0.002551317041,0.008984298312,0.00128301277,0.01462513353,0.03654478332
2579,0.002551317041,0.009338829741,0.00128301277,0.01461193322,0.03699815281
2580,0.002551317041,0.009113113949,0.00128301277,0.01459874483,0.03581242618
2581,0.002551317041,0.00890804173,0.00128301277,0.01458556834,0.03544450808
2582,0.002551317041,0.009146905786,0.00128301277,0.01457240375,0.03479077851
2583,0.002551317041,0.009065590164,0.00128301277,0.01455925103,0.03424816513
2584,0.002551317041,0.008893402687,0.00128301277,0.01454611019,0.03275021363
2585,0.002551317041,0.008333231051,0.00128301277,0.01453298121,0.03189638271
2586,0.002551317041,0.007716829896,0.00128301277,0.01451986408,0.03003261179
2587,0.002551317041,0.007719582242,0.00128301277,0.01450675878,0.02941708528
2588,0.002510637641,0.007316330218,0.001129061929,0.01449366532,0.02881067131
2589,0.002510637641,0.006294058276,0.001129061929,0.01448058367,0.02749053032
2590,0.002510637641,0.006426237135,0.001129061929,0.01446751383,0.02730402715
2591,0.002510637641,0.006820090803,0.001129061929,0.01445445579,0.02758607379
2592,0.002510637641,0.007061337673,0.001129061929,0.01444140953,0.02792211342
2593,0.002510637641,0.007320649699,0.001129061929,0.01442837505,0.02838217059
2594,0.002510637641,0.007112308678,0.001129061929,0.01441535233,0.02851385251
2595,0.002510637641,0.007407632545,0.001129061929,0.01440234137,0.02826922891
2596,0.002500901986,0.007662683763,0.001156802515,0.01438934215,0.02837326576
2597,0.002500901986,0.00724545489,0.001156802515,0.01437635467,0.02853792184
2598,0.002500901986,0.007730620115,0.001156802515,0.0143633789,0.02922122382
2599,0.002500901986,0.008146440769,0.001156802515,0.01435041485,0.02995697679
2600,0.002500901986,0.007837113255,0.001156802515,0.0143374625,0.0298791236
2601,0.002500901986,0.008126699867,0.001156802515,0.01432452183,0.03022098352
2602,0.002500901986,0.008390835569,0.001156802515,0.01431159285,0.03173160412
2603,0.002500901986,0.008364230435,0.001156802515,0.01429867554,0.03279271988
2604,0.002500901986,0.008538941353,0.001156802515,0.01428576989,0.03297760692
2605,0.002500901986,0.008792057643,0.001156802515,0.01427287588,0.03396275594
2606,0.002500901986,0.008992362814,0.001156802515,0.01425999352,0.03265500409
2607,0.002500901986,0.008819466667,0.001156802515,0.01424712278,0.03257222911
2608,0.002500901986,0.009077642731,0.001156802515,0.01423426365,0.03217158409
2609,0.002500901986,0.008117302891,0.001156802515,0.01422141614,0.03157856438
2610,0.002500901986,0.007767573995,0.001156802515,0.01420858022,0.03154638831
2611,0.002500901986,0.008533268168,0.001156802515,0.01419575588,0.03171708239
2612,0.002500901986,0.008606438852,0.001156802515,0.01418294312,0.03271133405
2613,0.002500901986,0.008708145984,0.001156802515,0.01417014192,0.03324336597
2614,0.002500901986,0.009137994156,0.001156802515,0.01415735228,0.03414263434
2615,0.002500901986,0.009470447359,0.001156802515,0.01414457419,0.03386272009
2616,0.002500901986,0.008830608528,0.001156802515,0.01413180762,0.03286663602
2617,0.002500901986,0.009117452576,0.001156802515,0.01411905258,0.03270549547
2618,0.002500901986,0.008762454627,0.001156802515,0.01410630905,0.03207130591
2619,0.002500901986,0.007913416585,0.001156802515,0.01409357702,0.03116836143
2620,0.002500901986,0.007916079766,0.001156802515,0.01408085648,0.0312699203
2621,0.002500901986,0.007321927351,0.001156802515,0.01406814743,0.03089995765
2622,0.002500901986,0.007859387171,0.001156802515,0.01405544985,0.03056981299
2623,0.002500901986,0.008192565318,0.001156802515,0.01404276372,0.03109212173
2624,0.002500901986,0.008196515599,0.001156802515,0.01403008905,0.03103680204
2625,0.002500901986,0.008446449051,0.001156802515,0.01401742582,0.03070574737
2626,0.002500901986,0.00807630553,0.001156802515,0.01400477401,0.0312101034
2627,0.002500901986,0.008082653704,0.001156802515,0.01399213363,0.0308772298
2628,0.002500901986,0.008528869555,0.001156802515,0.01397950465,0.03042419686
2629,0.002500901986,0.008149908389,0.001156802515,0.01396688708,0.03028206767
2630,0.002500901986,0.008418967751,0.001156802515,0.01395428089,0.02995157563
2631,0.002500901986,0.008314223992,0.001156802515,0.01394168608,0.03075338607
2632,0.002500901986,0.008483970429,0.001156802515,0.01392910263,0.03105720126
2633,0.002500901986,0.00814559842,0.001156802515,0.01391653055,0.03077910943
2634,0.002500901986,0.008044800523,0.001156802515,0.01390396981,0.03094712624
2635,0.002500901986,0.008133437636,0.001156802515,0.01389142041,0.03155711188
2636,0.002500901986,0.008300519108,0.001156802515,0.01387888234,0.03242641912
2637,0.002500901986,0.008588349387,0.001156802515,0.01386635558,0.03261213124
2638,0.002500901986,0.008058162507,0.001156802515,0.01385384013,0.03177004507
2639,0.002500901986,0.008078680073,0.001156802515,0.01384133597,0.03225415519
2640,0.002500901986,0.008598173263,0.001156802515,0.0138288431,0.03248771743
2641,0.002500901986,0.008709518894,0.001156802515,0.01381636151,0.03224711575
2642,0.002500901986,0.008642628485,0.001156802515,0.01380389118,0.03270122176
2643,0.002500901986,0.00863749705,0.001156802515,0.01379143211,0.03225183751
2644,0.002500901986,0.008324014335,0.001156802515,0.01377898428,0.03166456921
2645,0.002500901986,0.008623962296,0.001156802515,0.01376654769,0.03134101966
2646,0.002488098877,0.009402666793,0.001109892023,0.01375412232,0.03271724189
2647,0.002488098877,0.009274316144,0.001109892023,0.01374170817,0.03305128936
2648,0.00247857868,0.008462678358,0.001135873186,0.01372930522,0.0325363415
2649,0.00247857868,0.008451153764,0.001135873186,0.01371691347,0.03325348545
2650,0.00247857868,0.008713516724,0.001135873186,0.0137045329,0.03353935398
2651,0.00247857868,0.008533612144,0.001135873186,0.01369216351,0.03306381745
2652,0.00247857868,0.00889268732,0.001135873186,0.01367980528,0.03290343468
2653,0.00247857868,0.008695560864,0.001135873186,0.0136674582,0.03298748502
2654,0.00247857868,0.008952294051,0.001135873186,0.01365512227,0.03393921364
2655,0.00247857868,0.009401572653,0.001135873186,0.01364279748,0.03563784907
2656,0.00247857868,0.0098625576,0.001135873186,0.0136304838,0.03640438924
2657,0.00247857868,0.01020534911,0.001135873186,0.01361818124,0.03713323931
2658,0.00247857868,0.009951568228,0.001135873186,0.01360588979,0.0364889829
2659,0.00247857868,0.01000695813,0.001135873186,0.01359360943,0.03772349141
2660,0.00247857868,0.01117356285,0.001135873186,0.01358134015,0.03763942729
2661,0.00247857868,0.01015816675,0.001135873186,0.01356908195,0.03718418383
2662,0.00247857868,0.01002697718,0.001135873186,0.01355683481,0.03720170341
2663,0.00246496256,0.009728897877,0.00112643602,0.01354459872,0.03682627101
2664,0.00246496256,0.009811195025,0.00112643602,0.01353237368,0.03567360105
2665,0.002420844862,0.009713058983,0.001075983566,0.01352015968,0.03459537415
2666,0.002420844862,0.00868650402,0.001075983566,0.01350795669,0.03377623574
2667,0.002420844862,0.008794573893,0.001075983566,0.01349576473,0.03386801405
2668,0.002420844862,0.008912836041,0.001075983566,0.01348358376,0.03288654068
2669,0.002420844862,0.007844528553,0.001075983566,0.01347141379,0.0321302031
2670,0.002420844862,0.007590071192,0.001075983566,0.0134592548,0.03158135005
2671,0.002420844862,0.008073753607,0.001075983566,0.01344710679,0.03129027924
2672,0.002420844862,0.007145203524,0.001075983566,0.01343496975,0.03054257657
2673,0.002420844862,0.007409552673,0.001075983566,0.01342284365,0.03097052478
2674,0.002420844862,0.00700875145,0.001075983566,0.01341072851,0.02893519912
2675,0.002420844862,0.006674730766,0.001075983566,0.01339862429,0.02707407367
2676,0.002420844862,0.005861569115,0.001075983566,0.01338653101,0.02546973155
2677,0.002420844862,0.005783301088,0.001075983566,0.01337444863,0.02449884682
2678,0.002420844862,0.005564941446,0.001075983566,0.01336237717,0.02412434077
2679,0.002420844862,0.005726357495,0.001075983566,0.01335031659,0.02499087369
2680,0.002420844862,0.005474419191,0.001075983566,0.01333826691,0.0241386965
2681,0.002420844862,0.005340670978,0.001075983566,0.0133262281,0.02370477073
2682,0.002420844862,0.005678319557,0.001075983566,0.01331420015,0.02308796115
2683,0.002420844862,0.005193662272,0.001075983566,0.01330218306,0.02265289112
2684,0.002420844862,0.005247313074,0.001075983566,0.01329017682,0.02289015228
2685,0.002420844862,0.005567547106,0.001075983566,0.01327818142,0.02357344465
2686,0.002420844862,0.006010600632,0.001075983566,0.01326619684,0.02472654099
2687,0.002420844862,0.005819693527,0.001075983566,0.01325422307,0.02527253869
2688,0.002420844862,0.006216134909,0.001075983566,0.01324226012,0.02547573373
2689,0.002420844862,0.006617393853,0.001075983566,0.01323030796,0.02634045039
2690,0.002420844862,0.006472220826,0.001075983566,0.01321836659,0.0261138338
2691,0.002420844862,0.006328020431,0.001075983566,0.013206436,0.02625527442
2692,0.002420844862,0.006252210643,0.001075983566,0.01319451618,0.02668530088
2693,0.002420844862,0.006856224255,0.001075983566,0.01318260711,0.02765271119
2694,0.002420844862,0.006372044416,0.001075983566,0.0131707088,0.02751453868
2695,0.002420844862,0.00662908806,0.001075983566,0.01315882122,0.02683185043
2696,0.002420844862,0.006372436719,0.001075983566,0.01314694438,0.02688738851
2697,0.002420844862,0.006760544877,0.001075983566,0.01313507825,0.02721945981
2698,0.002420844862,0.007086698975,0.001075983566,0.01312322283,0.0278905016
2699,0.002420844862,0.008135450078,0.001075983566,0.01311137811,0.02929185056
2700,0.002420844862,0.00692322902,0.001075983566,0.01309954409,0.02946269577
2701,0.002420844862,0.007287856442,0.001075983566,0.01308772074,0.02888902357
2702,0.002420844862,0.007202045175,0.001075983566,0.01307590807,0.02958576027
2703,0.002420844862,0.007423420645,0.001075983566,0.01306410606,0.03014415856
2704,0.002420844862,0.006834942506,0.001075983566,0.0130523147,0.029641041
2705,0.002420844862,0.007023699847,0.001075983566,0.01304053398,0.02995620018
2706,0.002420844862,0.007831616076,0.001075983566,0.0130287639,0.03070867914
2707,0.002420844862,0.007229631282,0.001075983566,0.01301700444,0.03063269215
2708,0.002420844862,0.007069883538,0.001075983566,0.01300525559,0.03024561736
2709,0.002335922979,0.0065996192,0.001125536916,0.01299351735,0.02936455528
2710,0.002335922979,0.00645879853,0.001125536916,0.0129817897,0.02801923876
2711,0.002335922979,0.006175913842,0.001125536916,0.01297007264,0.0262371542
2712,0.002335922979,0.006021531916,0.001125536916,0.01295836615,0.02569451675
2713,0.002335922979,0.006056911906,0.001125536916,0.01294667023,0.02466335752
2714,0.002335922979,0.005534239356,0.001125536916,0.01293498487,0.02285053287
2715,0.002335922979,0.005516848622,0.001125536916,0.01292331005,0.02215893301
2716,0.002335922979,0.005606285566,0.001125536916,0.01291164577,0.02252399399
2717,0.002335922979,0.005386105718,0.001125536916,0.01289999202,0.0224813442
2718,0.002335922979,0.00540589218,0.001125536916,0.01288834878,0.02269443943
2719,0.002284841856,0.005691476863,0.0009753244173,0.01287671606,0.022077673
2720,0.002284841856,0.005370901877,0.0009753244173,0.01286509383,0.02089589545
2721,0.002284841856,0.005186728956,0.0009753244173,0.0128534821,0.02020327298
2722,0.002284841856,0.005077192058,0.0009753244173,0.01284188084,0.01935641416
2723,0.002284841856,0.004868747913,0.0009753244173,0.01283029006,0.01861772718
2724,0.002284841856,0.004799927094,0.0009753244173,0.01281870973,0.01808917273
2725,0.002284841856,0.004488206482,0.0009753244173,0.01280713986,0.017513216
2726,0.002284841856,0.004759257362,0.0009753244173,0.01279558044,0.01759955897
2727,0.002284841856,0.004690633083,0.0009753244173,0.01278403144,0.01792682959
2728,0.002284841856,0.004595361603,0.0009753244173,0.01277249287,0.01809145207
2729,0.002284841856,0.004278655166,0.0009753244173,0.01276096472,0.01792132424
2730,0.002284841856,0.004566219919,0.0009753244173,0.01274944696,0.01797104471
2731,0.002284841856,0.004532915214,0.0009753244173,0.01273793961,0.01829710775
2732,0.002284841856,0.004513287269,0.0009753244173,0.01272644264,0.01818809926
2733,0.002284841856,0.004709864768,0.0009753244173,0.01271495605,0.01819619639
2734,0.002284841856,0.004851518615,0.0009753244173,0.01270347982,0.01873192113
2735,0.002284841856,0.00510770525,0.0009753244173,0.01269201396,0.01947104978
2736,0.002284841856,0.005189234296,0.0009753244173,0.01268055844,0.02013709983
2737,0.002284841856,0.00513685383,0.0009753244173,0.01266911326,0.02005575811
2738,0.002284841856,0.005356412702,0.0009753244173,0.01265767841,0.02046863798
2739,0.002284841856,0.005267413266,0.0009753244173,0.01264625388,0.02065298442
2740,0.002284841856,0.005069397184,0.0009753244173,0.01263483967,0.02035794056
2741,0.002284841856,0.005209992507,0.0009753244173,0.01262343576,0.02019185283
2742,0.002284841856,0.005192207155,0.0009753244173,0.01261204214,0.01939801812
2743,0.002284841856,0.005050307406,0.0009753244173,0.0126006588,0.01924348194
2744,0.002284841856,0.005051943934,0.0009753244173,0.01258928574,0.01962464224
2745,0.002284841856,0.005363307128,0.0009753244173,0.01257792294,0.01931340242
2746,0.002284841856,0.00555965148,0.0009753244173,0.0125665704,0.01935350764
2747,0.002284841856,0.005123593032,0.0009753244173,0.0125552281,0.01981647482
2748,0.002284841856,0.005320261764,0.0009753244173,0.01254389604,0.02047359865
2749,0.002284841856,0.005464736708,0.0009753244173,0.01253257421,0.02076249519
2750,0.002284841856,0.005199355678,0.0009753244173,0.0125212626,0.02064489685
2751,0.002284841856,0.0050072224,0.0009753244173,0.0125099612,0.0199989048
2752,0.002284841856,0.004833549579,0.0009753244173,0.01249867,0.01989175053
2753,0.002284841856,0.004957774801,0.0009753244173,0.01248738899,0.01917946863
2754,0.002284841856,0.004654674649,0.0009753244173,0.01247611816,0.01841580321
2755,0.002284841856,0.004897387091,0.0009753244173,0.01246485751,0.01876790505
2756,0.002284841856,0.00483672666,0.0009753244173,0.01245360701,0.01866351809
2757,0.002284841856,0.004856351513,0.0009753244173,0.01244236668,0.01823900593
2758,0.002284841856,0.004267048538,0.0009753244173,0.01243113649,0.01752022331
2759,0.002284841856,0.004297933847,0.0009753244173,0.01241991643,0.01741339324
2760,0.002284841856,0.004189797374,0.0009753244173,0.0124087065,0.01729484423
2761,0.002284841856,0.004366679727,0.0009753244173,0.01239750669,0.0173434263
2762,0.002284841856,0.004311021652,0.0009753244173,0.01238631699,0.01763782211
2763,0.002284841856,0.004554400341,0.0009753244173,0.01237513739,0.01752614955
2764,0.002284841856,0.004603888707,0.0009753244173,0.01236396787,0.01829942505
2765,0.002284841856,0.004617239027,0.0009753244173,0.01235280844,0.01867107365
2766,0.002284841856,0.004673500339,0.0009753244173,0.01234165908,0.01863262518
2767,0.002284841856,0.004485105267,0.0009753244173,0.01233051979,0.01837027551
2768,0.002284841856,0.004612301671,0.0009753244173,0.01231939055,0.01849656326
2769,0.002284841856,0.00433926453,0.0009753244173,0.01230827135,0.01812582138
2770,0.002284841856,0.004381909278,0.0009753244173,0.01229716219,0.01756679372
2771,0.002284841856,0.004439198986,0.0009753244173,0.01228606306,0.01781772131
2772,0.002284841856,0.004402707317,0.0009753244173,0.01227497394,0.0174420865
2773,0.002284841856,0.004585857345,0.0009753244173,0.01226389483,0.01750278637
2774,0.002284841856,0.004633642546,0.0009753244173,0.01225282573,0.01753974225
2775,0.002284841856,0.004569982808,0.0009753244173,0.01224176661,0.01750082184
2776,0.002245124812,0.004394823759,0.001063881875,0.01223071747,0.01767284337
2777,0.002245124812,0.004250230035,0.001063881875,0.01221967831,0.01767234705
2778,0.002245124812,0.004322920538,0.001063881875,0.01220864911,0.01800785961
2779,0.002245124812,0.004612301905,0.001063881875,0.01219762987,0.01864320042
2780,0.002245124812,0.004913385522,0.001063881875,0.01218662057,0.01948846475
2781,0.002245124812,0.004833985519,0.001063881875,0.01217562121,0.01967757897
2782,0.002245124812,0.004824860617,0.001063881875,0.01216463178,0.01980452444
2783,0.002245124812,0.004992939001,0.001063881875,0.01215365226,0.01986637812
2784,0.002245124812,0.005428902744,0.001063881875,0.01214268266,0.02060346156
2785,0.002245124812,0.00527525335,0.001063881875,0.01213172295,0.02113975448
2786,0.002245124812,0.005809325698,0.001063881875,0.01212077314,0.02213009675
2787,0.002245124812,0.005666421929,0.001063881875,0.01210983321,0.02299504623
2788,0.002245124812,0.00579586929,0.001063881875,0.01209890316,0.02370229831
2789,0.002245124812,0.006323151279,0.001063881875,0.01208798297,0.0244524181
2790,0.002245124812,0.006246768705,0.001063881875,0.01207707263,0.02457709676
2791,0.002245124812,0.005448012349,0.001063881875,0.01206617215,0.02353530981
2792,0.002245124812,0.005119591607,0.001063881875,0.0120552815,0.02273306814
2793,0.002245124812,0.0056737012,0.001063881875,0.01204440068,0.02283550778
2794,0.002245124812,0.005202406475,0.001063881875,0.01203352969,0.02235848326
2795,0.002245124812,0.00515008158,0.001063881875,0.0120226685,0.02192434259
2796,0.002245124812,0.005068741121,0.001063881875,0.01201181712,0.02139607328
2797,0.002245124812,0.005206109821,0.001063881875,0.01200097553,0.02160460933
2798,0.002245124812,0.005371894359,0.001063881875,0.01199014373,0.02085857762
2799,0.002245124812,0.005247325604,0.001063881875,0.0119793217,0.02047881343
2800,0.002245124812,0.00486697318,0.001063881875,0.01196850945,0.02019927671
2801,0.002245124812,0.005168823456,0.001063881875,0.01195770695,0.02080809329
2802,0.002245124812,0.00532522297,0.001063881875,0.0119469142,0.02081583797
2803,0.002245124812,0.005533730471,0.001063881875,0.01193613119,0.02126942132
2804,0.002245124812,0.005351971723,0.001063881875,0.01192535791,0.02203455622
2805,0.002245124812,0.005387651279,0.001063881875,0.01191459436,0.02189131318
2806,0.002245124812,0.005088275608,0.001063881875,0.01190384053,0.0216212396
2807,0.002245124812,0.005054362958,0.001063881875,0.01189309639,0.02149197426
2808,0.002245124812,0.005680243,0.001063881875,0.01188236196,0.02171820146
2809,0.002245124812,0.005403746476,0.001063881875,0.01187163722,0.02199512799
2810,0.002245124812,0.005240481811,0.001063881875,0.01186092215,0.02229021289
2811,0.002245124812,0.005429276887,0.001063881875,0.01185021676,0.02233680968
2812,0.002245124812,0.005705962779,0.001063881875,0.01183952103,0.02262751359
2813,0.002245124812,0.005600763424,0.001063881875,0.01182883495,0.02231080015
2814,0.002245124812,0.005313327967,0.001063881875,0.01181815852,0.02213496003
2815,0.002245124812,0.005240277343,0.001063881875,0.01180749172,0.0214162895
2816,0.002245124812,0.004689494535,0.001063881875,0.01179683455,0.01990773872
2817,0.002245124812,0.00458153035,0.001063881875,0.011786187,0.01872821946
2818,0.002245124812,0.004617436986,0.001063881875,0.01177554906,0.01817539041
2819,0.002245124812,0.004504322939,0.001063881875,0.01176492073,0.01798344225
2820,0.002245124812,0.004389379752,0.001063881875,0.01175430198,0.01781117363
2821,0.002245124812,0.004711308718,0.001063881875,0.01174369282,0.01832668447
2822,0.002245124812,0.004590355021,0.001063881875,0.01173309324,0.01798926991
2823,0.002245124812,0.004283983963,0.001063881875,0.01172250322,0.01794345913
2824,0.002245124812,0.004274334871,0.001063881875,0.01171192276,0.0182938287
2825,0.002245124812,0.004534908695,0.001063881875,0.01170135185,0.01873440865
2826,0.002245124812,0.00436615607,0.001063881875,0.01169079048,0.01898127121
2827,0.002245124812,0.00479323144,0.001063881875,0.01168023864,0.01942213442
2828,0.002245124812,0.004670554412,0.001063881875,0.01166969633,0.01985465937
2829,0.002245124812,0.004791590757,0.001063881875,0.01165916353,0.02009875924
2830,0.002245124812,0.005312721447,0.001063881875,0.01164864024,0.0206193763
2831,0.002245124812,0.004931238592,0.001063881875,0.01163812645,0.02088915863
2832,0.002245124812,0.00508895986,0.001063881875,0.01162762215,0.02060620111
2833,0.002245124812,0.004693481759,0.001063881875,0.01161712732,0.01989416703
2834,0.002245124812,0.0045624319,0.001063881875,0.01160664197,0.01952539224
2835,0.002245124812,0.004390694987,0.001063881875,0.01159616609,0.01985829911
2836,0.002245124812,0.004717550671,0.001063881875,0.01158569966,0.02000705536
2837,0.002245124812,0.00444220295,0.001063881875,0.01157524267,0.01996346059
2838,0.002245124812,0.004552628401,0.001063881875,0.01156479513,0.02026951567
2839,0.002245124812,0.004841163679,0.001063881875,0.01155435701,0.02044272367
2840,0.002245124812,0.004712754963,0.001063881875,0.01154392832,0.02087218388
2841,0.002245124812,0.004829009939,0.001063881875,0.01153350903,0.02188999699
2842,0.002245124812,0.005046717356,0.001063881875,0.01152309916,0.02297019336
2843,0.002245124812,0.005093144727,0.001063881875,0.01151269867,0.0227760478
2844,0.002245124812,0.005069415349,0.001063881875,0.01150230758,0.02305362817
2845,0.002245124812,0.005206547189,0.001063881875,0.01149192586,0.02314801402
2846,0.002245124812,0.005059402251,0.001063881875,0.01148155352,0.02278925178
2847,0.002245124812,0.005310920826,0.001063881875,0.01147119053,0.02274633474
2848,0.002245124812,0.004993934749,0.001063881875,0.0114608369,0.02283482501
2849,0.002245124812,0.005025049185,0.001063881875,0.01145049262,0.02219344987
2850,0.002245124812,0.0054905569,0.001063881875,0.01144015767,0.02202389
2851,0.002245124812,0.005205769336,0.001063881875,0.01142983205,0.02219186398
2852,0.002245124812,0.005415242244,0.001063881875,0.01141951574,0.0223029094
2853,0.002245124812,0.004993262213,0.001063881875,0.01140920875,0.0220396516
2854,0.002245124812,0.004778013861,0.001063881875,0.01139891107,0.02179048054
2855,0.002245124812,0.005116962082,0.001063881875,0.01138862267,0.02167104486
2856,0.002245124812,0.004799058285,0.001063881875,0.01137834357,0.02154844484
2857,0.002245124812,0.004464285091,0.001063881875,0.01136807374,0.02127548565
2858,0.002245124812,0.004517413305,0.001063881875,0.01135781318,0.02047148848
2859,0.002245124812,0.004481117496,0.001063881875,0.01134756188,0.01953947379
2860,0.002245124812,0.004433223492,0.001063881875,0.01133731983,0.01816872127
2861,0.002245124812,0.004098372709,0.001063881875,0.01132708703,0.01768945319
2862,0.002245124812,0.00398511421,0.001063881875,0.01131686346,0.01781192644
2863,0.002245124812,0.004126722329,0.001063881875,0.01130664912,0.01800714039
2864,0.002245124812,0.003884618555,0.001063881875,0.011296444,0.01777748535
2865,0.002245124812,0.004186765985,0.001063881875,0.0112862481,0.01781914243
2866,0.002245124812,0.004201097755,0.001063881875,0.01127606139,0.0180336436
2867,0.002245124812,0.004089574321,0.001063881875,0.01126588388,0.01851509712
2868,0.002245124812,0.004421662141,0.001063881875,0.01125571555,0.01890599264
2869,0.002245124812,0.00442969986,0.001063881875,0.0112455564,0.01900846172
2870,0.002245124812,0.004465076479,0.001063881875,0.01123540643,0.01963080442
2871,0.002245124812,0.004432236065,0.001063881875,0.01122526561,0.01959379683
2872,0.002245124812,0.004537011978,0.001063881875,0.01121513394,0.01972288952
2873,0.002245124812,0.004524847624,0.001063881875,0.01120501142,0.01959010488
2874,0.002242490286,0.004387394902,0.001089927076,0.01119489804,0.02008967098
2875,0.002242490286,0.004489731223,0.001089927076,0.01118479378,0.02020182204
2876,0.002239310628,0.004450971842,0.001104036608,0.01117469865,0.02027596597
2877,0.002239310628,0.004606504804,0.001104036608,0.01116461262,0.01951975014
2878,0.002239310628,0.004609951556,0.001104036608,0.0111545357,0.01906732938
2879,0.002239310628,0.004513152684,0.001104036608,0.01114446788,0.01919148601
2880,0.002239310628,0.004635954439,0.001104036608,0.01113440914,0.01911442509
2881,0.002239310628,0.004187922806,0.001104036608,0.01112435948,0.01909125079
2882,0.002239310628,0.004379469955,0.001104036608,0.01111431889,0.01921617957
2883,0.002239310628,0.004660063095,0.001104036608,0.01110428736,0.01975805121
2884,0.002239310628,0.004708936324,0.001104036608,0.01109426489,0.02077304393
2885,0.002239310628,0.004750231165,0.001104036608,0.01108425147,0.02154756078
2886,0.002239310628,0.004927544788,0.001104036608,0.01107424708,0.02225156296
2887,0.002239310628,0.004848241982,0.001104036608,0.01106425172,0.02215322972
2888,0.002239310628,0.005061015352,0.001104036608,0.01105426538,0.02126930235
2889,0.002239310628,0.004759604158,0.001104036608,0.01104428806,0.02065621857
2890,0.002239310628,0.004607445559,0.001104036608,0.01103431974,0.02044529686
2891,0.002239310628,0.004552532747,0.001104036608,0.01102436042,0.02049743888
2892,0.002239310628,0.004825467437,0.001104036608,0.01101441009,0.0205665051
2893,0.002239310628,0.004853876381,0.001104036608,0.01100446873,0.02117002059
2894,0.002239310628,0.004859037705,0.001104036608,0.01099453636,0.02092974349
2895,0.002239310628,0.004733285579,0.001104036608,0.01098461294,0.0203744316
2896,0.002239310628,0.004496227436,0.001104036608,0.01097469849,0.01961216708
2897,0.002239310628,0.004305032202,0.001104036608,0.01096479298,0.0190175079
2898,0.002239310628,0.00426694909,0.001104036608,0.01095489641,0.01847874715
2899,0.002239310628,0.004372187166,0.001104036608,0.01094500877,0.01804559873
2900,0.002239310628,0.004153707056,0.001104036608,0.01093513006,0.01818252969
2901,0.002239310628,0.004020470377,0.001104036608,0.01092526027,0.0182276299
2902,0.002239310628,0.004189438013,0.001104036608,0.01091539938,0.01818870027
2903,0.002239310628,0.00428528588,0.001104036608,0.01090554739,0.01799045766
2904,0.002239310628,0.004115797964,0.001104036608,0.0108957043,0.0175915824
2905,0.002239310628,0.004208829118,0.001104036608,0.01088587009,0.01758664526
2906,0.002239310628,0.004194201893,0.001104036608,0.01087604475,0.01752422378
2907,0.002239310628,0.00426285032,0.001104036608,0.01086622829,0.01805573689
2908,0.002239310628,0.004275392635,0.001104036608,0.01085642068,0.01822986806
2909,0.002239310628,0.004382378687,0.001104036608,0.01084662193,0.01870617022
2910,0.002239310628,0.004841985327,0.001104036608,0.01083683202,0.0190997468
2911,0.002239310628,0.004811742344,0.001104036608,0.01082705095,0.0196237056
2912,0.002239310628,0.004864134735,0.001104036608,0.0108172787,0.01945395936
2913,0.002239310628,0.00469295652,0.001104036608,0.01080751528,0.01917425074
2914,0.002239310628,0.004626562813,0.001104036608,0.01079776066,0.01826234046
2915,0.002239310628,0.00415397658,0.001104036608,0.01078801485,0.01779652376
2916,0.002239310628,0.004076358327,0.001104036608,0.01077827784,0.01776502498
2917,0.002239310628,0.004067883184,0.001104036608,0.01076854962,0.01770884191
2918,0.002239310628,0.004251240604,0.001104036608,0.01075883017,0.01803433868
2919,0.002226139105,0.00416472394,0.001133575595,0.0107491195,0.01875840161
2920,0.002226139105,0.00430863593,0.001133575595,0.0107394176,0.01856546814
2921,0.002226139105,0.004356192114,0.001133575595,0.01072972445,0.01830445848
2922,0.002226139105,0.00421373041,0.001133575595,0.01072004005,0.01811317809
2923,0.002226139105,0.004192501623,0.001133575595,0.01071036439,0.01855801785
2924,0.002226139105,0.004384446537,0.001133575595,0.01070069746,0.01932015394
2925,0.002226139105,0.004417892096,0.001133575595,0.01069103926,0.0195340683
2926,0.002226139105,0.004575340106,0.001133575595,0.01068138978,0.01943033829
2927,0.002226139105,0.004416637698,0.001133575595,0.010671749,0.01876652841
2928,0.002226139105,0.00427252946,0.001133575595,0.01066211693,0.01846808394
2929,0.002226139105,0.004385765468,0.001133575595,0.01065249355,0.01840894396
2930,0.002226139105,0.004381640469,0.001133575595,0.01064287885,0.01837210698
2931,0.002226139105,0.00442747465,0.001133575595,0.01063327284,0.01862586821
2932,0.002226139105,0.004085292953,0.001133575595,0.01062367549,0.01807129486
2933,0.002226139105,0.004109270642,0.001133575595,0.01061408681,0.01710489699
2934,0.002226139105,0.003921609596,0.001133575595,0.01060450678,0.01627613029
2935,0.002226139105,0.003809126313,0.001133575595,0.0105949354,0.01627443146
2936,0.002226139105,0.003873066933,0.001133575595,0.01058537265,0.01609540526
2937,0.002226139105,0.003978868366,0.001133575595,0.01057581854,0.01612674733
2938,0.002226139105,0.003841626955,0.001133575595,0.01056627305,0.016446325
2939,0.002226139105,0.003825835965,0.001133575595,0.01055673618,0.01649117346
2940,0.002226139105,0.003965647853,0.001133575595,0.01054720792,0.0163052299
2941,0.002226139105,0.004177093247,0.001133575595,0.01053768825,0.01683451708
2942,0.002226139105,0.00418891336,0.001133575595,0.01052817718,0.01688363559
2943,0.002226139105,0.004336806166,0.001133575595,0.01051867469,0.01678640333
2944,0.002226139105,0.004214254698,0.001133575595,0.01050918078,0.01718902427
2945,0.002226139105,0.004407806548,0.001133575595,0.01049969543,0.01764416345
2946,0.002226139105,0.004299547173,0.001133575595,0.01049021865,0.01718203274
2947,0.002226139105,0.004310471875,0.001133575595,0.01048075042,0.01732999452
2948,0.002226139105,0.004281756582,0.001133575595,0.01047129074,0.01728378052
2949,0.002226139105,0.004324001162,0.001133575595,0.0104618396,0.01760925236
2950,0.002226139105,0.004230418478,0.001133575595,0.01045239698,0.01778749562
2951,0.002226139105,0.004451725177,0.001133575595,0.01044296289,0.01836209273
2952,0.002226139105,0.004623284853,0.001133575595,0.01043353731,0.01870662771
2953,0.002226139105,0.004423603311,0.001133575595,0.01042412025,0.01901465528
2954,0.002226139105,0.004579760848,0.001133575595,0.01041471168,0.01911514435
2955,0.002226139105,0.004370429848,0.001133575595,0.0104053116,0.01904798243
2956,0.002226139105,0.00434054368,0.001133575595,0.01039592001,0.01891473321
2957,0.002226139105,0.004039189244,0.001133575595,0.01038653689,0.01844442686
2958,0.002226139105,0.004148792716,0.001133575595,0.01037716224,0.01871174101
2959,0.002226139105,0.004251862451,0.001133575595,0.01036779606,0.01899413015
2960,0.002226139105,0.004156086831,0.001133575595,0.01035843832,0.01890103583
2961,0.002223885882,0.004133033329,0.001154606101,0.01034908904,0.01887966736
2962,0.002223885882,0.004098505683,0.001154606101,0.01033974819,0.01878948376
2963,0.002223885882,0.004033873898,0.001154606101,0.01033041577,0.01889085586
2964,0.002223885882,0.004445883611,0.001154606101,0.01032109178,0.01952873208
2965,0.002223885882,0.004601279018,0.001154606101,0.0103117762,0.02018076428
2966,0.002223885882,0.004479776002,0.001154606101,0.01030246903,0.02057371034
2967,0.002206662544,0.004663324233,0.001163135676,0.01029317026,0.02126478786
2968,0.002206662544,0.004621296436,0.001163135676,0.01028387988,0.02129790839
2969,0.002206662544,0.004875628452,0.001163135676,0.01027459789,0.02215133624
2970,0.002206662544,0.004978092526,0.001163135676,0.01026532428,0.02220237118
2971,0.002206662544,0.00500660531,0.001163135676,0.01025605903,0.02257342328
2972,0.002201331447,0.005359243415,0.001137620133,0.01024680215,0.02229673968
2973,0.002201331447,0.005505875598,0.001137620133,0.01023755363,0.02207604999
2974,0.002201331447,0.004809377335,0.001137620133,0.01022831345,0.02106263417
2975,0.002201331447,0.004714309601,0.001137620133,0.01021908161,0.01961979716
2976,0.002201331447,0.004315537664,0.001137620133,0.0102098581,0.01928086263
2977,0.002201331447,0.004051763103,0.001137620133,0.01020064292,0.01870584947
2978,0.002201331447,0.004059517415,0.001137620133,0.01019143606,0.01759487129
2979,0.002201331447,0.003943300974,0.001137620133,0.0101822375,0.01741870502
2980,0.002201331447,0.004271988382,0.001137620133,0.01017304725,0.01744613622
2981,0.002201331447,0.004143395798,0.001137620133,0.01016386529,0.01770429507
2982,0.002201331447,0.004445305303,0.001137620133,0.01015469162,0.0177473484
2983,0.002201331447,0.004419903383,0.001137620133,0.01014552624,0.0177334032
2984,0.002201331447,0.00445827068,0.001137620133,0.01013636912,0.01786547168
2985,0.002201331447,0.004571936463,0.001137620133,0.01012722027,0.01807851736
2986,0.002201331447,0.004288042475,0.001137620133,0.01011807967,0.01796701465
2987,0.002201331447,0.004068613526,0.001137620133,0.01010894733,0.01760757705
2988,0.002201331447,0.004322197446,0.001137620133,0.01009982323,0.01755403703
2989,0.002184228557,0.004137109106,0.001049968778,0.01009070736,0.01736473997
2990,0.002184228557,0.004088862879,0.001049968778,0.01008159972,0.01724031006
2991,0.002184228557,0.003881962074,0.001049968778,0.0100725003,0.01721861737
2992,0.002184228557,0.003955089851,0.001049968778,0.0100634091,0.01747043622
2993,0.002184228557,0.003920530307,0.001049968778,0.0100543261,0.01716588728
2994,0.002184228557,0.00393513595,0.001049968778,0.0100452513,0.0169950206
2995,0.002184228557,0.00374646116,0.001049968778,0.01003618468,0.01720965711
2996,0.002184228557,0.003717319278,0.001049968778,0.01002712626,0.01679932868
2997,0.002184228557,0.003715370526,0.001049968778,0.01001807601,0.01662574771
2998,0.002184228557,0.003793930048,0.001049968778,0.01000903392,0.01654944415
2999,0.002184228557,0.00385260003,0.001049968778,0.01,0.01626460836
3000,0.002184228557,0.00366059761,0.001049968778,0.01,0.01626229763
