gen,best_train_mse,mean_train_mse,val_mse,sigma,diversity
1,0.01541084095,0.739419871,0.01333347751,0.1498646135,0.2486087494
2,0.01541084095,0.6432724098,0.01333347751,0.1497293491,0.2688949417
3,0.01541084095,0.8047535072,0.01333347751,0.1495942069,0.2899701739
4,0.01541084095,1.162571216,0.01333347751,0.1494591866,0.3072343258
5,0.01416147957,1.250649586,0.009149694147,0.1493242882,0.3237650714
6,0.01416147957,1.279265131,0.009149694147,0.1491895116,0.3408375082
7,0.01416147957,1.41855597,0.009149694147,0.1490548566,0.3583580544
8,0.01416147957,1.421501945,0.009149694147,0.1489203231,0.3759995117
9,0.01416147957,1.675416315,0.009149694147,0.1487859111,0.3919848442
10,0.01416147957,1.675121345,0.009149694147,0.1486516204,0.4031627443
11,0.01416147957,1.407538856,0.009149694147,0.1485174509,0.4201872127
12,0.01416147957,1.653235289,0.009149694147,0.1483834025,0.4375385625
13,0.01416147957,1.756826731,0.009149694147,0.1482494751,0.4646378401
14,0.01416147957,2.603751874,0.009149694147,0.1481156685,0.4789425605
15,0.01416147957,2.202269886,0.009149694147,0.1479819827,0.4921700514
16,0.01416147957,2.156687258,0.009149694147,0.1478484176,0.5015070028
17,0.01400552639,2.083969547,0.01092973647,0.1477149731,0.5169928334
18,0.01400552639,2.599925322,0.01092973647,0.147581649,0.5389279753
19,0.01400552639,2.800778362,0.01092973647,0.1474484452,0.5272251327
20,0.01400552639,2.763198021,0.01092973647,0.1473153616,0.5527026161
21,0.01400552639,2.958726237,0.01092973647,0.1471823982,0.5659180423
22,0.01400552639,2.675528568,0.01092973647,0.1470495548,0.5825000948
23,0.01400552639,3.031473501,0.01092973647,0.1469168313,0.5992488509
24,0.01400552639,2.883522792,0.01092973647,0.1467842275,0.6121976352
25,0.01400552639,2.726838537,0.01092973647,0.1466517435,0.6190086149
26,0.01400552639,3.232142326,0.01092973647,0.146519379,0.6251265174
27,0.01400552639,2.65936891,0.01092973647,0.146387134,0.6182372723
28,0.01400552639,2.855557457,0.01092973647,0.1462550084,0.633595465
29,0.01400552639,2.886585313,0.01092973647,0.146123002,0.6363976479
30,0.01400552639,3.070245176,0.01092973647,0.1459911148,0.6317116595
31,0.01400552639,3.200082476,0.01092973647,0.1458593466,0.6490039532
32,0.01400552639,2.994538098,0.01092973647,0.1457276973,0.6649789159
33,0.01400552639,3.759485308,0.01092973647,0.1455961669,0.6880693049
34,0.01400552639,3.138429174,0.01092973647,0.1454647552,0.7090551375
35,0.01400552639,3.463337903,0.01092973647,0.145333462,0.7281836379
36,0.01400552639,2.88675311,0.01092973647,0.1452022874,0.750704821
37,0.01400552639,4.428545767,0.01092973647,0.1450712312,0.775793473
38,0.01400552639,4.19394989,0.01092973647,0.1449402933,0.7789948416
39,0.01400552639,3.235054499,0.01092973647,0.1448094735,0.7768283908
40,0.01400552639,3.48956321,0.01092973647,0.1446787718,0.8043934141
41,0.01400552639,3.168908,0.01092973647,0.1445481881,0.7828481179
42,0.01400552639,2.470890134,0.01092973647,0.1444177223,0.7711365251
43,0.01400552639,2.320596866,0.01092973647,0.1442873742,0.7783136817
44,0.01400552639,2.182162133,0.01092973647,0.1441571438,0.800585808
45,0.01400552639,2.074702852,0.01092973647,0.1440270309,0.8011456584
46,0.01400552639,1.768528457,0.01092973647,0.1438970354,0.8105001246
47,0.01400552639,2.410469641,0.01092973647,0.1437671573,0.8051593768
48,0.01400552639,2.234778129,0.01092973647,0.1436373964,0.805713219
49,0.01400552639,1.861615645,0.01092973647,0.1435077526,0.7733265962
50,0.01400552639,2.241380645,0.01092973647,0.1433782258,0.7600641166
51,0.01400552639,1.628900964,0.01092973647,0.143248816,0.7382839141
52,0.01400552639,1.703595124,0.01092973647,0.1431195229,0.717838679
53,0.01400552639,1.688397935,0.01092973647,0.1429903465,0.6951595971
54,0.01400552639,1.589953684,0.01092973647,0.1428612868,0.6822794923
55,0.01400552639,1.294409831,0.01092973647,0.1427323435,0.6742089561
56,0.01400552639,1.266152904,0.01092973647,0.1426035166,0.6790169046
57,0.01400552639,1.399769726,0.01092973647,0.1424748059,0.6811933195
58,0.01400552639,1.295928923,0.01092973647,0.1423462115,0.6749177188
59,0.01400552639,1.05640853,0.01092973647,0.1422177331,0.6636821318
60,0.01400552639,1.1248882,0.01092973647,0.1420893706,0.6536121039
61,0.01400552639,1.083365189,0.01092973647,0.1419611241,0.6488889122
62,0.01400552639,1.381739388,0.01092973647,0.1418329933,0.6502701059
63,0.01344397927,1.420508295,0.01027719195,0.1417049781,0.6735576219
64,0.01344397927,1.415036073,0.01027719195,0.1415770785,0.6789956452
65,0.01344397927,1.404675091,0.01027719195,0.1414492943,0.6973649051
66,0.01344397927,1.635201988,0.01027719195,0.1413216254,0.7227870505
67,0.01344397927,1.614556102,0.01027719195,0.1411940718,0.713696304
68,0.01278077957,1.73061201,0.01216502063,0.1410666333,0.7206782476
69,0.01278077957,2.079326945,0.01216502063,0.1409393098,0.7521148894
70,0.01278077957,1.568967574,0.01216502063,0.1408121013,0.76529451
71,0.01278077957,1.820771273,0.01216502063,0.1406850075,0.7656530878
72,0.01278077957,1.587756325,0.01216502063,0.1405580285,0.7760287757
73,0.01278077957,2.45513762,0.01216502063,0.1404311641,0.8055825877
74,0.01278077957,1.506987186,0.01216502063,0.1403044142,0.8065997365
75,0.01278077957,1.899440354,0.01216502063,0.1401777786,0.8243407175
76,0.01278077957,1.74269046,0.01216502063,0.1400512574,0.8392898224
77,0.01278077957,1.454172035,0.01216502063,0.1399248504,0.8484060369
78,0.01278077957,1.670158086,0.01216502063,0.1397985575,0.8559427587
79,0.01278077957,1.354920818,0.01216502063,0.1396723785,0.8685865251
80,0.01278077957,1.795040138,0.01216502063,0.1395463135,0.8777331645
81,0.01278077957,2.105074044,0.01216502063,0.1394203622,0.8934999862
82,0.01278077957,1.858304982,0.01216502063,0.1392945246,0.9136493604
83,0.01278077957,1.523216959,0.01216502063,0.1391688006,0.9187967345
84,0.01278077957,1.74530227,0.01216502063,0.1390431901,0.9253964562
85,0.01278077957,1.889089766,0.01216502063,0.1389176929,0.9531817801
86,0.01278077957,2.107571547,0.01216502063,0.138792309,0.9798629744
87,0.01278077957,1.537046301,0.01216502063,0.1386670383,1.016746205
88,0.01278077957,1.508603351,0.01216502063,0.1385418807,1.017388102
89,0.01278077957,1.419969775,0.01216502063,0.138416836,1.042523339
90,0.01278077957,1.911961632,0.01216502063,0.1382919041,1.043636288
91,0.01278077957,1.533414344,0.01216502063,0.1381670851,1.052454771
92,0.01278077957,1.692411031,0.01216502063,0.1380423787,1.081532
93,0.01278077957,1.473986754,0.01216502063,0.1379177848,1.104227065
94,0.01278077957,1.224465728,0.01216502063,0.1377933034,1.111210493
95,0.01264976705,1.42788819,0.01052617482,0.1376689344,1.125186521
96,0.01264976705,1.507247334,0.01052617482,0.1375446776,1.130931792
97,0.01264976705,1.300767585,0.01052617482,0.1374205329,1.12820427
98,0.01264976705,1.650908729,0.01052617482,0.1372965003,1.151035264
99,0.01264976705,1.417133222,0.01052617482,0.1371725797,1.129722507
100,0.01264976705,1.684847888,0.01052617482,0.1370487709,1.159471978
101,0.01264976705,1.357686116,0.01052617482,0.1369250739,1.154957804
102,0.01264976705,1.450118967,0.01052617482,0.1368014885,1.156656669
103,0.01264976705,1.505206009,0.01052617482,0.1366780146,1.179870842
104,0.01264976705,1.456573525,0.01052617482,0.1365546522,1.160548747
105,0.01264976705,1.479932295,0.01052617482,0.1364314011,1.111087717
106,0.01264976705,1.389227631,0.01052617482,0.1363082613,1.039446313
107,0.01239803736,0.9359214861,0.01105405537,0.1361852326,0.9560795029
108,0.01239803736,1.013138691,0.01105405537,0.136062315,0.9493980752
109,0.01239803736,0.879162044,0.01105405537,0.1359395083,0.9319507364
110,0.01239803736,0.9807742296,0.01105405537,0.1358168125,0.9462785931
111,0.01239803736,1.00726318,0.01105405537,0.1356942274,0.9502600892
112,0.01239803736,1.190439713,0.01105405537,0.1355717529,0.992788378
113,0.01239803736,1.049040021,0.01105405537,0.135449389,0.9769246704
114,0.01239803736,1.016673784,0.01105405537,0.1353271355,0.9469416288
115,0.01239803736,1.045048513,0.01105405537,0.1352049924,0.9335445728
116,0.01239803736,1.086449607,0.01105405537,0.1350829595,0.9226242724
117,0.01239803736,0.9019835347,0.01105405537,0.1349610367,0.9314398078
118,0.01239803736,0.8847070229,0.01105405537,0.134839224,0.9173918608
119,0.01239803736,1.161484182,0.01105405537,0.1347175213,0.9456575487
120,0.01239803736,0.8617274876,0.01105405537,0.1345959283,0.9480128838
121,0.01239803736,0.8602556211,0.01105405537,0.1344744452,0.9600685851
122,0.01239803736,0.9852994156,0.01105405537,0.1343530717,0.9620462072
123,0.01239803736,0.8394906734,0.01105405537,0.1342318077,0.9362850144
124,0.01239803736,0.8297260677,0.01105405537,0.1341106532,0.9592126705
125,0.01239803736,0.8865821919,0.01105405537,0.133989608,0.9679227592
126,0.01239803736,0.8956407101,0.01105405537,0.1338686721,0.9434216733
127,0.01123138413,1.005708371,0.009861283383,0.1337478453,0.954363889
128,0.01123138413,0.9187075003,0.009861283383,0.1336271276,0.9421985082
129,0.01123138413,0.7826295581,0.009861283383,0.1335065189,0.943389192
130,0.01123138413,0.8752442888,0.009861283383,0.133386019,0.9526954812
131,0.01123138413,0.8722999636,0.009861283383,0.1332656278,0.9673827266
132,0.01123138413,0.8582025243,0.009861283383,0.1331453454,0.9949483089
133,0.01123138413,0.9291064068,0.009861283383,0.1330251715,0.9972475965
134,0.01123138413,0.7271789139,0.009861283383,0.132905106,1.011791351
135,0.01123138413,0.9769887413,0.009861283383,0.132785149,1.019957001
136,0.01123138413,0.7042965684,0.009861283383,0.1326653002,0.9887857974
137,0.01123138413,0.8429193503,0.009861283383,0.1325455595,0.9632829485
138,0.01123138413,0.8056202043,0.009861283383,0.132425927,0.9579142298
139,0.01123138413,0.8342597298,0.009861283383,0.1323064024,0.9383490748
140,0.01123138413,1.015292912,0.009861283383,0.1321869857,0.926231378
141,0.01123138413,0.9149689138,0.009861283383,0.1320676768,0.8584368335
142,0.01123138413,0.6162683604,0.009861283383,0.1319484756,0.7712930074
143,0.01123138413,0.6961823969,0.009861283383,0.131829382,0.7525504782
144,0.01123138413,0.7107842676,0.009861283383,0.1317103958,0.7289578612
145,0.01123138413,0.6792472176,0.009861283383,0.1315915171,0.7324742949
146,0.01123138413,0.70914621,0.009861283383,0.1314727456,0.7367351862
147,0.01123138413,0.6344500441,0.009861283383,0.1313540814,0.7408758706
148,0.01123138413,0.6816688045,0.009861283383,0.1312355242,0.7694469568
149,0.01123138413,0.8881357202,0.009861283383,0.1311170741,0.7762354723
150,0.01123138413,0.504691446,0.009861283383,0.1309987308,0.7792123225
151,0.01123138413,0.7246663565,0.009861283383,0.1308804944,0.7944750934
152,0.01123138413,0.8507489436,0.009861283383,0.1307623647,0.7974136935
153,0.01123138413,0.5912422912,0.009861283383,0.1306443416,0.8051769769
154,0.01123138413,0.5593619561,0.009861283383,0.1305264251,0.813122047
155,0.01123138413,0.513941628,0.009861283383,0.1304086149,0.7978282682
156,0.01123138413,0.5776121788,0.009861283383,0.1302909112,0.7916674995
157,0.01123138413,0.7466441121,0.009861283383,0.1301733136,0.8054516247
158,0.01123138413,0.6224440859,0.009861283383,0.1300558222,0.8059037466
159,0.01123138413,0.5831482598,0.009861283383,0.1299384368,0.8109076297
160,0.01123138413,0.6909622261,0.009861283383,0.1298211574,0.8210671269
161,0.01123138413,0.6306399047,0.009861283383,0.1297039838,0.8202318417
162,0.01123138413,0.5237819922,0.009861283383,0.129586916,0.8239878357
163,0.01123138413,0.5564975284,0.009861283383,0.1294699539,0.827001172
164,0.01123138413,0.6539150021,0.009861283383,0.1293530973,0.8210738993
165,0.01123138413,0.6252437498,0.009861283383,0.1292363462,0.8292515806
166,0.01123138413,0.6562022343,0.009861283383,0.1291197004,0.8390723893
167,0.01123138413,0.7098743004,0.009861283383,0.12900316,0.8427627548
168,0.01123138413,0.6736721449,0.009861283383,0.1288867247,0.8639990272
169,0.01123138413,0.6143644188,0.009861283383,0.1287703946,0.8922401834
170,0.01123138413,0.8737988048,0.009861283383,0.1286541694,0.9151809854
171,0.01123138413,0.527892391,0.009861283383,0.1285380491,0.9342923688
172,0.01123138413,0.5888577201,0.009861283383,0.1284220336,0.9511198245
173,0.01123138413,0.7303972815,0.009861283383,0.1283061229,0.9691135033
174,0.01123138413,0.7234286863,0.009861283383,0.1281903168,0.9986640459
175,0.01123138413,0.719804516,0.009861283383,0.1280746152,1.032971951
176,0.01123138413,0.8749050866,0.009861283383,0.127959018,1.037092102
177,0.01123138413,0.6825004931,0.009861283383,0.1278435251,1.029630497
178,0.01123138413,0.6458223838,0.009861283383,0.1277281365,1.049612634
179,0.01123138413,0.9409253738,0.009861283383,0.1276128521,1.075278342
180,0.01123138413,0.8932244563,0.009861283383,0.1274976717,1.077112428
181,0.01123138413,0.8300978015,0.009861283383,0.1273825952,1.065917843
182,0.01123138413,0.7878212341,0.009861283383,0.1272676226,1.038735543
183,0.01123138413,0.5927859938,0.009861283383,0.1271527538,1.052324403
184,0.01123138413,0.6552649723,0.009861283383,0.1270379887,1.063338798
185,0.01123138413,0.7307997704,0.009861283383,0.1269233272,1.05540849
186,0.01123138413,0.6788819889,0.009861283383,0.1268087691,1.069940341
187,0.01123138413,0.7323084762,0.009861283383,0.1266943144,1.072883569
188,0.01123138413,1.004826414,0.009861283383,0.1265799631,1.065065678
189,0.01123138413,0.9223452217,0.009861283383,0.126465715,1.073677312
190,0.01123138413,0.8334531604,0.009861283383,0.1263515699,1.078696067
191,0.01123138413,0.9915094362,0.009861283383,0.1262375279,1.098986437
192,0.01123138413,1.163322413,0.009861283383,0.1261235889,1.109451073
193,0.01123138413,0.8348818847,0.009861283383,0.1260097526,1.116700064
194,0.01123138413,1.256019359,0.009861283383,0.1258960192,1.144273788
195,0.01123138413,0.8025251044,0.009861283383,0.1257823883,1.16679356
196,0.01123138413,0.6681392217,0.009861283383,0.1256688601,1.182892585
197,0.01123138413,0.8604835082,0.009861283383,0.1255554343,1.200259054
198,0.01123138413,0.9189197213,0.009861283383,0.1254421108,1.220455981
199,0.01123138413,1.095614329,0.009861283383,0.1253288897,1.191955813
200,0.01123138413,1.044999735,0.009861283383,0.1252157707,1.181011293
201,0.01123138413,1.019867515,0.009861283383,0.1251027539,1.168509944
202,0.01123138413,0.980660501,0.009861283383,0.124989839,1.128775272
203,0.01123138413,0.8466069109,0.009861283383,0.1248770261,1.164736939
204,0.01123138413,1.004745574,0.009861283383,0.124764315,1.13914507
205,0.01123138413,1.17095135,0.009861283383,0.1246517056,1.115349592
206,0.01123138413,1.045887478,0.009861283383,0.1245391979,1.095784346
207,0.01123138413,0.8636111032,0.009861283383,0.1244267917,1.091261801
208,0.01123138413,1.00374855,0.009861283383,0.1243144869,1.090134104
209,0.01123138413,0.8976650086,0.009861283383,0.1242022836,1.058863356
210,0.01123138413,1.118718276,0.009861283383,0.1240901815,1.055433037
211,0.01123138413,0.9151597816,0.009861283383,0.1239781805,1.073514215
212,0.01123138413,0.8078328661,0.009861283383,0.1238662807,1.062742403
213,0.01123138413,0.7501950398,0.009861283383,0.1237544819,1.083729364
214,0.01123138413,0.9334512688,0.009861283383,0.1236427839,1.057834563
215,0.01123138413,0.9050027759,0.009861283383,0.1235311868,1.057454969
216,0.01123138413,0.8396348535,0.009861283383,0.1234196904,1.065055928
217,0.01123138413,0.8266844657,0.009861283383,0.1233082947,1.063790736
218,0.01123138413,0.6862189168,0.009861283383,0.1231969995,1.032412405
219,0.01123138413,0.8140685004,0.009861283383,0.1230858047,1.020402178
220,0.01123138413,0.930937385,0.009861283383,0.1229747103,1.017103722
221,0.01123138413,0.8090135575,0.009861283383,0.1228637162,1.031317954
222,0.01123138413,0.8227863808,0.009861283383,0.1227528223,1.031024323
223,0.01123138413,0.72507907,0.009861283383,0.1226420284,1.038304576
224,0.01123138413,1.069068816,0.009861283383,0.1225313346,1.031568385
225,0.01123138413,0.8171834974,0.009861283383,0.1224207406,1.020179533
226,0.01123138413,1.011043008,0.009861283383,0.1223102465,1.026588555
227,0.01123138413,0.7155348961,0.009861283383,0.1221998521,1.041825071
228,0.01123138413,0.752604849,0.009861283383,0.1220895573,1.064461302
229,0.01123138413,0.8821454151,0.009861283383,0.1219793621,1.051742265
230,0.01123138413,0.7056668973,0.009861283383,0.1218692664,1.061124574
231,0.01123138413,0.7135932443,0.009861283383,0.12175927,1.082129889
232,0.01123138413,0.7135925286,0.009861283383,0.1216493729,1.068867985
233,0.01078901046,1.006263617,0.00789210029,0.121539575,1.045641
234,0.01078901046,0.6053840315,0.00789210029,0.1214298762,0.9967019312
235,0.01078901046,0.5550643133,0.00789210029,0.1213202764,0.949525244
236,0.009581901754,0.5650767158,0.00705022701,0.1212107755,0.9100335668
237,0.009581901754,0.6644501301,0.00705022701,0.1211013735,0.8839815895
238,0.009581901754,0.5725192035,0.00705022701,0.1209920702,0.8777247778
239,0.009581901754,0.7341936951,0.00705022701,0.1208828656,0.8612193464
240,0.009581901754,0.447584595,0.00705022701,0.1207737595,0.8145577354
241,0.009581901754,0.6258149743,0.00705022701,0.1206647519,0.817775066
242,0.009581901754,0.694855679,0.00705022701,0.1205558427,0.8498167225
243,0.009581901754,0.6817244575,0.00705022701,0.1204470318,0.8690957731
244,0.009581901754,0.7019226892,0.00705022701,0.1203383191,0.9045334711
245,0.009581901754,0.6534844733,0.00705022701,0.1202297045,0.921391458
246,0.009581901754,0.679762493,0.00705022701,0.120121188,0.904140639
247,0.009581901754,0.6643200613,0.00705022701,0.1200127694,0.9010780432
248,0.009581901754,0.5637990329,0.00705022701,0.1199044486,0.8879389998
249,0.009581901754,0.6137029983,0.00705022701,0.1197962256,0.8797748578
250,0.009581901754,0.5563626364,0.00705022701,0.1196881003,0.8765174893
251,0.009581901754,0.6321944682,0.00705022701,0.1195800726,0.8792221675
252,0.009581901754,0.6744822755,0.00705022701,0.1194721424,0.907559123
253,0.009581901754,0.7441983026,0.00705022701,0.1193643096,0.9180212226
254,0.009581901754,0.6958766812,0.00705022701,0.1192565742,0.9344524803
255,0.009581901754,0.9073201519,0.00705022701,0.119148936,0.9561797877
256,0.009581901754,0.7770771029,0.00705022701,0.1190413949,0.9610295105
257,0.009581901754,0.7027891289,0.00705022701,0.1189339509,0.9324617533
258,0.009581901754,0.6905132778,0.00705022701,0.1188266039,0.9472372687
259,0.009581901754,0.6929525705,0.00705022701,0.1187193537,0.9310933876
260,0.009581901754,0.512026945,0.00705022701,0.1186122004,0.9347002112
261,0.009581901754,0.8632790972,0.00705022701,0.1185051438,0.9325572355
262,0.009581901754,0.8705027651,0.00705022701,0.1183981838,0.9596188571
263,0.009581901754,1.029894304,0.00705022701,0.1182913203,0.9492572573
264,0.009581901754,0.8152653659,0.00705022701,0.1181845533,0.9606963997
265,0.009581901754,0.9201772654,0.00705022701,0.1180778827,0.9582223112
266,0.009581901754,0.72970719,0.00705022701,0.1179713083,0.9344522289
267,0.009581901754,0.5605979772,0.00705022701,0.1178648301,0.9259921125
268,0.009581901754,0.5642337279,0.00705022701,0.1177584481,0.9222956629
269,0.009581901754,0.6150925029,0.00705022701,0.117652162,0.9122167842
270,0.009581901754,0.5640747071,0.00705022701,0.1175459719,0.9064352248
271,0.009581901754,0.5882424438,0.00705022701,0.1174398776,0.8934663332
272,0.009581901754,0.6005473932,0.00705022701,0.1173338791,0.9031029096
273,0.009581901754,0.5895896577,0.00705022701,0.1172279763,0.9014241779
274,0.009581901754,0.6851727035,0.00705022701,0.117122169,0.9147051368
275,0.009581901754,0.7431963179,0.00705022701,0.1170164573,0.8974135179
276,0.009581901754,0.7125303047,0.00705022701,0.1169108409,0.8720318918
277,0.009581901754,0.5417630627,0.00705022701,0.1168053199,0.8690231939
278,0.009581901754,0.6391176771,0.00705022701,0.1166998941,0.8914196856
279,0.009581901754,0.665653864,0.00705022701,0.1165945635,0.9118251743
280,0.009581901754,0.796933638,0.00705022701,0.116489328,0.9326133354
281,0.009581901754,0.8186190713,0.00705022701,0.1163841874,0.9551293171
282,0.009581901754,0.862361599,0.00705022701,0.1162791417,0.9378554771
283,0.009581901754,0.8234197724,0.00705022701,0.1161741909,0.9340847927
284,0.009581901754,0.5413058955,0.00705022701,0.1160693347,0.9081923271
285,0.009581901754,0.6214190993,0.00705022701,0.1159645733,0.8735760468
286,0.009581901754,0.6212617906,0.00705022701,0.1158599063,0.8827181068
287,0.009581901754,0.5801419932,0.00705022701,0.1157553339,0.9027614512
288,0.009581901754,0.6805842154,0.00705022701,0.1156508558,0.8813100561
289,0.009581901754,0.5617706147,0.00705022701,0.115546472,0.8563945441
290,0.009581901754,0.7410871315,0.00705022701,0.1154421824,0.8686564064
291,0.009581901754,0.49181545,0.00705022701,0.115337987,0.8650431233
292,0.009581901754,0.534669931,0.00705022701,0.1152338856,0.8685430485
293,0.009581901754,0.8455270402,0.00705022701,0.1151298781,0.8511137811
294,0.009581901754,0.8520334104,0.00705022701,0.1150259646,0.8599473752
295,0.009581901754,0.7240629441,0.00705022701,0.1149221448,0.8181607022
296,0.009189289597,0.7212130694,0.008522617853,0.1148184188,0.8127974658
297,0.009189289597,0.5752848677,0.008522617853,0.1147147863,0.8117810623
298,0.009189289597,0.5988369206,0.008522617853,0.1146112474,0.8132617171
299,0.009189289597,0.6099346392,0.008522617853,0.1145078019,0.787598128
300,0.009189289597,0.5211130257,0.008522617853,0.1144044499,0.788924515
301,0.009189289597,0.5715892295,0.008522617853,0.1143011911,0.8200475503
302,0.009189289597,0.5665405301,0.008522617853,0.1141980254,0.8208731648
303,0.009189289597,0.6406428577,0.008522617853,0.114094953,0.805964112
304,0.009004747269,0.6867084325,0.00793950552,0.1139919735,0.8146418884
305,0.009004747269,0.5438483641,0.00793950552,0.113889087,0.8104642744
306,0.009004747269,0.9561343641,0.00793950552,0.1137862933,0.817887754
307,0.009004747269,0.6753810565,0.00793950552,0.1136835925,0.7987278165
308,0.009004747269,0.6785346573,0.00793950552,0.1135809843,0.7851759045
309,0.009004747269,0.5442678012,0.00793950552,0.1134784687,0.7874254693
310,0.009004747269,0.5628527902,0.00793950552,0.1133760457,0.769090573
311,0.009004747269,0.7266627432,0.00793950552,0.1132737151,0.7463246331
312,0.009004747269,0.5715044927,0.00793950552,0.1131714769,0.7122148349
313,0.009004747269,0.6166409025,0.00793950552,0.1130693309,0.7273411165
314,0.009004747269,0.6108326438,0.00793950552,0.1129672771,0.7263798589
315,0.009004747269,0.618429193,0.00793950552,0.1128653155,0.7138028365
316,0.009004747269,0.5407320284,0.00793950552,0.1127634459,0.7089474533
317,0.009004747269,0.754090179,0.00793950552,0.1126616682,0.7215839908
318,0.009004747269,0.5508893245,0.00793950552,0.1125599824,0.7202675334
319,0.009004747269,0.6483525717,0.00793950552,0.1124583884,0.7246860417
320,0.009004747269,0.7609202722,0.00793950552,0.112356886,0.732002085
321,0.009004747269,0.7667331219,0.00793950552,0.1122554753,0.7417741851
322,0.009004747269,0.7613160717,0.00793950552,0.1121541561,0.7297985408
323,0.009004747269,0.5841609202,0.00793950552,0.1120529284,0.7149618282
324,0.009004747269,0.7168467728,0.00793950552,0.111951792,0.7048852905
325,0.009004747269,0.6937008057,0.00793950552,0.1118507469,0.7064279987
326,0.009004747269,0.6833900378,0.00793950552,0.111749793,0.7291701943
327,0.009004747269,0.6764530751,0.00793950552,0.1116489302,0.7318640234
328,0.009004747269,0.6698820855,0.00793950552,0.1115481585,0.757942306
329,0.009004747269,0.6458352481,0.00793950552,0.1114474777,0.7714331855
330,0.009004747269,0.7868862032,0.00793950552,0.1113468878,0.7720073467
331,0.009004747269,0.8485951827,0.00793950552,0.1112463887,0.7480680029
332,0.009004747269,0.8336269151,0.00793950552,0.1111459803,0.7651463244
333,0.009004747269,0.9280906262,0.00793950552,0.1110456625,0.7877266862
334,0.009004747269,0.729679322,0.00793950552,0.1109454352,0.7807063231
335,0.009004747269,0.9661428926,0.00793950552,0.1108452985,0.7940862126
336,0.009004747269,0.744705706,0.00793950552,0.1107452521,0.8092349294
337,0.009004747269,0.8008366165,0.00793950552,0.110645296,0.8157438298
338,0.009004747269,0.5198613533,0.00793950552,0.1105454301,0.8007016481
339,0.009004747269,0.6886241415,0.00793950552,0.1104456543,0.7998787256
340,0.009004747269,0.6998437933,0.00793950552,0.1103459687,0.7779782403
341,0.009004747269,0.7635134965,0.00793950552,0.1102463729,0.7558735239
342,0.009004747269,0.5538996597,0.00793950552,0.1101468671,0.7746073524
343,0.009004747269,0.6291547851,0.00793950552,0.1100474511,0.7814138669
344,0.009004747269,1.020229099,0.00793950552,0.1099481248,0.8101248275
345,0.009004747269,0.6703506638,0.00793950552,0.1098488882,0.8373458894
346,0.009004747269,0.814105032,0.00793950552,0.1097497411,0.8389217949
347,0.009004747269,0.7591213836,0.00793950552,0.1096506836,0.8573266702
348,0.009004747269,0.7426911641,0.00793950552,0.1095517154,0.8513236014
349,0.009004747269,0.6652220349,0.00793950552,0.1094528366,0.8154236927
350,0.009004747269,0.7214912667,0.00793950552,0.109354047,0.8077403381
351,0.009004747269,0.6615254712,0.00793950552,0.1092553465,0.8131236393
352,0.009004747269,0.8293874164,0.00793950552,0.1091567352,0.8141374174
353,0.009004747269,0.9940817773,0.00793950552,0.1090582129,0.8068093982
354,0.009004747269,0.8682661661,0.00793950552,0.1089597794,0.796443666
355,0.009004747269,0.8833672469,0.00793950552,0.1088614349,0.7990479574
356,0.009004747269,0.8255641052,0.00793950552,0.1087631791,0.7781593118
357,0.009004747269,0.6796384004,0.00793950552,0.1086650119,0.7574147639
358,0.009004747269,0.6486401346,0.00793950552,0.1085669334,0.7697148265
359,0.009004747269,0.5889409866,0.00793950552,0.1084689434,0.7598279022
360,0.009004747269,0.5227806123,0.00793950552,0.1083710419,0.75227545
361,0.009004747269,0.6374529223,0.00793950552,0.1082732287,0.7728907377
362,0.009004747269,0.6205233298,0.00793950552,0.1081755038,0.769123326
363,0.009004747269,0.7553921997,0.00793950552,0.1080778671,0.7577492819
364,0.009004747269,0.6032733039,0.00793950552,0.1079803185,0.7707053187
365,0.008557471384,0.6416561373,0.007583429862,0.107882858,0.7727158257
366,0.008557471384,0.7274660961,0.007583429862,0.1077854854,0.783537099
367,0.008557471384,0.6634994619,0.007583429862,0.1076882007,0.7923445984
368,0.008557471384,0.7275353166,0.007583429862,0.1075910038,0.8064775697
369,0.008557471384,0.778406271,0.007583429862,0.1074938947,0.8256409385
370,0.008557471384,0.8000561515,0.007583429862,0.1073968732,0.8304392576
371,0.008557471384,0.556470547,0.007583429862,0.1072999393,0.8280009897
372,0.008557471384,0.6703259792,0.007583429862,0.1072030928,0.8442626631
373,0.008163224025,0.6749537808,0.006639382508,0.1071063338,0.8412563217
374,0.008163224025,0.6623447685,0.006639382508,0.1070096621,0.8564364123
375,0.008163224025,0.5230471458,0.006639382508,0.1069130777,0.8402995985
376,0.008163224025,0.6199115164,0.006639382508,0.1068165804,0.8258376458
377,0.008163224025,0.4908622728,0.006639382508,0.1067201702,0.8216525653
378,0.008163224025,0.5583889875,0.006639382508,0.1066238471,0.8081280265
379,0.008163224025,0.4824005926,0.006639382508,0.1065276108,0.8190083378
380,0.008163224025,0.5291539159,0.006639382508,0.1064314615,0.8218827046
381,0.008163224025,0.5475518082,0.006639382508,0.1063353989,0.8217512534
382,0.008163224025,0.4668116735,0.006639382508,0.1062394231,0.8262283708
383,0.008163224025,0.6089408184,0.006639382508,0.1061435338,0.8054970461
384,0.008163224025,0.5223221008,0.006639382508,0.1060477311,0.8048267459
385,0.008163224025,0.5397985205,0.006639382508,0.1059520149,0.8142567721
386,0.008163224025,0.5517521397,0.006639382508,0.1058563851,0.8130957366
387,0.006625613434,0.4641031691,0.004246136322,0.1057608415,0.8228280193
388,0.006625613434,0.5395343286,0.004246136322,0.1056653843,0.8203829957
389,0.006625613434,0.6199910942,0.004246136322,0.1055700131,0.8186225638
390,0.006625613434,0.5655446672,0.004246136322,0.1054747281,0.794546648
391,0.006625613434,0.5306973334,0.004246136322,0.105379529,0.785058093
392,0.006625613434,0.5170004558,0.004246136322,0.1052844159,0.7856030413
393,0.006291098974,0.563560041,0.004162277831,0.1051893886,0.7818977002
394,0.006291098974,0.4977366121,0.004162277831,0.1050944471,0.794496821
395,0.006291098974,0.7551125685,0.004162277831,0.1049995913,0.806421264
396,0.006291098974,0.5033343661,0.004162277831,0.1049048211,0.8096767794
397,0.006291098974,0.6863460283,0.004162277831,0.1048101365,0.8021350702
398,0.006291098974,0.5300004801,0.004162277831,0.1047155373,0.8065517494
399,0.006291098974,0.5611313366,0.004162277831,0.1046210234,0.8010655294
400,0.006291098974,0.4773434649,0.004162277831,0.1045265949,0.7793138347
401,0.006291098974,0.5667874065,0.004162277831,0.1044322517,0.7999807496
402,0.006291098974,0.466187636,0.004162277831,0.1043379935,0.7921085969
403,0.006291098974,0.5573492389,0.004162277831,0.1042438205,0.799078146
404,0.006291098974,0.4169238681,0.004162277831,0.1041497324,0.7785461021
405,0.006108428639,0.4345882107,0.00433822812,0.1040557293,0.7766903292
406,0.006108428639,0.4826556292,0.00433822812,0.103961811,0.7647911852
407,0.006108428639,0.4538201364,0.00433822812,0.1038679775,0.7592106507
408,0.006108428639,0.4502229839,0.00433822812,0.1037742286,0.7713189422
409,0.006108428639,0.4104531245,0.00433822812,0.1036805644,0.7893408513
410,0.006108428639,0.371134792,0.00433822812,0.1035869847,0.7905633443
411,0.006108428639,0.3573219644,0.00433822812,0.1034934895,0.773724925
412,0.006108428639,0.5355695337,0.00433822812,0.1034000787,0.7879953051
413,0.006108428639,0.521290761,0.00433822812,0.1033067522,0.7854431876
414,0.006076013928,0.5593292052,0.004114972748,0.1032135099,0.7602865889
415,0.006076013928,0.4330606925,0.004114972748,0.1031203518,0.7733123045
416,0.006076013928,0.5091518924,0.004114972748,0.1030272778,0.7929096859
417,0.006076013928,0.4918619392,0.004114972748,0.1029342877,0.7908984834
418,0.006076013928,0.4491174907,0.004114972748,0.1028413816,0.7892676756
419,0.006076013928,0.5833041874,0.004114972748,0.1027485594,0.7790078087
420,0.006076013928,0.5823433697,0.004114972748,0.1026558209,0.7771237085
421,0.006076013928,0.6323433608,0.004114972748,0.1025631661,0.7497337991
422,0.006076013928,0.5302812978,0.004114972748,0.102470595,0.7564416887
423,0.006076013928,0.4611554558,0.004114972748,0.1023781074,0.760115977
424,0.006076013928,0.4657209432,0.004114972748,0.1022857033,0.7722327272
425,0.006076013928,0.5447361347,0.004114972748,0.1021933826,0.768533824
426,0.006076013928,0.5989505464,0.004114972748,0.1021011452,0.7798356895
427,0.006076013928,0.4784095482,0.004114972748,0.1020089911,0.7906774297
428,0.006076013928,0.5342183609,0.004114972748,0.1019169201,0.7849176074
429,0.006076013928,0.7088173417,0.004114972748,0.1018249323,0.7913649687
430,0.006076013928,0.5627809681,0.004114972748,0.1017330275,0.8112764544
431,0.006076013928,0.5832709579,0.004114972748,0.1016412056,0.8223130075
432,0.006076013928,0.6709689502,0.004114972748,0.1015494666,0.8402219562
433,0.006076013928,0.5176281088,0.004114972748,0.1014578104,0.8326534161
434,0.006076013928,0.4608192302,0.004114972748,0.1013662369,0.8395707516
435,0.006076013928,0.6817372091,0.004114972748,0.1012747461,0.8536271477
436,0.006076013928,0.6699569607,0.004114972748,0.1011833379,0.8380041442
437,0.006076013928,0.698082695,0.004114972748,0.1010920121,0.8194223921
438,0.006076013928,0.6065511114,0.004114972748,0.1010007688,0.8171638721
439,0.006076013928,0.5219639029,0.004114972748,0.1009096079,0.8257617245
440,0.006076013928,0.5961096009,0.004114972748,0.1008185292,0.803492445
441,0.006076013928,0.600817561,0.004114972748,0.1007275327,0.8142254516
442,0.006076013928,0.5489268616,0.004114972748,0.1006366184,0.8087308884
443,0.006076013928,0.413110091,0.004114972748,0.1005457861,0.8190592413
444,0.006076013928,0.5670787293,0.004114972748,0.1004550358,0.8442695372
445,0.006076013928,0.6244114482,0.004114972748,0.1003643674,0.8436557819
446,0.006076013928,0.5994863991,0.004114972748,0.1002737809,0.8312305199
447,0.006076013928,0.7076019918,0.004114972748,0.1001832761,0.8473068982
448,0.006076013928,0.7600175313,0.004114972748,0.100092853,0.8437774947
449,0.006076013928,0.712773169,0.004114972748,0.1000025115,0.8450595355
450,0.006076013928,0.7582262416,0.004114972748,0.09991225155,0.8457185214
451,0.006076013928,0.5884745754,0.004114972748,0.09982207307,0.861446294
452,0.006076013928,0.7225030555,0.004114972748,0.09973197598,0.8748281889
453,0.006076013928,0.5146340254,0.004114972748,0.09964196021,0.865446355
454,0.006076013928,0.6132091368,0.004114972748,0.09955202568,0.8707367789
455,0.006076013928,0.6028073709,0.004114972748,0.09946217233,0.8787824282
456,0.006076013928,0.7968911364,0.004114972748,0.09937240008,0.8911536998
457,0.006076013928,0.6011526634,0.004114972748,0.09928270885,0.9035785981
458,0.006076013928,0.5482611877,0.004114972748,0.09919309858,0.9002396809
459,0.006076013928,0.6293362978,0.004114972748,0.09910356919,0.9109300955
460,0.006076013928,0.601743783,0.004114972748,0.0990141206,0.9058234701
461,0.006076013928,0.6298176462,0.004114972748,0.09892475275,0.9042608623
462,0.006076013928,0.8197186977,0.004114972748,0.09883546556,0.8834910413
463,0.006076013928,0.4863999613,0.004114972748,0.09874625896,0.8797800979
464,0.006076013928,0.5656477352,0.004114972748,0.09865713288,0.8954315202
465,0.006076013928,0.6095480084,0.004114972748,0.09856808723,0.8998661636
466,0.006076013928,0.650050842,0.004114972748,0.09847912196,0.8880420707
467,0.006076013928,0.6051699887,0.004114972748,0.09839023699,0.8618773498
468,0.006076013928,0.7213561371,0.004114972748,0.09830143224,0.8530986113
469,0.006076013928,0.6071063937,0.004114972748,0.09821270765,0.8547510977
470,0.006076013928,0.7793992361,0.004114972748,0.09812406313,0.8834544333
471,0.006076013928,0.6189536535,0.004114972748,0.09803549863,0.8670012873
472,0.006076013928,0.5680579671,0.004114972748,0.09794701406,0.8504277136
473,0.006076013928,0.4998105462,0.004114972748,0.09785860935,0.8560368827
474,0.006076013928,0.5423189585,0.004114972748,0.09777028444,0.8417583317
475,0.006076013928,0.4717662666,0.004114972748,0.09768203925,0.8100904291
476,0.006076013928,0.4007163868,0.004114972748,0.0975938737,0.7788781759
477,0.006076013928,0.5937248911,0.004114972748,0.09750578773,0.7866396111
478,0.006076013928,0.4193903803,0.004114972748,0.09741778127,0.795634034
479,0.006076013928,0.7519214406,0.004114972748,0.09732985424,0.7885842807
480,0.006076013928,0.6617264329,0.004114972748,0.09724200657,0.7869666073
481,0.006076013928,0.5854942506,0.004114972748,0.09715423818,0.8054412168
482,0.006076013928,0.6597803439,0.004114972748,0.09706654902,0.7997400061
483,0.006076013928,0.5485145716,0.004114972748,0.096978939,0.7791935994
484,0.006076013928,0.3989395576,0.004114972748,0.09689140806,0.7577476719
485,0.006076013928,0.4055493463,0.004114972748,0.09680395612,0.7786098509
486,0.006076013928,0.4551421686,0.004114972748,0.09671658311,0.777404809
487,0.006076013928,0.4174902925,0.004114972748,0.09662928896,0.7652159717
488,0.006076013928,0.4001442453,0.004114972748,0.09654207361,0.7620647653
489,0.006076013928,0.3846700686,0.004114972748,0.09645493697,0.7532511695
490,0.006076013928,0.4820746934,0.004114972748,0.09636787898,0.7752630252
491,0.006076013928,0.4233993293,0.004114972748,0.09628089956,0.7791481034
492,0.006076013928,0.5383412662,0.004114972748,0.09619399865,0.7884541943
493,0.006076013928,0.5589813584,0.004114972748,0.09610717618,0.8002072172
494,0.006076013928,0.437421798,0.004114972748,0.09602043207,0.8099924708
495,0.006076013928,0.4374308176,0.004114972748,0.09593376625,0.8323103483
496,0.006076013928,0.5784043768,0.004114972748,0.09584717866,0.8295735694
497,0.006076013928,0.5348753748,0.004114972748,0.09576066922,0.840692124
498,0.006076013928,0.5228762098,0.004114972748,0.09567423786,0.8676135802
499,0.006076013928,0.5471902472,0.004114972748,0.09558788451,0.8726550705
500,0.006076013928,0.5582881397,0.004114972748,0.0955016091,0.8737048972
501,0.006076013928,0.4831921498,0.004114972748,0.09541541156,0.8648525691
502,0.006076013928,0.7092423856,0.004114972748,0.09532929182,0.8884518012
503,0.006076013928,0.5482384685,0.004114972748,0.09524324981,0.893105056
504,0.006076013928,0.7967315211,0.004114972748,0.09515728546,0.8803082608
505,0.006076013928,0.9924332884,0.004114972748,0.0950713987,0.885968365
506,0.006076013928,0.6147800147,0.004114972748,0.09498558945,0.8764957919
507,0.006076013928,0.4832637608,0.004114972748,0.09489985766,0.8747394524
508,0.006076013928,0.6388083932,0.004114972748,0.09481420325,0.884387337
509,0.006076013928,0.5895338215,0.004114972748,0.09472862615,0.8865553018
510,0.006076013928,0.6065213616,0.004114972748,0.09464312628,0.8794922049
511,0.006076013928,0.5453435255,0.004114972748,0.09455770359,0.8518148917
512,0.006076013928,0.469515498,0.004114972748,0.094472358,0.8590773765
513,0.006076013928,0.6311913379,0.004114972748,0.09438708944,0.8358032575
514,0.006076013928,0.5221295625,0.004114972748,0.09430189784,0.8716402505
515,0.006076013928,0.6092834502,0.004114972748,0.09421678313,0.8754497746
516,0.006076013928,0.5761833558,0.004114972748,0.09413174525,0.8780211302
517,0.006076013928,0.6802767423,0.004114972748,0.09404678411,0.8619230241
518,0.006076013928,0.6811285402,0.004114972748,0.09396189967,0.864032893
519,0.006076013928,0.4707494342,0.004114972748,0.09387709183,0.8245542927
520,0.006076013928,0.5042190057,0.004114972748,0.09379236054,0.8200066928
521,0.006076013928,0.4446740391,0.004114972748,0.09370770573,0.8032108286
522,0.006076013928,0.4675003623,0.004114972748,0.09362312733,0.7980351712
523,0.006076013928,0.4647104405,0.004114972748,0.09353862526,0.7999714184
524,0.006076013928,0.4844802546,0.004114972748,0.09345419947,0.8117433109
525,0.006076013928,0.4093793088,0.004114972748,0.09336984987,0.7746812959
526,0.006076013928,0.2841365049,0.004114972748,0.09328557641,0.7689438727
527,0.006076013928,0.2530473926,0.004114972748,0.09320137901,0.7861224115
528,0.006076013928,0.4066850752,0.004114972748,0.09311725761,0.7917680609
529,0.006076013928,0.4389319374,0.004114972748,0.09303321213,0.7819866907
530,0.006076013928,0.3735852667,0.004114972748,0.09294924251,0.7668962864
531,0.006076013928,0.3889638671,0.004114972748,0.09286534867,0.7723436566
532,0.006076013928,0.407561863,0.004114972748,0.09278153056,0.7857124109
533,0.006076013928,0.4482967241,0.004114972748,0.0926977881,0.793679889
534,0.006076013928,0.4771357154,0.004114972748,0.09261412123,0.7952475873
535,0.006076013928,0.4408226982,0.004114972748,0.09253052987,0.8074583407
536,0.006076013928,0.3601939174,0.004114972748,0.09244701396,0.814241481
537,0.006076013928,0.4024496679,0.004114972748,0.09236357342,0.813818739
538,0.006076013928,0.4425410649,0.004114972748,0.0922802082,0.817592612
539,0.006076013928,0.3921165362,0.004114972748,0.09219691822,0.8316932079
540,0.006076013928,0.6148153245,0.004114972748,0.09211370342,0.8373831126
541,0.006076013928,0.4297595798,0.004114972748,0.09203056373,0.8560904259
542,0.006076013928,0.3906711085,0.004114972748,0.09194749907,0.8739599383
543,0.006076013928,0.3630673203,0.004114972748,0.09186450939,0.8886868389
544,0.006076013928,0.4491039374,0.004114972748,0.09178159461,0.8923005644
545,0.006076013928,0.487053646,0.004114972748,0.09169875467,0.8767344097
546,0.006076013928,0.4363823179,0.004114972748,0.0916159895,0.8858898024
547,0.006076013928,0.5807967709,0.004114972748,0.09153329903,0.8852871872
548,0.006076013928,0.6289907532,0.004114972748,0.0914506832,0.889489214
549,0.006076013928,0.6300695621,0.004114972748,0.09136814193,0.888058357
550,0.006076013928,0.4710870307,0.004114972748,0.09128567516,0.892470316
551,0.006076013928,0.5598051713,0.004114972748,0.09120328283,0.924722224
552,0.006065922719,0.406750338,0.004039403117,0.09112096486,0.9186527299
553,0.006065922719,0.5116911966,0.004039403117,0.09103872119,0.9191000501
554,0.006065922719,0.5681346098,0.004039403117,0.09095655175,0.9345387966
555,0.006065922719,0.5817229705,0.004039403117,0.09087445647,0.9160915706
556,0.006065922719,0.5380284035,0.004039403117,0.09079243529,0.9121740576
557,0.006065922719,0.4995353458,0.004039403117,0.09071048814,0.9073950394
558,0.006065922719,0.543784197,0.004039403117,0.09062861496,0.898841898
559,0.006065922719,0.5168422598,0.004039403117,0.09054681567,0.8964425734
560,0.006065922719,0.5639967364,0.004039403117,0.09046509021,0.9112169764
561,0.006065922719,0.5547639004,0.004039403117,0.09038343852,0.9411172324
562,0.006065922719,0.5585170747,0.004039403117,0.09030186052,0.9380995256
563,0.006065922719,0.5415636285,0.004039403117,0.09022035616,0.9376807969
564,0.006065922719,0.6314048335,0.004039403117,0.09013892535,0.9208623907
565,0.006065922719,0.4875996471,0.004039403117,0.09005756805,0.8922452401
566,0.006065922719,0.5436864212,0.004039403117,0.08997628417,0.8886065879
567,0.006065922719,0.6567564239,0.004039403117,0.08989507367,0.9083060239
568,0.006065922719,0.5259438651,0.004039403117,0.08981393645,0.9180677312
569,0.006065922719,0.6371749283,0.004039403117,0.08973287248,0.9432899838
570,0.006065922719,0.4928631493,0.004039403117,0.08965188167,0.9050145281
571,0.006065922719,0.5076634735,0.004039403117,0.08957096395,0.8566347185
572,0.006065922719,0.4098290896,0.004039403117,0.08949011928,0.8289292828
573,0.006065922719,0.5004662507,0.004039403117,0.08940934757,0.8251042805
574,0.006065922719,0.548858813,0.004039403117,0.08932864877,0.8395143835
575,0.006065922719,0.6246159379,0.004039403117,0.0892480228,0.8178012897
576,0.006065922719,0.5159382731,0.004039403117,0.0891674696,0.8207082794
577,0.006065922719,0.4089345933,0.004039403117,0.08908698911,0.8172198142
578,0.006065922719,0.4544205407,0.004039403117,0.08900658126,0.7961777412
579,0.006065922719,0.4925149614,0.004039403117,0.08892624598,0.7885685214
580,0.006065922719,0.4983862901,0.004039403117,0.08884598321,0.7781704045
581,0.006065922719,0.4334518457,0.004039403117,0.08876579288,0.7649074878
582,0.006065922719,0.3872938579,0.004039403117,0.08868567494,0.7711264367
583,0.006065922719,0.4706111325,0.004039403117,0.0886056293,0.7772599082
584,0.006065922719,0.4461792614,0.004039403117,0.08852565591,0.794278283
585,0.006065922719,0.4780473903,0.004039403117,0.08844575471,0.7872177293
586,0.006065922719,0.5894172943,0.004039403117,0.08836592562,0.7679141285
587,0.006065922719,0.5080894448,0.004039403117,0.08828616858,0.7515809959
588,0.006065922719,0.3065998698,0.004039403117,0.08820648353,0.7255858265
589,0.006065922719,0.3453824067,0.004039403117,0.0881268704,0.737093979
590,0.006065922719,0.3175311957,0.004039403117,0.08804732913,0.7200230424
591,0.006065922719,0.3251389025,0.004039403117,0.08796785965,0.7159547015
592,0.006065922719,0.4277414411,0.004039403117,0.0878884619,0.7050775402
593,0.006065922719,0.4875268342,0.004039403117,0.08780913581,0.6858567921
594,0.006065922719,0.3089329865,0.004039403117,0.08772988132,0.7098667348
595,0.006065922719,0.2876791929,0.004039403117,0.08765069836,0.7049030626
596,0.006065922719,0.3224055655,0.004039403117,0.08757158687,0.6971575892
597,0.006065922719,0.3824085318,0.004039403117,0.08749254679,0.7185970361
598,0.006065922719,0.4128407572,0.004039403117,0.08741357804,0.7109066461
599,0.006065922719,0.3572327645,0.004039403117,0.08733468057,0.7062666023
600,0.006065922719,0.4431691364,0.004039403117,0.08725585431,0.7195610153
601,0.006065922719,0.3784025841,0.004039403117,0.0871770992,0.7305872715
602,0.006065922719,0.3949190514,0.004039403117,0.08709841517,0.7552447729
603,0.006065922719,0.4240358498,0.004039403117,0.08701980216,0.7505212871
604,0.006065922719,0.5398307484,0.004039403117,0.0869412601,0.7667760627
605,0.006065922719,0.4862091603,0.004039403117,0.08686278894,0.7651045523
606,0.006065922719,0.4037514496,0.004039403117,0.0867843886,0.7566479211
607,0.006065922719,0.4200892287,0.004039403117,0.08670605902,0.7524510611
608,0.006065922719,0.3800903619,0.004039403117,0.08662780014,0.7603573118
609,0.006065922719,0.4145967097,0.004039403117,0.08654961189,0.7770766995
610,0.006065922719,0.3359637122,0.004039403117,0.08647149422,0.7739710115
611,0.006065922719,0.3992194128,0.004039403117,0.08639344705,0.7747119397
612,0.006065922719,0.4003537262,0.004039403117,0.08631547033,0.7789539482
613,0.006065922719,0.4053715039,0.004039403117,0.08623756399,0.7921739654
614,0.006065922719,0.4321070829,0.004039403117,0.08615972796,0.7986715952
615,0.006065922719,0.4451412353,0.004039403117,0.08608196219,0.8166183963
616,0.006065922719,0.4669637186,0.004039403117,0.0860042666,0.8252538715
617,0.006065922719,0.4141581119,0.004039403117,0.08592664114,0.8326690175
618,0.006065922719,0.2712520609,0.004039403117,0.08584908575,0.8249107138
619,0.006065922719,0.3666079609,0.004039403117,0.08577160035,0.8234955078
620,0.006065922719,0.3201232838,0.004039403117,0.08569418489,0.8272642738
621,0.006065922719,0.4843482207,0.004039403117,0.08561683931,0.8359585789
622,0.006065922719,0.3387943716,0.004039403117,0.08553956353,0.8460691986
623,0.006065922719,0.3813737243,0.004039403117,0.08546235751,0.8363228959
624,0.006065922719,0.5597259458,0.004039403117,0.08538522116,0.8493234928
625,0.006065922719,0.5189532892,0.004039403117,0.08530815444,0.8643267566
626,0.006065922719,0.4515162969,0.004039403117,0.08523115728,0.8545416791
627,0.006065922719,0.4270795347,0.004039403117,0.08515422961,0.8579954084
628,0.006065922719,0.3153950159,0.004039403117,0.08507737137,0.8773624762
629,0.006065922719,0.2579168099,0.004039403117,0.08500058251,0.894480195
630,0.006065922719,0.3020331973,0.004039403117,0.08492386295,0.917407712
631,0.006065922719,0.4841598063,0.004039403117,0.08484721264,0.9338959001
632,0.006065922719,0.4791015128,0.004039403117,0.08477063152,0.925995006
633,0.006065922719,0.44385551,0.004039403117,0.08469411951,0.9301284973
634,0.006065922719,0.3610104934,0.004039403117,0.08461767656,0.9321732899
635,0.006065922719,0.5152604382,0.004039403117,0.0845413026,0.9334542511
636,0.006065922719,0.5573199393,0.004039403117,0.08446499758,0.9275299319
637,0.006065922719,0.5298922147,0.004039403117,0.08438876143,0.9498481038
638,0.006065922719,0.460261924,0.004039403117,0.08431259409,0.951871839
639,0.006065922719,0.4668837043,0.004039403117,0.0842364955,0.9516948445
640,0.006065922719,0.582480415,0.004039403117,0.08416046559,0.9514655853
641,0.006065922719,0.5635914472,0.004039403117,0.08408450431,0.9550718197
642,0.006065922719,0.5731884131,0.004039403117,0.08400861158,0.9454345173
643,0.006065922719,0.429633676,0.004039403117,0.08393278735,0.9527908865
644,0.006065922719,0.4579980691,0.004039403117,0.08385703157,0.9838718985
645,0.006065922719,0.4557728515,0.004039403117,0.08378134415,0.9988233347
646,0.006065922719,0.519036569,0.004039403117,0.08370572505,0.9945955719
647,0.006065922719,0.5200134994,0.004039403117,0.0836301742,1.014700319
648,0.006065922719,0.4395996067,0.004039403117,0.08355469155,1.044311515
649,0.006065922719,0.6156723467,0.004039403117,0.08347927702,1.058642036
650,0.006065922719,0.5729027911,0.004039403117,0.08340393056,1.085555211
651,0.006065922719,0.6079979097,0.004039403117,0.0833286521,1.099768725
652,0.006065922719,0.6500211113,0.004039403117,0.08325344159,1.099783992
653,0.006065922719,0.4440773212,0.004039403117,0.08317829896,1.097533062
654,0.006065922719,0.6473782977,0.004039403117,0.08310322416,1.117349407
655,0.006065922719,0.6048312888,0.004039403117,0.08302821712,1.109316211
656,0.006065922719,0.6780664951,0.004039403117,0.08295327777,1.121112703
657,0.006065922719,0.4705236073,0.004039403117,0.08287840606,1.110779202
658,0.006065922719,0.5687890206,0.004039403117,0.08280360194,1.121995934
659,0.006065922719,0.5320102129,0.004039403117,0.08272886532,1.149815454
660,0.006065922719,0.7652759266,0.004039403117,0.08265419617,1.159500413
661,0.006065922719,0.6439145899,0.004039403117,0.0825795944,1.165138519
662,0.006065922719,0.8651377766,0.004039403117,0.08250505998,1.142528814
663,0.006065922719,0.8352463657,0.004039403117,0.08243059282,1.115229486
664,0.006065922719,0.8175831251,0.004039403117,0.08235619288,1.141767069
665,0.006065922719,0.8766336088,0.004039403117,0.08228186009,1.133520122
666,0.006065922719,0.7987796857,0.004039403117,0.08220759439,1.14709042
667,0.006065922719,0.8088256267,0.004039403117,0.08213339572,1.175379188
668,0.006065922719,0.8661599856,0.004039403117,0.08205926402,1.148874717
669,0.006065922719,0.6261969806,0.004039403117,0.08198519923,1.112443665
670,0.006065922719,0.5352122573,0.004039403117,0.08191120129,1.128818219
671,0.006065922719,0.5212109862,0.004039403117,0.08183727013,1.101360541
672,0.006065922719,0.6012103032,0.004039403117,0.08176340571,1.113568185
673,0.006065922719,0.6670524023,0.004039403117,0.08168960795,1.137739616
674,0.006065922719,0.7557500282,0.004039403117,0.08161587681,1.128160623
675,0.006065922719,0.590792729,0.004039403117,0.08154221221,1.078467824
676,0.006065922719,0.7441890651,0.004039403117,0.0814686141,1.026984249
677,0.006065922719,0.461902621,0.004039403117,0.08139508241,1.007739969
678,0.006065922719,0.572024751,0.004039403117,0.0813216171,1.026869848
679,0.006065922719,0.7753467098,0.004039403117,0.08124821809,1.062963939
680,0.006065922719,0.5252202188,0.004039403117,0.08117488533,1.062678381
681,0.006065922719,0.7012258357,0.004039403117,0.08110161876,1.095914995
682,0.006065922719,0.5724048737,0.004039403117,0.08102841832,1.089534913
683,0.006065922719,0.6188316199,0.004039403117,0.08095528395,1.069225023
684,0.006065922719,0.5067675207,0.004039403117,0.08088221558,1.075842839
685,0.006065922719,0.7121579668,0.004039403117,0.08080921317,1.071845265
686,0.006065922719,0.7026106544,0.004039403117,0.08073627665,1.078592743
687,0.006065922719,0.866517059,0.004039403117,0.08066340595,1.061922023
688,0.006065922719,0.682534575,0.004039403117,0.08059060103,1.067363042
689,0.006065922719,0.6176187221,0.004039403117,0.08051786182,1.04116264
690,0.006065922719,0.6247501618,0.004039403117,0.08044518827,1.026087058
691,0.006065922719,0.5380602118,0.004039403117,0.08037258031,0.9959584525
692,0.006065922719,0.5901329596,0.004039403117,0.08030003788,0.9692818079
693,0.006065922719,0.5918288911,0.004039403117,0.08022756092,0.9658525379
694,0.006065922719,0.6834044349,0.004039403117,0.08015514939,0.9486338481
695,0.006065922719,0.5827165438,0.004039403117,0.08008280321,0.9592204979
696,0.006065922719,0.5601017021,0.004039403117,0.08001052232,0.971597921
697,0.006065922719,0.5582025963,0.004039403117,0.07993830668,0.9611506641
698,0.006065922719,0.6687505111,0.004039403117,0.07986615622,0.9240093192
699,0.006065922719,0.5851453951,0.004039403117,0.07979407087,0.9084616782
700,0.006051127469,0.4551592961,0.004331947994,0.0797220506,0.8721188346
701,0.006051127469,0.6059481487,0.004331947994,0.07965009532,0.8428490666
702,0.006051127469,0.3706355109,0.004331947994,0.07957820499,0.809776581
703,0.006051127469,0.4424387896,0.004331947994,0.07950637955,0.7955194588
704,0.006051127469,0.3147891196,0.004331947994,0.07943461893,0.8058767149
705,0.006051127469,0.3661702342,0.004331947994,0.07936292308,0.8067751036
706,0.006051127469,0.328268618,0.004331947994,0.07929129195,0.826689749
707,0.006051127469,0.4903665541,0.004331947994,0.07921972547,0.8180999824
708,0.006051127469,0.3317785262,0.004331947994,0.07914822358,0.8318129572
709,0.006051127469,0.4370846292,0.004331947994,0.07907678622,0.8466624006
710,0.005739272479,0.4256201638,0.004073800301,0.07900541335,0.8621288319
711,0.005739272479,0.4086265259,0.004073800301,0.07893410489,0.8819680055
712,0.005739272479,0.4727690137,0.004073800301,0.0788628608,0.9092944995
713,0.005739272479,0.3269537582,0.004073800301,0.07879168101,0.8886969986
714,0.005739272479,0.4143259811,0.004073800301,0.07872056546,0.8875162532
715,0.005739272479,0.4038444011,0.004073800301,0.07864951411,0.8742389172
716,0.005739272479,0.427682578,0.004073800301,0.07857852688,0.8801264326
717,0.005739272479,0.3928658594,0.004073800301,0.07850760372,0.895394757
718,0.005739272479,0.3929329636,0.004073800301,0.07843674458,0.8818124461
719,0.005739272479,0.4065224026,0.004073800301,0.07836594939,0.8532651795
720,0.005739272479,0.4990027265,0.004073800301,0.0782952181,0.8409698637
721,0.005739272479,0.3536353966,0.004073800301,0.07822455065,0.8506563502
722,0.005739272479,0.3302851463,0.004073800301,0.07815394698,0.8529211064
723,0.005739272479,0.3758584422,0.004073800301,0.07808340704,0.8573865619
724,0.005739272479,0.3405280532,0.004073800301,0.07801293077,0.8417579406
725,0.005739272479,0.3141179355,0.004073800301,0.0779425181,0.8605504557
726,0.005739272479,0.3686278975,0.004073800301,0.07787216899,0.8800435466
727,0.005739272479,0.3830709602,0.004073800301,0.07780188338,0.8733596441
728,0.005739272479,0.3351090779,0.004073800301,0.0777316612,0.8920019887
729,0.005739272479,0.5119499394,0.004073800301,0.0776615024,0.9133088882
730,0.005739272479,0.3967507745,0.004073800301,0.07759140693,0.9193382845
731,0.005739272479,0.3907364848,0.004073800301,0.07752137472,0.952765988
732,0.005739272479,0.4989344255,0.004073800301,0.07745140573,0.9732977192
733,0.005739272479,0.4448613225,0.004073800301,0.07738149988,0.9793488047
734,0.005739272479,0.3351105858,0.004073800301,0.07731165714,0.9761891207
735,0.005739272479,0.3146886818,0.004073800301,0.07724187743,0.9839398639
736,0.005739272479,0.4115075454,0.004073800301,0.0771721607,0.9854568344
737,0.005739272479,0.4966351867,0.004073800301,0.07710250689,1.009896828
738,0.005739272479,0.3918593707,0.004073800301,0.07703291596,1.031118277
739,0.005739272479,0.4427700223,0.004073800301,0.07696338783,1.056482075
740,0.005739272479,0.3653255886,0.004073800301,0.07689392246,1.049573733
741,0.005739272479,0.6275939759,0.004073800301,0.07682451979,1.079119117
742,0.005739272479,0.5381248671,0.004073800301,0.07675517976,1.100483193
743,0.005739272479,0.5474461228,0.004073800301,0.07668590231,1.0777385
744,0.005739272479,0.4113116705,0.004073800301,0.07661668739,1.086942686
745,0.005739272479,0.6265561458,0.004073800301,0.07654753495,1.136302777
746,0.005739272479,0.727534947,0.004073800301,0.07647844491,1.164970146
747,0.005739272479,0.7046278332,0.004073800301,0.07640941724,1.162548279
748,0.005739272479,0.6928485868,0.004073800301,0.07634045187,1.179892392
749,0.005739272479,0.5814552809,0.004073800301,0.07627154875,1.187115067
750,0.005739272479,0.6325514556,0.004073800301,0.07620270782,1.166015691
751,0.005739272479,0.7678909824,0.004073800301,0.07613392902,1.170492849
752,0.005739272479,0.6009690953,0.004073800301,0.0760652123,1.173130657
753,0.005739272479,0.566718875,0.004073800301,0.0759965576,1.156272296
754,0.005739272479,0.6250730391,0.004073800301,0.07592796487,1.161090007
755,0.005739272479,0.64191598,0.004073800301,0.07585943405,1.196082542
756,0.005739272479,0.7391047443,0.004073800301,0.07579096508,1.191400116
757,0.005739272479,0.8482918868,0.004073800301,0.07572255791,1.167710705
758,0.005739272479,0.6774002593,0.004073800301,0.07565421249,1.1638814
759,0.005739272479,0.5821726831,0.004073800301,0.07558592875,1.159700074
760,0.005739272479,0.6213260692,0.004073800301,0.07551770664,1.155832965
761,0.005739272479,0.4910081398,0.004073800301,0.07544954611,1.180453182
762,0.005739272479,0.6711092036,0.004073800301,0.07538144709,1.198046819
763,0.005739272479,0.6027701314,0.004073800301,0.07531340955,1.195493679
764,0.005739272479,0.4796053021,0.004073800301,0.07524543341,1.191577263
765,0.005739272479,0.6727386122,0.004073800301,0.07517751862,1.205598056
766,0.005739272479,0.488518711,0.004073800301,0.07510966514,1.209906491
767,0.005739272479,0.7304603216,0.004073800301,0.07504187289,1.219763453
768,0.005739272479,0.6478936394,0.004073800301,0.07497414184,1.216100073
769,0.005739272479,0.70552821,0.004073800301,0.07490647192,1.18786381
770,0.005739272479,0.6874106853,0.004073800301,0.07483886307,1.176800528
771,0.005739272479,0.5867088206,0.004073800301,0.07477131525,1.15898287
772,0.005739272479,0.6280171263,0.004073800301,0.07470382839,1.132579549
773,0.005739272479,0.5890588566,0.004073800301,0.07463640245,1.092888522
774,0.005739272479,0.6737345432,0.004073800301,0.07456903736,1.053440232
775,0.005739272479,0.7755188164,0.004073800301,0.07450173307,1.048022732
776,0.005739272479,0.5732290582,0.004073800301,0.07443448954,0.9898820481
777,0.005739272479,0.6528254528,0.004073800301,0.07436730669,1.003932863
778,0.005739272479,0.6443758463,0.004073800301,0.07430018448,0.9669039397
779,0.005739272479,0.5216102965,0.004073800301,0.07423312286,0.9384329314
780,0.005739272479,0.4116486011,0.004073800301,0.07416612176,0.9123914297
781,0.005739272479,0.4417669298,0.004073800301,0.07409918114,0.894017393
782,0.005739272479,0.4101617184,0.004073800301,0.07403230093,0.8807238479
783,0.005739272479,0.470949892,0.004073800301,0.07396548109,0.8739841801
784,0.005739272479,0.8775586741,0.004073800301,0.07389872157,0.8522908138
785,0.005739272479,0.4723320229,0.004073800301,0.07383202229,0.8548279117
786,0.005739272479,0.628307963,0.004073800301,0.07376538322,0.8385117044
787,0.005739272479,0.5446000643,0.004073800301,0.07369880429,0.8324313813
788,0.005739272479,0.5238023394,0.004073800301,0.07363228546,0.8283532012
789,0.005739272479,0.3650447403,0.004073800301,0.07356582667,0.8308950437
790,0.005739272479,0.3640625954,0.004073800301,0.07349942786,0.818086208
791,0.005739272479,0.392313401,0.004073800301,0.07343308898,0.8059548478
792,0.005739272479,0.4170316509,0.004073800301,0.07336680997,0.8179639855
793,0.005739272479,0.4045804298,0.004073800301,0.07330059079,0.7886110811
794,0.005739272479,0.4917743154,0.004073800301,0.07323443137,0.793393452
795,0.005739272479,0.3803922583,0.004073800301,0.07316833167,0.7915998206
796,0.005739272479,0.4635337218,0.004073800301,0.07310229163,0.7851201915
797,0.005739272479,0.4283038667,0.004073800301,0.0730363112,0.7958084882
798,0.005739272479,0.4477476103,0.004073800301,0.07297039032,0.8079926747
799,0.005739272479,0.5809306607,0.004073800301,0.07290452893,0.7984121125
800,0.005739272479,0.4489021108,0.004073800301,0.07283872699,0.8003574844
801,0.005739272479,0.3921091899,0.004073800301,0.07277298445,0.8170298066
802,0.005651802496,0.3675438871,0.004065304211,0.07270730124,0.8006249318
803,0.005651802496,0.4394779579,0.004065304211,0.07264167731,0.7858016903
804,0.005651802496,0.4075925678,0.004065304211,0.07257611262,0.7814141832
805,0.005651802496,0.5021654217,0.004065304211,0.0725106071,0.7826734967
806,0.005651802496,0.4359645462,0.004065304211,0.07244516071,0.7787166641
807,0.005651802496,0.3381274978,0.004065304211,0.07237977338,0.753679807
808,0.005651802496,0.3977133184,0.004065304211,0.07231444508,0.7575625592
809,0.005651802496,0.3827217936,0.004065304211,0.07224917573,0.7576026603
810,0.005651802496,0.4084842703,0.004065304211,0.0721839653,0.7581080936
811,0.005651802496,0.348553597,0.004065304211,0.07211881373,0.7597135705
812,0.005651802496,0.3840234788,0.004065304211,0.07205372096,0.7712608632
813,0.005651802496,0.4178055103,0.004065304211,0.07198868694,0.787500182
814,0.005651802496,0.354017428,0.004065304211,0.07192371162,0.7837293389
815,0.005651802496,0.309062463,0.004065304211,0.07185879494,0.7774629052
816,0.00560125176,0.2549871288,0.003920371746,0.07179393686,0.750207286
817,0.00560125176,0.3160266264,0.003920371746,0.07172913732,0.7720401902
818,0.00560125176,0.3421527044,0.003920371746,0.07166439626,0.7543021296
819,0.00560125176,0.2962355368,0.003920371746,0.07159971364,0.7357569817
820,0.00560125176,0.3811571166,0.003920371746,0.07153508939,0.6963723049
821,0.00560125176,0.3074361052,0.003920371746,0.07147052348,0.7043167918
822,0.00560125176,0.2975579758,0.003920371746,0.07140601584,0.7236991929
823,0.00560125176,0.2262067454,0.003920371746,0.07134156643,0.7497680251
824,0.00560125176,0.3787321237,0.003920371746,0.07127717518,0.7831126234
825,0.00560125176,0.3102914385,0.003920371746,0.07121284205,0.7924763893
826,0.00560125176,0.2315099602,0.003920371746,0.07114856699,0.7884356542
827,0.00560125176,0.4059138404,0.003920371746,0.07108434995,0.7914951869
828,0.00560125176,0.3533471212,0.003920371746,0.07102019086,0.7958462839
829,0.00560125176,0.3742256646,0.003920371746,0.07095608968,0.8180945964
830,0.00560125176,0.34422369,0.003920371746,0.07089204636,0.8152418166
831,0.00560125176,0.2964109685,0.003920371746,0.07082806084,0.8329347489
832,0.00560125176,0.4120941211,0.003920371746,0.07076413307,0.8610529913
833,0.00560125176,0.5027786827,0.003920371746,0.07070026301,0.8635561239
834,0.00560125176,0.3224316264,0.003920371746,0.07063645059,0.8686856206
835,0.00560125176,0.4146305855,0.003920371746,0.07057269576,0.8769560994
836,0.00560125176,0.5161750315,0.003920371746,0.07050899848,0.8873061537
837,0.00560125176,0.343361766,0.003920371746,0.0704453587,0.9096451766
838,0.005150552024,0.4288440009,0.003139151723,0.07038177635,0.9183513495
839,0.005150552024,0.4294644166,0.003139151723,0.07031825139,0.9019848103
840,0.005150552024,0.4654915924,0.003139151723,0.07025478376,0.9104112853
841,0.005150552024,0.3264974939,0.003139151723,0.07019137342,0.8968121961
842,0.005150552024,0.503437529,0.003139151723,0.07012802032,0.8540048236
843,0.005150552024,0.4392827228,0.003139151723,0.07006472439,0.8306151645
844,0.005150552024,0.3968178605,0.003139151723,0.07000148559,0.837886407
845,0.005150552024,0.4245854621,0.003139151723,0.06993830387,0.8508977378
846,0.005150552024,0.4558310313,0.003139151723,0.06987517918,0.8516471089
847,0.005150552024,0.3515822509,0.003139151723,0.06981211146,0.8715170896
848,0.005150552024,0.4376270793,0.003139151723,0.06974910067,0.8701066809
849,0.005150552024,0.3276897614,0.003139151723,0.06968614675,0.8806993868
850,0.005150552024,0.4716288863,0.003139151723,0.06962324965,0.8799611859
851,0.005150552024,0.4348003344,0.003139151723,0.06956040931,0.8612350192
852,0.005150552024,0.4262411824,0.003139151723,0.0694976257,0.8629452307
853,0.005150552024,0.7056548457,0.003139151723,0.06943489875,0.8783263374
854,0.005150552024,0.4681234698,0.003139151723,0.06937222842,0.8691861741
855,0.005150552024,0.4749724656,0.003139151723,0.06930961466,0.8804913334
856,0.005150552024,0.4059448142,0.003139151723,0.06924705741,0.8662249671
857,0.005150552024,0.502343764,0.003139151723,0.06918455662,0.8780388027
858,0.005150552024,0.6860846962,0.003139151723,0.06912211224,0.896630422
859,0.005056083875,0.5459809067,0.003213238821,0.06905972422,0.8936108451
860,0.005056083875,0.3836152482,0.003213238821,0.06899739252,0.8979961157
861,0.005056083875,0.4032716102,0.003213238821,0.06893511707,0.8991584903
862,0.005056083875,0.5466403394,0.003213238821,0.06887289783,0.921488097
863,0.005056083875,0.5231410825,0.003213238821,0.06881073475,0.9336876161
864,0.005056083875,0.4750766085,0.003213238821,0.06874862777,0.9661655886
865,0.005056083875,0.5056934289,0.003213238821,0.06868657685,0.964558627
866,0.005056083875,0.5858907603,0.003213238821,0.06862458194,0.9470469824
867,0.005056083875,0.6524464851,0.003213238821,0.06856264298,0.96123356
868,0.005056083875,0.5570777973,0.003213238821,0.06850075993,0.9607102447
869,0.005056083875,0.3655223744,0.003213238821,0.06843893273,0.9553552177
870,0.005056083875,0.5072829848,0.003213238821,0.06837716134,0.9359275791
871,0.005056083875,0.4373859923,0.003213238821,0.0683154457,0.9263407363
872,0.005056083875,0.3684686412,0.003213238821,0.06825378576,0.930007084
873,0.005056083875,0.4255399914,0.003213238821,0.06819218147,0.9392655083
874,0.005056083875,0.4558967309,0.003213238821,0.06813063279,0.9647819844
875,0.005056083875,0.4518426554,0.003213238821,0.06806913966,0.9716593404
876,0.005056083875,0.3407128533,0.003213238821,0.06800770203,0.9872558394
877,0.005056083875,0.475430158,0.003213238821,0.06794631986,1.00125937
878,0.005056083875,0.583589469,0.003213238821,0.06788499308,1.009462722
879,0.005056083875,0.5527275842,0.003213238821,0.06782372166,1.022173508
880,0.005056083875,0.530289475,0.003213238821,0.06776250554,1.030706452
881,0.005056083875,0.645488487,0.003213238821,0.06770134467,1.067764948
882,0.005056083875,0.3471770448,0.003213238821,0.06764023901,1.088903314
883,0.005056083875,0.3917379585,0.003213238821,0.0675791885,1.100453412
884,0.005056083875,0.5941937589,0.003213238821,0.06751819309,1.081586665
885,0.005056083875,0.5551961697,0.003213238821,0.06745725273,1.078175274
886,0.005056083875,0.5578058478,0.003213238821,0.06739636738,1.066024659
887,0.005056083875,0.4307338815,0.003213238821,0.06733553698,1.070414594
888,0.004975456529,0.5389677517,0.003212852257,0.06727476148,1.047578376
889,0.004975456529,0.5108988466,0.003212852257,0.06721404084,1.063543225
890,0.004975456529,0.5224858778,0.003212852257,0.06715337501,1.074373136
891,0.004975456529,0.4130193363,0.003212852257,0.06709276393,1.061075244
892,0.004975456529,0.48636247,0.003212852257,0.06703220755,1.086516172
893,0.004975456529,0.5729705414,0.003212852257,0.06697170583,1.111586027
894,0.004975456529,0.5985972997,0.003212852257,0.06691125872,1.119878732
895,0.004975456529,0.6543663353,0.003212852257,0.06685086617,1.133433789
896,0.004975456529,0.6340066378,0.003212852257,0.06679052813,1.149155348
897,0.004975456529,0.6557893261,0.003212852257,0.06673024455,1.180401875
898,0.004975456529,0.7939310461,0.003212852257,0.06667001537,1.17052615
899,0.004975456529,0.5201652201,0.003212852257,0.06660984056,1.163599268
900,0.004975456529,0.5657457044,0.003212852257,0.06654972007,1.174146137
901,0.004975456529,0.5753490046,0.003212852257,0.06648965383,1.173482481
902,0.004975456529,0.5038853714,0.003212852257,0.06642964181,1.179678907
903,0.004975456529,0.5773544044,0.003212852257,0.06636968395,1.165585082
904,0.004975456529,0.5536800683,0.003212852257,0.06630978021,1.151878412
905,0.004975456529,0.6661272075,0.003212852257,0.06624993054,1.118792664
906,0.004975456529,0.4740613751,0.003212852257,0.06619013489,1.099903742
907,0.004975456529,0.655888484,0.003212852257,0.06613039321,1.104738004
908,0.004975456529,0.4377708575,0.003212852257,0.06607070545,1.090896453
909,0.004975456529,0.6029991427,0.003212852257,0.06601107156,1.08696988
910,0.004975456529,0.6534589784,0.003212852257,0.0659514915,1.083633814
911,0.004975456529,0.5555106126,0.003212852257,0.06589196521,1.083372628
912,0.004975456529,0.5688024867,0.003212852257,0.06583249265,1.111714966
913,0.004975456529,0.6273419504,0.003212852257,0.06577307377,1.165700727
914,0.004975456529,0.7459677217,0.003212852257,0.06571370851,1.173613272
915,0.004975456529,0.6402942667,0.003212852257,0.06565439684,1.194317539
916,0.004975456529,0.714504292,0.003212852257,0.06559513871,1.223860159
917,0.004975456529,0.5975247541,0.003212852257,0.06553593405,1.234529286
918,0.004975456529,0.5656323588,0.003212852257,0.06547678284,1.216006479
919,0.004961096936,0.5832370265,0.003267544992,0.06541768501,1.244619631
920,0.004961096936,0.6392762315,0.003267544992,0.06535864053,1.253410761
921,0.004961096936,0.6216815226,0.003267544992,0.06529964933,1.246491949
922,0.004961096936,0.5587340673,0.003267544992,0.06524071138,1.251751856
923,0.004961096936,0.6781160217,0.003267544992,0.06518182663,1.248143044
924,0.004961096936,0.6839221029,0.003267544992,0.06512299502,1.269986395
925,0.004961096936,0.5740598602,0.003267544992,0.06506421651,1.277001319
926,0.004961096936,0.6855413017,0.003267544992,0.06500549106,1.268519239
927,0.004961096936,0.5055932407,0.003267544992,0.06494681861,1.260586608
928,0.004961096936,0.7274203837,0.003267544992,0.06488819912,1.294987877
929,0.004961096936,0.5822176026,0.003267544992,0.06482963253,1.286924746
930,0.004961096936,0.5311216057,0.003267544992,0.06477111881,1.286248795
931,0.004961096936,0.7554018,0.003267544992,0.0647126579,1.307992048
932,0.004961096936,0.6118583313,0.003267544992,0.06465424975,1.310626797
933,0.004961096936,0.7240439142,0.003267544992,0.06459589432,1.313285769
934,0.004961096936,0.5490866503,0.003267544992,0.06453759157,1.303153758
935,0.004961096936,0.7354786399,0.003267544992,0.06447934143,1.275631702
936,0.004961096936,0.6682983094,0.003267544992,0.06442114387,1.21422098
937,0.004961096936,0.5795135988,0.003267544992,0.06436299884,1.188059042
938,0.004961096936,0.5868652746,0.003267544992,0.06430490629,1.166791834
939,0.004961096936,0.573037794,0.003267544992,0.06424686617,1.169129721
940,0.004961096936,0.5405329562,0.003267544992,0.06418887844,1.164613112
941,0.004961096936,0.7215231125,0.003267544992,0.06413094304,1.139492794
942,0.004961096936,0.6676377185,0.003267544992,0.06407305994,1.181083743
943,0.004961096936,0.6692870692,0.003267544992,0.06401522908,1.178027597
944,0.004961096936,0.5436929232,0.003267544992,0.06395745042,1.188645576
945,0.004961096936,0.6742841928,0.003267544992,0.06389972391,1.197461782
946,0.004961096936,0.5961454864,0.003267544992,0.0638420495,1.219333415
947,0.004961096936,0.5970125596,0.003267544992,0.06378442714,1.246968126
948,0.004961096936,0.6198508095,0.003267544992,0.0637268568,1.269966148
949,0.004961096936,0.5493456569,0.003267544992,0.06366933841,1.292978451
950,0.004961096936,0.5099656751,0.003267544992,0.06361187194,1.281708138
951,0.004961096936,0.9038216937,0.003267544992,0.06355445734,1.320680513
952,0.004961096936,0.5840679711,0.003267544992,0.06349709456,1.329933673
953,0.004961096936,0.5279595962,0.003267544992,0.06343978355,1.348358323
954,0.004961096936,0.7002402059,0.003267544992,0.06338252428,1.356720464
955,0.004961096936,0.6310460528,0.003267544992,0.06332531668,1.343931688
956,0.004961096936,0.5558634456,0.003267544992,0.06326816071,1.34589732
957,0.004961096936,0.7837639223,0.003267544992,0.06321105634,1.331110582
958,0.004961096936,0.6917305036,0.003267544992,0.0631540035,1.349807445
959,0.004961096936,0.5167188029,0.003267544992,0.06309700216,1.364084318
960,0.004961096936,0.7598144853,0.003267544992,0.06304005227,1.351220729
961,0.004961096936,0.9118102785,0.003267544992,0.06298315378,1.336619422
962,0.004961096936,0.6787790316,0.003267544992,0.06292630665,1.342578365
963,0.004961096936,0.5974501088,0.003267544992,0.06286951082,1.307848302
964,0.004961096936,0.5487637859,0.003267544992,0.06281276626,1.311112293
965,0.004961096936,0.5531404937,0.003267544992,0.06275607291,1.288746068
966,0.004961096936,0.4888010007,0.003267544992,0.06269943073,1.273602627
967,0.004961096936,0.5970351048,0.003267544992,0.06264283968,1.247899979
968,0.004961096936,0.5882263418,0.003267544992,0.0625862997,1.307887434
969,0.004961096936,0.8792559269,0.003267544992,0.06252981076,1.305794073
970,0.004961096936,0.7402973425,0.003267544992,0.0624733728,1.262788368
971,0.004961096936,0.7012963029,0.003267544992,0.06241698578,1.258524229
972,0.004961096936,0.5249454271,0.003267544992,0.06236064966,1.214470158
973,0.004961096936,0.6299818718,0.003267544992,0.06230436438,1.205934334
974,0.004961096936,0.5476023223,0.003267544992,0.0622481299,1.223928408
975,0.004961096936,0.5061857557,0.003267544992,0.06219194619,1.228679133
976,0.004961096936,0.7416627103,0.003267544992,0.06213581318,1.222761845
977,0.004961096936,0.6731661977,0.003267544992,0.06207973083,1.197163564
978,0.004961096936,0.5302080571,0.003267544992,0.0620236991,1.202761144
979,0.004961096936,0.6007278077,0.003267544992,0.06196771795,1.208028735
980,0.004961096936,0.5597678018,0.003267544992,0.06191178732,1.193383939
981,0.004961096936,0.6142100129,0.003267544992,0.06185590718,1.218881702
982,0.004961096936,0.7012064476,0.003267544992,0.06180007747,1.23325375
983,0.004759547672,0.4366512659,0.003300145661,0.06174429815,1.239776477
984,0.004759547672,0.5405493776,0.003300145661,0.06168856918,1.198428084
985,0.004759547672,0.6468050832,0.003300145661,0.06163289051,1.189684394
986,0.004759547672,0.5807310873,0.003300145661,0.06157726209,1.212097922
987,0.004759547672,0.473092777,0.003300145661,0.06152168388,1.181680748
988,0.004584646828,0.5934102805,0.002981842392,0.06146615583,1.177991081
989,0.004584646828,0.6290506758,0.002981842392,0.0614106779,1.183900502
990,0.004584646828,0.6518306227,0.002981842392,0.06135525005,1.176761735
991,0.004584646828,0.5013440709,0.002981842392,0.06129987222,1.169976535
992,0.004584646828,0.4162374149,0.002981842392,0.06124454438,1.169490529
993,0.004584646828,0.580283039,0.002981842392,0.06118926647,1.184634099
994,0.004584646828,0.4850435951,0.002981842392,0.06113403846,1.175834045
995,0.004584646828,0.6190129634,0.002981842392,0.06107886029,1.175811463
996,0.004584646828,0.591516824,0.002981842392,0.06102373193,1.169105555
997,0.004584646828,0.4990510519,0.002981842392,0.06096865332,1.161461608
998,0.004584646828,0.7388285349,0.002981842392,0.06091362443,1.15146586
999,0.004584646828,0.4835123381,0.002981842392,0.0608586452,1.116931909
1000,0.004584646828,0.510020409,0.002981842392,0.0608037156,1.107095395
1001,0.004584646828,0.5349401528,0.002981842392,0.06074883557,1.107888329
1002,0.004584646828,0.5462512448,0.002981842392,0.06069400508,1.136196536
1003,0.004584646828,0.7427861142,0.002981842392,0.06063922408,1.120585244
1004,0.004584646828,0.5144511202,0.002981842392,0.06058449252,1.079837202
1005,0.004584646828,0.5271262344,0.002981842392,0.06052981036,1.079796487
1006,0.004584646828,0.4552511917,0.002981842392,0.06047517756,1.106747624
1007,0.004584646828,0.4877751001,0.002981842392,0.06042059406,1.134584832
1008,0.004584646828,0.4557515868,0.002981842392,0.06036605984,1.120725891
1009,0.004584646828,0.4016280117,0.002981842392,0.06031157483,1.127426695
1010,0.004584646828,0.4757241918,0.002981842392,0.060257139,1.152673772
1011,0.004584646828,0.5350970543,0.002981842392,0.0602027523,1.147889864
1012,0.004584646828,0.4267243353,0.002981842392,0.06014841469,1.167513913
1013,0.004584646828,0.485938295,0.002981842392,0.06009412613,1.181946383
1014,0.004584646828,0.4601290459,0.002981842392,0.06003988656,1.179193737
1015,0.004584646828,0.5093385703,0.002981842392,0.05998569595,1.201085709
1016,0.004584646828,0.5050104536,0.002981842392,0.05993155425,1.187241948
1017,0.004584646828,0.5016590108,0.002981842392,0.05987746142,1.226402462
1018,0.004584646828,0.6800434923,0.002981842392,0.05982341741,1.243360742
1019,0.004584646828,0.4738435481,0.002981842392,0.05976942218,1.210071399
1020,0.004584646828,0.5778850375,0.002981842392,0.05971547569,1.230839195
1021,0.004584646828,0.4276556629,0.002981842392,0.05966157788,1.236903821
1022,0.004584646828,0.7179733116,0.002981842392,0.05960772872,1.225142608
1023,0.004584646828,0.6218110442,0.002981842392,0.05955392817,1.211878481
1024,0.004584646828,0.442362765,0.002981842392,0.05950017617,1.18717488
1025,0.004584646828,0.5650520881,0.002981842392,0.05944647269,1.153352298
1026,0.004584646828,0.4074742545,0.002981842392,0.05939281768,1.139229757
1027,0.004584646828,0.5036353135,0.002981842392,0.0593392111,1.153214335
1028,0.004584646828,0.3817587289,0.002981842392,0.05928565291,1.155576052
1029,0.004584646828,0.5671077607,0.002981842392,0.05923214305,1.144818784
1030,0.004554079774,0.3755050397,0.003134307461,0.05917868149,1.161231055
1031,0.004554079774,0.4806504262,0.003134307461,0.05912526818,1.138645266
1032,0.004554079774,0.4220272966,0.003134307461,0.05907190309,1.13862792
1033,0.004554079774,0.3132194691,0.003134307461,0.05901858616,1.142192198
1034,0.004554079774,0.3369836171,0.003134307461,0.05896531735,1.169480738
1035,0.004554079774,0.425520285,0.003134307461,0.05891209662,1.174669782
1036,0.004554079774,0.3988178546,0.003134307461,0.05885892393,1.170571175
1037,0.004554079774,0.4857438405,0.003134307461,0.05880579922,1.199444168
1038,0.004554079774,0.3903315776,0.003134307461,0.05875272247,1.199909535
1039,0.004554079774,0.4311408996,0.003134307461,0.05869969363,1.237089949
1040,0.004554079774,0.4318491248,0.003134307461,0.05864671264,1.267466006
1041,0.004554079774,0.5320810133,0.003134307461,0.05859377948,1.303988525
1042,0.004554079774,0.4315577897,0.003134307461,0.05854089409,1.3185135
1043,0.004554079774,0.567491712,0.003134307461,0.05848805644,1.321063924
1044,0.004554079774,0.5744340493,0.003134307461,0.05843526647,1.329507104
1045,0.004554079774,0.623253944,0.003134307461,0.05838252416,1.312599533
1046,0.004554079774,0.5640212689,0.003134307461,0.05832982944,1.313947737
1047,0.004554079774,0.4620936674,0.003134307461,0.05827718229,1.285622529
1048,0.004554079774,0.5616019304,0.003134307461,0.05822458266,1.297762864
1049,0.004554079774,0.4396393458,0.003134307461,0.0581720305,1.306272223
1050,0.004554079774,0.5302684482,0.003134307461,0.05811952577,1.320131096
1051,0.004554079774,0.5997931194,0.003134307461,0.05806706843,1.280610172
1052,0.004554079774,0.5487210945,0.003134307461,0.05801465844,1.325947513
1053,0.004554079774,0.6663589918,0.003134307461,0.05796229576,1.344669273
1054,0.004554079774,0.6071477486,0.003134307461,0.05790998033,1.343381664
1055,0.004554079774,0.6379269645,0.003134307461,0.05785771212,1.311242275
1056,0.004554079774,0.7299401283,0.003134307461,0.05780549109,1.337974392
1057,0.004554079774,0.5156424753,0.003134307461,0.0577533172,1.353181374
1058,0.004554079774,0.7319720379,0.003134307461,0.05770119039,1.360882258
1059,0.004554079774,0.6074343459,0.003134307461,0.05764911063,1.354396449
1060,0.004554079774,0.7499157172,0.003134307461,0.05759707788,1.397446771
1061,0.004554079774,0.6288068298,0.003134307461,0.0575450921,1.385132177
1062,0.004554079774,0.6565468875,0.003134307461,0.05749315323,1.380431059
1063,0.004554079774,0.6095436248,0.003134307461,0.05744126124,1.356195233
1064,0.004554079774,0.4621500995,0.003134307461,0.05738941609,1.391874369
1065,0.004554079774,0.5651356553,0.003134307461,0.05733761773,1.359769779
1066,0.004554079774,0.7102883148,0.003134307461,0.05728586613,1.39634604
1067,0.004554079774,0.6453735043,0.003134307461,0.05723416123,1.378637578
1068,0.004554079774,0.6250379516,0.003134307461,0.057182503,1.349221224
1069,0.004554079774,0.7829630925,0.003134307461,0.0571308914,1.333603345
1070,0.004554079774,0.6702973652,0.003134307461,0.05707932638,1.353994261
1071,0.004554079774,0.6319521986,0.003134307461,0.05702780791,1.337548651
1072,0.004554079774,0.6939414085,0.003134307461,0.05697633593,1.348559496
1073,0.004554079774,0.6030221518,0.003134307461,0.05692491041,1.351830524
1074,0.004554079774,0.758994139,0.003134307461,0.0568735313,1.383071531
1075,0.004554079774,0.6509995723,0.003134307461,0.05682219857,1.379675632
1076,0.004554079774,0.6223011705,0.003134307461,0.05677091217,1.361634038
1077,0.004554079774,0.9372049836,0.003134307461,0.05671967206,1.348107277
1078,0.004554079774,0.582019241,0.003134307461,0.0566684782,1.306041603
1079,0.004554079774,0.6829120382,0.003134307461,0.05661733054,1.317910337
1080,0.004554079774,0.8206628634,0.003134307461,0.05656622905,1.321224751
1081,0.004554079774,0.7117228048,0.003134307461,0.05651517369,1.316339346
1082,0.004554079774,0.6366012429,0.003134307461,0.0564641644,1.294017077
1083,0.004554079774,0.6854040673,0.003134307461,0.05641320115,1.300569993
1084,0.004554079774,0.7188214185,0.003134307461,0.05636228391,1.296342144
1085,0.004554079774,0.7295605354,0.003134307461,0.05631141261,1.294850828
1086,0.004554079774,0.7754103547,0.003134307461,0.05626058724,1.287348592
1087,0.004554079774,0.6229692094,0.003134307461,0.05620980774,1.272960597
1088,0.004554079774,0.5594533908,0.003134307461,0.05615907407,1.234702832
1089,0.004554079774,0.9268048377,0.003134307461,0.05610838619,1.206995097
1090,0.004554079774,0.8841104524,0.003134307461,0.05605774406,1.221245553
1091,0.004554079774,0.8282197922,0.003134307461,0.05600714764,1.169581792
1092,0.004554079774,0.8448011788,0.003134307461,0.05595659688,1.165309829
1093,0.004554079774,1.064313416,0.003134307461,0.05590609176,1.17773101
1094,0.004554079774,0.9879873871,0.003134307461,0.05585563221,1.191718408
1095,0.004554079774,0.9519703045,0.003134307461,0.05580521821,1.187568069
1096,0.004554079774,0.7848694903,0.003134307461,0.05575484972,1.166734257
1097,0.004554079774,0.7548795198,0.003134307461,0.05570452668,1.129778756
1098,0.004554079774,0.8109324659,0.003134307461,0.05565424907,1.108145544
1099,0.004554079774,0.8019514088,0.003134307461,0.05560401683,1.097613222
1100,0.004554079774,0.9178552785,0.003134307461,0.05555382993,1.127941919
1101,0.004554079774,0.6955010178,0.003134307461,0.05550368833,1.102521941
1102,0.004554079774,0.6442270798,0.003134307461,0.05545359199,1.10647825
1103,0.004554079774,0.5072825059,0.003134307461,0.05540354086,1.078259938
1104,0.004554079774,0.5074350703,0.003134307461,0.05535353491,1.078479559
1105,0.004554079774,0.6077985584,0.003134307461,0.05530357409,1.059094697
1106,0.004554079774,0.7031874369,0.003134307461,0.05525365837,1.052267125
1107,0.004554079774,0.4627895485,0.003134307461,0.0552037877,1.039791968
1108,0.004554079774,0.5497694502,0.003134307461,0.05515396204,1.043741245
1109,0.004554079774,0.4357918216,0.003134307461,0.05510418135,1.038388068
1110,0.004554079774,0.5921229577,0.003134307461,0.05505444559,1.033378323
1111,0.004554079774,0.6102849507,0.003134307461,0.05500475473,1.03550222
1112,0.004554079774,0.5678317918,0.003134307461,0.05495510871,1.024076678
1113,0.004554079774,0.600627403,0.003134307461,0.0549055075,1.056348672
1114,0.004554079774,0.6002449801,0.003134307461,0.05485595106,1.043067387
1115,0.004554079774,0.4822863758,0.003134307461,0.05480643935,1.053579589
1116,0.004554079774,0.5039650608,0.003134307461,0.05475697233,1.051041036
1117,0.004554079774,0.8278374718,0.003134307461,0.05470754996,1.049728302
1118,0.004554079774,0.5638897066,0.003134307461,0.05465817219,1.053452341
1119,0.004554079774,0.519926899,0.003134307461,0.05460883899,1.059522165
1120,0.004554079774,0.5324759929,0.003134307461,0.05455955032,1.055212281
1121,0.004554079774,0.3889273103,0.003134307461,0.05451030613,1.027855386
1122,0.004554079774,0.6312958778,0.003134307461,0.05446110639,1.048217472
1123,0.004554079774,0.415316848,0.003134307461,0.05441195106,1.052712508
1124,0.004554079774,0.4866775098,0.003134307461,0.05436284009,1.03449916
1125,0.004554079774,0.4708832132,0.003134307461,0.05431377345,1.038584656
1126,0.004554079774,0.4913470025,0.003134307461,0.0542647511,1.041188638
1127,0.004554079774,0.5432893327,0.003134307461,0.05421577299,1.044305497
1128,0.004554079774,0.418618584,0.003134307461,0.05416683909,1.033801702
1129,0.004554079774,0.4135937374,0.003134307461,0.05411794936,1.023131743
1130,0.004554079774,0.3532193427,0.003134307461,0.05406910375,1.027825933
1131,0.004554079774,0.3010302336,0.003134307461,0.05402030223,1.016128329
1132,0.004554079774,0.3938517984,0.003134307461,0.05397154476,0.9808359768
1133,0.004554079774,0.3531263012,0.003134307461,0.05392283129,0.9828409398
1134,0.004554079774,0.2183358044,0.003134307461,0.0538741618,0.9691627955
1135,0.004554079774,0.3442607001,0.003134307461,0.05382553623,1.002253216
1136,0.004554079774,0.2677802989,0.003134307461,0.05377695454,0.9972260158
1137,0.004554079774,0.2913322289,0.003134307461,0.05372841671,1.036840162
1138,0.004554079774,0.3245410747,0.003134307461,0.05367992269,1.037911738
1139,0.004554079774,0.3009386778,0.003134307461,0.05363147243,1.053421108
1140,0.004554079774,0.3185349178,0.003134307461,0.05358306591,1.069837788
1141,0.004554079774,0.322844147,0.003134307461,0.05353470307,1.030091443
1142,0.004554079774,0.3050049598,0.003134307461,0.05348638389,1.05170548
1143,0.004554079774,0.4396273847,0.003134307461,0.05343810832,1.058952465
1144,0.004554079774,0.2491687602,0.003134307461,0.05338987632,1.071488725
1145,0.004554079774,0.4408361624,0.003134307461,0.05334168786,1.083078712
1146,0.004554079774,0.3559102258,0.003134307461,0.05329354289,1.100218342
1147,0.004554079774,0.3433379794,0.003134307461,0.05324544137,1.079561301
1148,0.004554079774,0.3122232531,0.003134307461,0.05319738327,1.079663518
1149,0.004554079774,0.4134072395,0.003134307461,0.05314936854,1.072072758
1150,0.004554079774,0.380399099,0.003134307461,0.05310139715,1.050655953
1151,0.004530583186,0.3755023456,0.003036385206,0.05305346906,1.038094032
1152,0.004530583186,0.4073876342,0.003036385206,0.05300558423,1.029345487
1153,0.004530583186,0.4126909595,0.003036385206,0.05295774262,1.022979682
1154,0.004530583186,0.4554815119,0.003036385206,0.05290994419,1.034185468
1155,0.004530583186,0.3769486629,0.003036385206,0.0528621889,1.043149398
1156,0.004530583186,0.3560144157,0.003036385206,0.05281447671,1.043326021
1157,0.004530583186,0.54820157,0.003036385206,0.05276680759,1.078140279
1158,0.004530583186,0.4538016171,0.003036385206,0.05271918149,1.08472821
1159,0.004530583186,0.443421415,0.003036385206,0.05267159838,1.078572957
1160,0.004530583186,0.5383160848,0.003036385206,0.05262405822,1.08850389
1161,0.004530583186,0.4338289203,0.003036385206,0.05257656096,1.105204948
1162,0.004530583186,0.4477025667,0.003036385206,0.05252910657,1.13605123
1163,0.004530583186,0.3616538245,0.003036385206,0.05248169502,1.130278024
1164,0.004530583186,0.3626486149,0.003036385206,0.05243432626,1.124821939
1165,0.004530583186,0.4377559088,0.003036385206,0.05238700025,1.11387869
1166,0.004530583186,0.4799550285,0.003036385206,0.05233971696,1.11623008
1167,0.004530583186,0.4027952865,0.003036385206,0.05229247634,1.102164004
1168,0.004530583186,0.4672893263,0.003036385206,0.05224527837,1.127617226
1169,0.004530583186,0.4424458133,0.003036385206,0.05219812299,1.172665714
1170,0.004530583186,0.3761781841,0.003036385206,0.05215101017,1.182572197
1171,0.004530583186,0.393127056,0.003036385206,0.05210393988,1.176191823
1172,0.004530583186,0.4634390062,0.003036385206,0.05205691207,1.191771988
1173,0.004530583186,0.3775371,0.003036385206,0.05200992671,1.176942579
1174,0.004530583186,0.5359792819,0.003036385206,0.05196298375,1.201067262
1175,0.004530583186,0.4919552902,0.003036385206,0.05191608317,1.181898533
1176,0.004530583186,0.3743011307,0.003036385206,0.05186922491,1.156113436
1177,0.004530583186,0.3107742583,0.003036385206,0.05182240895,1.173293741
1178,0.004530583186,0.4611813014,0.003036385206,0.05177563525,1.124306504
1179,0.004530583186,0.4542180654,0.003036385206,0.05172890376,1.108617982
1180,0.004530583186,0.4125522729,0.003036385206,0.05168221445,1.117251944
1181,0.004530583186,0.5981432489,0.003036385206,0.05163556728,1.12410622
1182,0.004530583186,0.3360692196,0.003036385206,0.05158896221,1.126214358
1183,0.004530583186,0.4119795229,0.003036385206,0.05154239921,1.072877792
1184,0.004530583186,0.3311387314,0.003036385206,0.05149587824,1.07906161
1185,0.004530583186,0.3869904732,0.003036385206,0.05144939925,1.071129261
1186,0.004530583186,0.4580776352,0.003036385206,0.05140296221,1.096838874
1187,0.004530583186,0.4072000887,0.003036385206,0.05135656709,1.125169443
1188,0.004530583186,0.3817863085,0.003036385206,0.05131021384,1.144187358
1189,0.004530583186,0.5252945413,0.003036385206,0.05126390243,1.169640287
1190,0.004530583186,0.5663673414,0.003036385206,0.05121763282,1.165884728
1191,0.004530583186,0.4525369533,0.003036385206,0.05117140498,1.156037319
1192,0.004530583186,0.6202168347,0.003036385206,0.05112521885,1.190645167
1193,0.004530583186,0.5834123048,0.003036385206,0.05107907441,1.229121671
1194,0.004530583186,0.6726885368,0.003036385206,0.05103297162,1.244674578
1195,0.004530583186,0.5460301082,0.003036385206,0.05098691045,1.242864963
1196,0.004530583186,0.6238352204,0.003036385206,0.05094089084,1.21345386
1197,0.004530583186,0.4950380711,0.003036385206,0.05089491278,1.232185578
1198,0.004530583186,0.6486317184,0.003036385206,0.05084897621,1.246422853
1199,0.004530583186,0.6855107349,0.003036385206,0.0508030811,1.253638302
1200,0.004530583186,0.6074386557,0.003036385206,0.05075722741,1.262882629
1201,0.004530583186,0.7920399612,0.003036385206,0.05071141512,1.274179674
1202,0.004530583186,0.6697773814,0.003036385206,0.05066564417,1.262690484
1203,0.004530583186,0.7078229809,0.003036385206,0.05061991453,1.298541987
1204,0.004530583186,0.6944519562,0.003036385206,0.05057422617,1.300660859
1205,0.004530583186,0.5731116917,0.003036385206,0.05052857905,1.308992363
1206,0.004530583186,0.5296590894,0.003036385206,0.05048297312,1.277309782
1207,0.004530583186,0.5034720888,0.003036385206,0.05043740836,1.301163264
1208,0.004530583186,0.6384336048,0.003036385206,0.05039188472,1.313057454
1209,0.004530583186,0.5715386871,0.003036385206,0.05034640218,1.262135173
1210,0.004530583186,0.4293684477,0.003036385206,0.05030096068,1.190402092
1211,0.004530583186,0.4558857408,0.003036385206,0.0502555602,1.162034993
1212,0.004530583186,0.4527060833,0.003036385206,0.0502102007,1.176296059
1213,0.004530583186,0.3600048212,0.003036385206,0.05016488213,1.162223467
1214,0.004530583186,0.3389440439,0.003036385206,0.05011960447,1.172313433
1215,0.004530583186,0.4370526463,0.003036385206,0.05007436768,1.179132753
1216,0.004530583186,0.4841348307,0.003036385206,0.05002917171,1.192366791
1217,0.004530583186,0.5102435856,0.003036385206,0.04998401654,1.204177768
1218,0.004530583186,0.4693997258,0.003036385206,0.04993890213,1.223481095
1219,0.004530583186,0.4419285349,0.003036385206,0.04989382843,1.231823836
1220,0.004530583186,0.5016460462,0.003036385206,0.04984879542,1.21481114
1221,0.004530583186,0.5412610761,0.003036385206,0.04980380305,1.217682415
1222,0.004530583186,0.5824296739,0.003036385206,0.04975885129,1.206857645
1223,0.004530583186,0.3083730136,0.003036385206,0.04971394011,1.235681269
1224,0.004530583186,0.5049329977,0.003036385206,0.04966906946,1.251042722
1225,0.004530583186,0.4610876812,0.003036385206,0.0496242393,1.276499024
1226,0.004530583186,0.5197485807,0.003036385206,0.04957944962,1.295568634
1227,0.004530583186,0.4980550607,0.003036385206,0.04953470035,1.316214492
1228,0.004530583186,0.7367863368,0.003036385206,0.04948999148,1.313408879
1229,0.004530583186,0.6078274061,0.003036385206,0.04944532296,1.304258741
1230,0.004530583186,0.5648759015,0.003036385206,0.04940069476,1.2858685
1231,0.004530583186,0.4586589251,0.003036385206,0.04935610684,1.283947087
1232,0.004530583186,0.6804286358,0.003036385206,0.04931155916,1.273726533
1233,0.004530583186,0.5159638633,0.003036385206,0.04926705169,1.279025785
1234,0.004530583186,0.5271186279,0.003036385206,0.04922258439,1.269253107
1235,0.004530583186,0.6394972628,0.003036385206,0.04917815722,1.305060915
1236,0.004530583186,0.5943815223,0.003036385206,0.04913377016,1.308878159
1237,0.004530583186,0.7814529307,0.003036385206,0.04908942316,1.27025589
1238,0.004530583186,0.4953589623,0.003036385206,0.04904511618,1.243454199
1239,0.004530583186,0.6631229976,0.003036385206,0.0490008492,1.248216611
1240,0.004530583186,0.5335590812,0.003036385206,0.04895662216,1.28991999
1241,0.004530583186,0.5920089457,0.003036385206,0.04891243505,1.315070651
1242,0.004530583186,0.7251928294,0.003036385206,0.04886828782,1.31668586
1243,0.004530583186,0.7972981326,0.003036385206,0.04882418044,1.351469528
1244,0.004530583186,0.5680918287,0.003036385206,0.04878011286,1.331281822
1245,0.004530583186,0.6651178204,0.003036385206,0.04873608506,1.28942818
1246,0.004530583186,0.6017255081,0.003036385206,0.048692097,1.24970549
1247,0.004530583186,0.6296666598,0.003036385206,0.04864814864,1.24441839
1248,0.004530583186,0.6398450144,0.003036385206,0.04860423995,1.253828242
1249,0.004530583186,0.6447317424,0.003036385206,0.04856037089,1.259588162
1250,0.004530583186,0.5848996047,0.003036385206,0.04851654143,1.242564037
1251,0.004530583186,0.7231857721,0.003036385206,0.04847275152,1.231833455
1252,0.004530583186,0.5166164045,0.003036385206,0.04842900114,1.196510058
1253,0.004530583186,0.5551843133,0.003036385206,0.04838529024,1.218391489
1254,0.004530583186,0.6737012421,0.003036385206,0.0483416188,1.242506362
1255,0.004530583186,0.6153972677,0.003036385206,0.04829798678,1.227303955
1256,0.004530583186,0.6617128736,0.003036385206,0.04825439413,1.237575826
1257,0.004530583186,0.8168914328,0.003036385206,0.04821084084,1.225233991
1258,0.004530583186,0.4939143,0.003036385206,0.04816732685,1.218186709
1259,0.004530583186,0.5380233944,0.003036385206,0.04812385213,1.256158721
1260,0.004496850651,0.5322066978,0.003039248294,0.04808041666,1.280098673
1261,0.004496850651,0.7738449775,0.003039248294,0.04803702039,1.281303115
1262,0.004496850651,0.5003715272,0.003039248294,0.04799366329,1.251703163
1263,0.004496850651,0.6648567066,0.003039248294,0.04795034532,1.265414076
1264,0.004496850651,0.4152554546,0.003039248294,0.04790706645,1.261466771
1265,0.004496850651,0.5910094852,0.003039248294,0.04786382664,1.252491395
1266,0.004496850651,0.6505986266,0.003039248294,0.04782062586,1.284258714
1267,0.004496850651,0.4630109044,0.003039248294,0.04777746407,1.284172979
1268,0.004496850651,0.5029368593,0.003039248294,0.04773434124,1.28703724
1269,0.004496850651,0.3329315965,0.003039248294,0.04769125733,1.289108842
1270,0.004496850651,0.5596197078,0.003039248294,0.04764821231,1.309161882
1271,0.004496850651,0.3483978327,0.003039248294,0.04760520613,1.329049031
1272,0.004496850651,0.416585822,0.003039248294,0.04756223878,1.325059314
1273,0.004496850651,0.4647408879,0.003039248294,0.0475193102,1.292719042
1274,0.004496850651,0.3503589273,0.003039248294,0.04747642038,1.2800371
1275,0.004496850651,0.3853090125,0.003039248294,0.04743356926,1.283509887
1276,0.004496850651,0.5422614748,0.003039248294,0.04739075682,1.306680492
1277,0.004496850651,0.5152302547,0.003039248294,0.04734798302,1.274252598
1278,0.004496850651,0.4879800815,0.003039248294,0.04730524783,1.257554163
1279,0.004496850651,0.3525260035,0.003039248294,0.04726255121,1.229792763
1280,0.004496850651,0.354996807,0.003039248294,0.04721989312,1.261122026
1281,0.004496850651,0.3599979093,0.003039248294,0.04717727354,1.235184561
1282,0.004496850651,0.5665451088,0.003039248294,0.04713469243,1.225702886
1283,0.004496850651,0.4124908354,0.003039248294,0.04709214975,1.244544246
1284,0.004496850651,0.4063314189,0.003039248294,0.04704964546,1.254635675
1285,0.004496850651,0.3881617152,0.003039248294,0.04700717954,1.253570674
1286,0.004496850651,0.296546579,0.003039248294,0.04696475195,1.256491033
1287,0.004496850651,0.3770147521,0.003039248294,0.04692236266,1.261779397
1288,0.004496850651,0.402769606,0.003039248294,0.04688001162,1.292750696
1289,0.004496850651,0.4731206226,0.003039248294,0.04683769881,1.304024501
1290,0.004496850651,0.4485798453,0.003039248294,0.04679542419,1.321412422
1291,0.004496850651,0.4195764465,0.003039248294,0.04675318772,1.35550708
1292,0.004495265697,0.442752517,0.00326380344,0.04671098938,1.340427814
1293,0.004495265697,0.4490471828,0.00326380344,0.04666882912,1.329633213
1294,0.004495265697,0.4700711689,0.00326380344,0.04662670692,1.36406455
1295,0.004495265697,0.5343180436,0.00326380344,0.04658462273,1.348245618
1296,0.004495265697,0.464738723,0.00326380344,0.04654257653,1.363408981
1297,0.004495265697,0.3928705704,0.00326380344,0.04650056828,1.384451479
1298,0.004495265697,0.4264923278,0.00326380344,0.04645859794,1.393713011
1299,0.004495265697,0.4856988561,0.00326380344,0.04641666549,1.398757778
1300,0.004495265697,0.3972537867,0.00326380344,0.04637477088,1.396791033
1301,0.004495265697,0.3670508776,0.00326380344,0.04633291409,1.407143839
1302,0.004495265697,0.4536001245,0.00326380344,0.04629109507,1.428630652
1303,0.004495265697,0.4391585442,0.00326380344,0.0462493138,1.372670123
1304,0.004495265697,0.4174541511,0.00326380344,0.04620757025,1.347254238
1305,0.004495265697,0.3695973692,0.00326380344,0.04616586436,1.376237254
1306,0.004495265697,0.3741088564,0.00326380344,0.04612419612,1.390629882
1307,0.004495265697,0.3959503299,0.00326380344,0.04608256549,1.408626969
1308,0.004495265697,0.4344862886,0.00326380344,0.04604097244,1.403471941
1309,0.004495265697,0.4279781075,0.00326380344,0.04599941692,1.378138576
1310,0.004495265697,0.4948503737,0.00326380344,0.04595789892,1.382149159
1311,0.004495265697,0.5299219089,0.00326380344,0.04591641838,1.363771025
1312,0.004495265697,0.5105232208,0.00326380344,0.04587497529,1.354057017
1313,0.004495265697,0.5041776916,0.00326380344,0.0458335696,1.350416459
1314,0.004495265697,0.5923004373,0.00326380344,0.04579220128,1.327579818
1315,0.004495265697,0.5037962822,0.00326380344,0.0457508703,1.337674503
1316,0.004495265697,0.5872588837,0.00326380344,0.04570957662,1.317501747
1317,0.004495265697,0.5855405252,0.00326380344,0.04566832022,1.297198929
1318,0.004495265697,0.5049659246,0.00326380344,0.04562710105,1.258653227
1319,0.004495265697,0.7414774935,0.00326380344,0.04558591909,1.228405158
1320,0.004495265697,0.6030862617,0.00326380344,0.04554477429,1.239678745
1321,0.004495265697,0.5676224353,0.00326380344,0.04550366663,1.234855354
1322,0.004495265697,0.4433945668,0.00326380344,0.04546259608,1.214581279
1323,0.004389122118,0.5669624018,0.002998516228,0.04542156259,1.234675206
1324,0.004389122118,0.6585026317,0.002998516228,0.04538056614,1.241592604
1325,0.004389122118,0.6534000403,0.002998516228,0.0453396067,1.209182044
1326,0.004389122118,0.8008676861,0.002998516228,0.04529868422,1.203884106
1327,0.004389122118,0.7859084461,0.002998516228,0.04525779868,1.197336942
1328,0.004389122118,0.6235732399,0.002998516228,0.04521695003,1.175570095
1329,0.004389122118,0.5152267789,0.002998516228,0.04517613826,1.178304405
1330,0.004389122118,0.466262442,0.002998516228,0.04513536333,1.166744436
1331,0.004389122118,0.507858387,0.002998516228,0.0450946252,1.187557382
1332,0.004389122118,0.5601746857,0.002998516228,0.04505392383,1.174397486
1333,0.004389122118,0.5768258854,0.002998516228,0.0450132592,1.180712828
1334,0.004389122118,0.7787837647,0.002998516228,0.04497263128,1.207871929
1335,0.004389122118,0.745830815,0.002998516228,0.04493204002,1.222024341
1336,0.004389122118,0.6149703357,0.002998516228,0.04489148541,1.226173197
1337,0.004389122118,0.6747181042,0.002998516228,0.04485096739,1.223551173
1338,0.004389122118,0.6331544819,0.002998516228,0.04481048595,1.257618986
1339,0.004389122118,0.8207080365,0.002998516228,0.04477004104,1.254600546
1340,0.004389122118,0.4366231703,0.002998516228,0.04472963264,1.250656587
1341,0.004389122118,0.6068149341,0.002998516228,0.04468926071,1.252863833
1342,0.004389122118,0.6513166927,0.002998516228,0.04464892522,1.2787789
1343,0.004389122118,0.6172443427,0.002998516228,0.04460862613,1.289068063
1344,0.004389122118,0.5882377253,0.002998516228,0.04456836342,1.319661728
1345,0.004389122118,0.5687616687,0.002998516228,0.04452813705,1.344888242
1346,0.004389122118,0.4630373208,0.002998516228,0.04448794698,1.350620446
1347,0.004389122118,0.4516928552,0.002998516228,0.04444779319,1.358321446
1348,0.004389122118,0.7020286054,0.002998516228,0.04440767565,1.358080089
1349,0.004389122118,0.6261116763,0.002998516228,0.04436759431,1.332598632
1350,0.004389122118,0.5103560758,0.002998516228,0.04432754914,1.292353557
1351,0.004389122118,0.5802667568,0.002998516228,0.04428754013,1.305422221
1352,0.004389122118,0.5324962552,0.002998516228,0.04424756722,1.319752846
1353,0.004389122118,0.6183556717,0.002998516228,0.04420763039,1.331912396
1354,0.004389122118,0.7312196544,0.002998516228,0.04416772961,1.315554656
1355,0.004389122118,0.4764277842,0.002998516228,0.04412786484,1.337482975
1356,0.004389122118,0.5854525406,0.002998516228,0.04408803605,1.321377506
1357,0.004389122118,0.6686033939,0.002998516228,0.04404824321,1.32460622
1358,0.004389122118,0.4355045651,0.002998516228,0.04400848629,1.350657355
1359,0.004389122118,0.5009495317,0.002998516228,0.04396876525,1.371331705
1360,0.004389122118,0.5320677044,0.002998516228,0.04392908006,1.345998071
1361,0.004389122118,0.625847087,0.002998516228,0.04388943069,1.314221277
1362,0.004389122118,0.5514031929,0.002998516228,0.0438498171,1.287056331
1363,0.004389122118,0.5027945293,0.002998516228,0.04381023928,1.227334016
1364,0.004389122118,0.4531890215,0.002998516228,0.04377069717,1.194792773
1365,0.004389122118,0.6546585692,0.002998516228,0.04373119075,1.146667706
1366,0.004389122118,0.8124117267,0.002998516228,0.04369171999,1.067282278
1367,0.004389122118,0.6451694124,0.002998516228,0.04365228486,0.9769099951
1368,0.004342045319,0.4528032791,0.003105163366,0.04361288532,0.8670496533
1369,0.004342045319,0.4492050706,0.003105163366,0.04357352134,0.8281554342
1370,0.004342045319,0.4340823704,0.003105163366,0.04353419289,0.7946654631
1371,0.004342045319,0.4314996205,0.003105163366,0.04349489993,0.7692367379
1372,0.004342045319,0.387184484,0.003105163366,0.04345564245,0.7263931331
1373,0.004342045319,0.3295430882,0.003105163366,0.04341642039,0.728137932
1374,0.004342045319,0.3714347832,0.003105163366,0.04337723373,0.7164671748
1375,0.004342045319,0.3325745269,0.003105163366,0.04333808245,0.7022212812
1376,0.004342045319,0.2913726797,0.003105163366,0.0432989665,0.693751754
1377,0.004342045319,0.3068244375,0.003105163366,0.04325988586,0.6752486524
1378,0.004342045319,0.3656184893,0.003105163366,0.04322084048,0.6747226513
1379,0.004342045319,0.2240728813,0.003105163366,0.04318183036,0.6709844052
1380,0.004342045319,0.2978128337,0.003105163366,0.04314285544,0.6590361813
1381,0.004342045319,0.3895839753,0.003105163366,0.04310391569,0.6667929593
1382,0.004342045319,0.2174057087,0.003105163366,0.0430650111,0.6643283117
1383,0.004342045319,0.2206652211,0.003105163366,0.04302614162,0.6808923838
1384,0.004342045319,0.2313017536,0.003105163366,0.04298730722,0.6859930472
1385,0.004342045319,0.3050959085,0.003105163366,0.04294850787,0.7017327926
1386,0.004342045319,0.2978640402,0.003105163366,0.04290974354,0.706934313
1387,0.004342045319,0.2089081087,0.003105163366,0.0428710142,0.7255870782
1388,0.004342045319,0.2597190535,0.003105163366,0.04283231982,0.7207506021
1389,0.004342045319,0.3239969159,0.003105163366,0.04279366036,0.7335581523
1390,0.004342045319,0.4675886006,0.003105163366,0.04275503579,0.7423747831
1391,0.004342045319,0.339164364,0.003105163366,0.04271644609,0.742316613
1392,0.004342045319,0.3126225645,0.003105163366,0.04267789122,0.7606637681
1393,0.004342045319,0.2051023298,0.003105163366,0.04263937114,0.7708718385
1394,0.004342045319,0.2370752539,0.003105163366,0.04260088583,0.7512500399
1395,0.004342045319,0.2844693182,0.003105163366,0.04256243526,0.764025868
1396,0.004342045319,0.3773158511,0.003105163366,0.04252401939,0.7878889751
1397,0.004342045319,0.2399506045,0.003105163366,0.0424856382,0.8295818193
1398,0.004342045319,0.2741533532,0.003105163366,0.04244729164,0.8303394761
1399,0.004342045319,0.2145097505,0.003105163366,0.0424089797,0.8473565529
1400,0.004342045319,0.3044126453,0.003105163366,0.04237070234,0.8478151597
1401,0.004342045319,0.4093569639,0.003105163366,0.04233245953,0.8596315971
1402,0.004342045319,0.4547418965,0.003105163366,0.04229425123,0.8380103201
1403,0.004342045319,0.3607393607,0.003105163366,0.04225607742,0.840145356
1404,0.004342045319,0.2946637701,0.003105163366,0.04221793806,0.8499981117
1405,0.004189385798,0.2809435566,0.002816719873,0.04217983313,0.8800757746
1406,0.004189385798,0.3196190721,0.002816719873,0.04214176259,0.9116298238
1407,0.004189385798,0.3567599468,0.002816719873,0.04210372641,0.9327884501
1408,0.004189385798,0.2897795959,0.002816719873,0.04206572456,0.920447664
1409,0.004189385798,0.3275613674,0.002816719873,0.04202775702,0.905780218
1410,0.004189385798,0.3967002149,0.002816719873,0.04198982374,0.9105705994
1411,0.004189385798,0.4450680005,0.002816719873,0.04195192469,0.9323442782
1412,0.004189385798,0.4482494206,0.002816719873,0.04191405986,0.9284835158
1413,0.004189385798,0.3908749561,0.002816719873,0.0418762292,0.9565029956
1414,0.004164835722,0.4216543532,0.002780948327,0.04183843269,0.9829053271
1415,0.004164835722,0.6845810657,0.002780948327,0.04180067029,0.9978370044
1416,0.004049573595,0.3735940721,0.002680806711,0.04176294197,0.995975206
1417,0.004049573595,0.5551621034,0.002680806711,0.04172524771,0.9761622011
1418,0.004049573595,0.3988425239,0.002680806711,0.04168758746,0.9955161668
1419,0.004049573595,0.4806108735,0.002680806711,0.04164996121,0.9856716989
1420,0.004049573595,0.5842069064,0.002680806711,0.04161236892,0.9971903525
1421,0.004049573595,0.3780491805,0.002680806711,0.04157481056,0.9879831011
1422,0.004049573595,0.5134208664,0.002680806711,0.0415372861,0.9759829159
1423,0.004049573595,0.344532081,0.002680806711,0.04149979551,0.9768358674
1424,0.004049573595,0.5074740374,0.002680806711,0.04146233876,0.9976277887
1425,0.004049573595,0.5082709538,0.002680806711,0.04142491581,0.9877428942
1426,0.004049573595,0.486688709,0.002680806711,0.04138752664,1.001330795
1427,0.004049573595,0.5285670896,0.002680806711,0.04135017122,1.017252974
1428,0.004049573595,0.2376300755,0.002680806711,0.04131284951,1.011569671
1429,0.004049573595,0.485178382,0.002680806711,0.04127556149,1.014772576
1430,0.004049573595,0.4422585772,0.002680806711,0.04123830713,1.034694827
1431,0.004049573595,0.3930661598,0.002680806711,0.04120108639,1.022094187
1432,0.004049573595,0.5176987362,0.002680806711,0.04116389924,1.041609274
1433,0.004049573595,0.3197713023,0.002680806711,0.04112674566,1.022650956
1434,0.004049573595,0.3564330538,0.002680806711,0.04108962561,1.042099263
1435,0.004049573595,0.3240031827,0.002680806711,0.04105253907,1.039974442
1436,0.004049573595,0.5492328867,0.002680806711,0.041015486,1.057538099
1437,0.004049573595,0.3748893549,0.002680806711,0.04097846637,1.085573821
1438,0.004049573595,0.2954404829,0.002680806711,0.04094148016,1.105850664
1439,0.004049573595,0.2920237706,0.002680806711,0.04090452732,1.115493388
1440,0.004049573595,0.2948377399,0.002680806711,0.04086760785,1.115019506
1441,0.004049573595,0.3923174659,0.002680806711,0.04083072169,1.116608435
1442,0.004049573595,0.3705438649,0.002680806711,0.04079386883,1.116374136
1443,0.004049573595,0.384027678,0.002680806711,0.04075704923,1.117172151
1444,0.004049573595,0.4076613018,0.002680806711,0.04072026286,1.149980783
1445,0.004049573595,0.3569106141,0.002680806711,0.04068350969,1.142752809
1446,0.004049573595,0.3710493003,0.002680806711,0.0406467897,1.139002436
1447,0.004049573595,0.3530201034,0.002680806711,0.04061010285,1.15924978
1448,0.004049573595,0.4136765521,0.002680806711,0.04057344911,1.161435647
1449,0.004049573595,0.4039032354,0.002680806711,0.04053682846,1.192263414
1450,0.004049573595,0.5804551818,0.002680806711,0.04050024085,1.209952771
1451,0.004049573595,0.3396661168,0.002680806711,0.04046368628,1.251648743
1452,0.004049573595,0.3781753265,0.002680806711,0.04042716469,1.259134776
1453,0.004049573595,0.3096410483,0.002680806711,0.04039067607,1.276905859
1454,0.004049573595,0.4690664564,0.002680806711,0.04035422038,1.241650411
1455,0.004049573595,0.6842588698,0.002680806711,0.04031779759,1.239355923
1456,0.004049573595,0.5118620966,0.002680806711,0.04028140769,1.243517548
1457,0.004049573595,0.4529328287,0.002680806711,0.04024505062,1.263008659
1458,0.004049573595,0.4760009437,0.002680806711,0.04020872637,1.281663529
1459,0.004049573595,0.4144458968,0.002680806711,0.04017243491,1.295753145
1460,0.004049573595,0.4677336664,0.002680806711,0.0401361762,1.31519932
1461,0.004049573595,0.3826956196,0.002680806711,0.04009995021,1.332570958
1462,0.004049573595,0.48414847,0.002680806711,0.04006375693,1.340873914
1463,0.004049573595,0.4015477583,0.002680806711,0.04002759631,1.358853773
1464,0.004049573595,0.3844789745,0.002680806711,0.03999146833,1.360996926
1465,0.004049573595,0.3351602846,0.002680806711,0.03995537296,1.394297037
1466,0.004049573595,0.4441215604,0.002680806711,0.03991931016,1.414624789
1467,0.004049573595,0.5999784947,0.002680806711,0.03988327992,1.441383846
1468,0.004049573595,0.4797206456,0.002680806711,0.03984728219,1.445982843
1469,0.004049573595,0.5854370975,0.002680806711,0.03981131696,1.457482467
1470,0.004049573595,0.4382159128,0.002680806711,0.03977538419,1.48160588
1471,0.004049573595,0.673800038,0.002680806711,0.03973948385,1.489908307
1472,0.004049573595,0.3492145134,0.002680806711,0.03970361591,1.433883059
1473,0.004049573595,0.5317237949,0.002680806711,0.03966778035,1.447373253
1474,0.003966504569,0.414582358,0.002596039171,0.03963197713,1.457896201
1475,0.003966504569,0.7142673443,0.002596039171,0.03959620622,1.513655217
1476,0.003966504569,0.6037458739,0.002596039171,0.03956046761,1.477712905
1477,0.003966504569,0.7007252,0.002596039171,0.03952476124,1.508751052
1478,0.003966504569,0.4433476549,0.002596039171,0.03948908711,1.523931608
1479,0.003966504569,0.4696955202,0.002596039171,0.03945344518,1.56448866
1480,0.003966504569,0.5737348812,0.002596039171,0.03941783541,1.581863712
1481,0.003966504569,0.439594271,0.002596039171,0.03938225778,1.573401031
1482,0.003966504569,0.5180101194,0.002596039171,0.03934671227,1.585589517
1483,0.003966504569,0.5313099868,0.002596039171,0.03931119884,1.585049877
1484,0.003966504569,0.6225130122,0.002596039171,0.03927571746,1.618767666
1485,0.003966504569,0.7324889334,0.002596039171,0.03924026811,1.578552441
1486,0.003966504569,0.6674020806,0.002596039171,0.03920485075,1.564684174
1487,0.003966504569,0.7756450253,0.002596039171,0.03916946536,1.593964246
1488,0.003966504569,0.6650663481,0.002596039171,0.03913411191,1.552630429
1489,0.003966504569,0.7749436399,0.002596039171,0.03909879037,1.501387744
1490,0.003966504569,0.7805424929,0.002596039171,0.03906350071,1.517571398
1491,0.003966504569,0.8664575249,0.002596039171,0.0390282429,1.498924089
1492,0.003966504569,0.8330184722,0.002596039171,0.03899301691,1.546829279
1493,0.003966504569,0.8260686218,0.002596039171,0.03895782272,1.527008539
1494,0.003966504569,0.9084269789,0.002596039171,0.03892266029,1.535198647
1495,0.003966504569,0.7337725913,0.002596039171,0.0388875296,1.539806332
1496,0.003966504569,0.5093337419,0.002596039171,0.03885243061,1.540545381
1497,0.003966504569,0.7042782793,0.002596039171,0.03881736331,1.575916031
1498,0.003966504569,0.7322340907,0.002596039171,0.03878232766,1.594864141
1499,0.003966504569,0.5613209367,0.002596039171,0.03874732363,1.603427133
1500,0.003966504569,0.5922723321,0.002596039171,0.03871235119,1.616267409
1501,0.003966504569,0.6570966252,0.002596039171,0.03867741032,1.630218342
1502,0.003966504569,0.5357187468,0.002596039171,0.03864250099,1.619994979
1503,0.003966504569,0.4925697751,0.002596039171,0.03860762316,1.627201437
1504,0.003966504569,0.6266295279,0.002596039171,0.03857277681,1.673860111
1505,0.003966504569,0.7292816816,0.002596039171,0.03853796192,1.609858665
1506,0.003966504569,0.6637857105,0.002596039171,0.03850317845,1.605967297
1507,0.003966504569,0.6668523567,0.002596039171,0.03846842637,1.545327637
1508,0.003966504569,0.5776843071,0.002596039171,0.03843370566,1.454323073
1509,0.003966504569,0.5115595288,0.002596039171,0.03839901629,1.3719055
1510,0.003966504569,0.6008650151,0.002596039171,0.03836435823,1.360152455
1511,0.003966504569,0.8039812389,0.002596039171,0.03832973145,1.362924161
1512,0.003966504569,0.6569357418,0.002596039171,0.03829513592,1.323795863
1513,0.003966504569,0.5808907947,0.002596039171,0.03826057162,1.291904046
1514,0.003966504569,0.5634117719,0.002596039171,0.03822603851,1.287541989
1515,0.003966504569,0.6692352387,0.002596039171,0.03819153657,1.250412125
1516,0.003966504569,0.6366297351,0.002596039171,0.03815706578,1.2306621
1517,0.003966504569,0.5387950981,0.002596039171,0.0381226261,1.213421373
1518,0.003966504569,0.5293730787,0.002596039171,0.0380882175,1.211738143
1519,0.003966504569,0.5068933696,0.002596039171,0.03805383995,1.189176908
1520,0.003966504569,0.4737173033,0.002596039171,0.03801949344,1.155473988
1521,0.003966504569,0.5532682362,0.002596039171,0.03798517793,1.137045399
1522,0.003966504569,0.5134454192,0.002596039171,0.03795089338,1.096496507
1523,0.003966504569,0.5452833728,0.002596039171,0.03791663979,1.138672916
1524,0.003966504569,0.5968246338,0.002596039171,0.03788241711,1.154204712
1525,0.003966504569,0.4275810734,0.002596039171,0.03784822532,1.169636261
1526,0.003966504569,0.4875561456,0.002596039171,0.03781406438,1.179839937
1527,0.003966504569,0.5610477898,0.002596039171,0.03777993429,1.1793202
1528,0.003966504569,0.4969671018,0.002596039171,0.03774583499,1.168537854
1529,0.003966504569,0.6613838806,0.002596039171,0.03771176648,1.17168677
1530,0.003966504569,0.4155617383,0.002596039171,0.03767772871,1.192467988
1531,0.003966504569,0.5368011649,0.002596039171,0.03764372167,1.198937117
1532,0.003966504569,0.4979674706,0.002596039171,0.03760974531,1.192878345
1533,0.003966504569,0.510267358,0.002596039171,0.03757579963,1.168151717
1534,0.003966504569,0.5679607421,0.002596039171,0.03754188458,1.188787749
1535,0.003966504569,0.4412161196,0.002596039171,0.03750800015,1.216007855
1536,0.003966504569,0.4119088453,0.002596039171,0.0374741463,1.245482214
1537,0.003966504569,0.4980549339,0.002596039171,0.037440323,1.266440229
1538,0.003966504569,0.4552217011,0.002596039171,0.03740653023,1.24512455
1539,0.003966504569,0.4047189999,0.002596039171,0.03737276797,1.255971912
1540,0.003966504569,0.6750795327,0.002596039171,0.03733903617,1.251175337
1541,0.003966504569,0.5279987545,0.002596039171,0.03730533482,1.292557438
1542,0.003966504569,0.6624801481,0.002596039171,0.03727166389,1.296532395
1543,0.003966504569,0.3445463003,0.002596039171,0.03723802335,1.319610765
1544,0.003966504569,0.3260327492,0.002596039171,0.03720441317,1.370926721
1545,0.003966504569,0.5489531287,0.002596039171,0.03717083333,1.380389394
1546,0.003966504569,0.5312952145,0.002596039171,0.0371372838,1.347958982
1547,0.003966504569,0.5730837056,0.002596039171,0.03710376455,1.355505686
1548,0.003966504569,0.4796657003,0.002596039171,0.03707027555,1.354773463
1549,0.003966504569,0.4255169819,0.002596039171,0.03703681678,1.378710139
1550,0.003966504569,0.4773632014,0.002596039171,0.03700338821,1.398450985
1551,0.003966504569,0.3850921208,0.002596039171,0.03696998981,1.387629734
1552,0.003966504569,0.5692396568,0.002596039171,0.03693662155,1.400487422
1553,0.003966504569,0.5683016137,0.002596039171,0.03690328341,1.405766203
1554,0.003966504569,0.4501628362,0.002596039171,0.03686997536,1.382152058
1555,0.003966504569,0.3434860158,0.002596039171,0.03683669738,1.393217333
1556,0.003966504569,0.466916485,0.002596039171,0.03680344943,1.416233771
1557,0.003966504569,0.4531940409,0.002596039171,0.03677023149,1.429647353
1558,0.003966504569,0.4866757672,0.002596039171,0.03673704353,1.459538159
1559,0.003966504569,0.5045244989,0.002596039171,0.03670388552,1.471369338
1560,0.003966504569,0.4881375184,0.002596039171,0.03667075745,1.500352878
1561,0.003966504569,0.5260900454,0.002596039171,0.03663765927,1.508431943
1562,0.003966504569,0.4805916762,0.002596039171,0.03660459097,1.481092302
1563,0.003966504569,0.4593043873,0.002596039171,0.03657155251,1.488362588
1564,0.003966504569,0.3724444528,0.002596039171,0.03653854388,1.451355631
1565,0.003966504569,0.4755926874,0.002596039171,0.03650556503,1.428835785
1566,0.003966504569,0.4031828544,0.002596039171,0.03647261596,1.37110101
1567,0.003966504569,0.5566365076,0.002596039171,0.03643969662,1.349121966
1568,0.003966504569,0.5282075927,0.002596039171,0.03640680699,1.361546147
1569,0.003966504569,0.4792458463,0.002596039171,0.03637394705,1.346320598
1570,0.003966504569,0.6060402,0.002596039171,0.03634111677,1.402647031
1571,0.003966504569,0.6245716814,0.002596039171,0.03630831612,1.417310311
1572,0.003966504569,0.5661390809,0.002596039171,0.03627554508,1.443876511
1573,0.003966504569,0.7235944921,0.002596039171,0.03624280361,1.447046547
1574,0.003966504569,0.6719485775,0.002596039171,0.0362100917,1.484734577
1575,0.003966504569,0.6627071998,0.002596039171,0.03617740931,1.487110453
1576,0.003966504569,0.6608249429,0.002596039171,0.03614475641,1.498861284
1577,0.003966504569,0.5454751711,0.002596039171,0.036112133,1.490814405
1578,0.003966504569,0.4825782748,0.002596039171,0.03607953902,1.454415746
1579,0.003966504569,0.5117661457,0.002596039171,0.03604697446,1.399624951
1580,0.003966504569,0.463283079,0.002596039171,0.0360144393,1.393566558
1581,0.003966504569,0.4656108048,0.002596039171,0.0359819335,1.373239131
1582,0.003966504569,0.6135154241,0.002596039171,0.03594945704,1.35655678
1583,0.003966504569,0.3966380157,0.002596039171,0.0359170099,1.349258738
1584,0.003966504569,0.4906378556,0.002596039171,0.03588459204,1.37550556
1585,0.003966504569,0.4189821544,0.002596039171,0.03585220343,1.358913565
1586,0.003966504569,0.4541865789,0.002596039171,0.03581984407,1.372102771
1587,0.003966504569,0.3494014203,0.002596039171,0.03578751391,1.37661466
1588,0.003966504569,0.6291267243,0.002596039171,0.03575521292,1.383216663
1589,0.003966504569,0.5733636387,0.002596039171,0.0357229411,1.401834238
1590,0.003966504569,0.5541176829,0.002596039171,0.0356906984,1.399358399
1591,0.003966504569,0.5647930698,0.002596039171,0.0356584848,1.391204055
1592,0.003966504569,0.6925659678,0.002596039171,0.03562630028,1.370734098
1593,0.003966504569,0.6083055168,0.002596039171,0.03559414481,1.301453934
1594,0.003966504569,0.6407673948,0.002596039171,0.03556201836,1.316908255
1595,0.003966504569,0.604751248,0.002596039171,0.0355299209,1.349010433
1596,0.003966504569,0.6256526346,0.002596039171,0.03549785242,1.33146507
1597,0.003966504569,0.5533272776,0.002596039171,0.03546581288,1.315222204
1598,0.003966504569,0.7702599106,0.002596039171,0.03543380226,1.274076721
1599,0.003966504569,0.512294615,0.002596039171,0.03540182053,1.235087208
1600,0.003966504569,0.5847439547,0.002596039171,0.03536986767,1.237171661
1601,0.003966504569,0.4687838509,0.002596039171,0.03533794364,1.232196113
1602,0.003966504569,0.54795512,0.002596039171,0.03530604844,1.253175651
1603,0.003966504569,0.4663628911,0.002596039171,0.03527418201,1.293203785
1604,0.003966504569,0.5796149869,0.002596039171,0.03524234435,1.330765191
1605,0.003966504569,0.6027186502,0.002596039171,0.03521053543,1.342322861
1606,0.003966504569,0.3744282118,0.002596039171,0.03517875522,1.320263674
1607,0.003966504569,0.6834905174,0.002596039171,0.03514700369,1.27491647
1608,0.003966504569,0.4902770153,0.002596039171,0.03511528082,1.30141434
1609,0.003966504569,0.5306799619,0.002596039171,0.03508358658,1.351620751
1610,0.003966504569,0.5497556911,0.002596039171,0.03505192095,1.396232053
1611,0.003966504569,0.3842795351,0.002596039171,0.0350202839,1.424875256
1612,0.003966504569,0.5211483105,0.002596039171,0.0349886754,1.449650786
1613,0.003966504569,0.468925215,0.002596039171,0.03495709543,1.467362235
1614,0.003966504569,0.5720209983,0.002596039171,0.03492554397,1.461245607
1615,0.003966504569,0.5557848371,0.002596039171,0.03489402098,1.473014614
1616,0.003966504569,0.4684004355,0.002596039171,0.03486252645,1.43023736
1617,0.003966504569,0.5574258797,0.002596039171,0.03483106034,1.42399314
1618,0.003966504569,0.4376765532,0.002596039171,0.03479962263,1.435570698
1619,0.003966504569,0.516828428,0.002596039171,0.0347682133,1.423906632
1620,0.003966504569,0.5379384587,0.002596039171,0.03473683231,1.418702046
1621,0.003942021951,0.5155108853,0.002548407275,0.03470547965,1.391886164
1622,0.003942021951,0.5002037205,0.002548407275,0.03467415529,1.410226816
1623,0.003942021951,0.5051029173,0.002548407275,0.0346428592,1.425282724
1624,0.003942021951,0.6139624859,0.002548407275,0.03461159136,1.406027005
1625,0.003942021951,0.6788393525,0.002548407275,0.03458035174,1.377709348
1626,0.003942021951,0.6660329553,0.002548407275,0.03454914031,1.372234623
1627,0.003942021951,0.5913166087,0.002548407275,0.03451795706,1.404388553
1628,0.003942021951,0.5359854533,0.002548407275,0.03448680195,1.41846965
1629,0.003942021951,0.4878731296,0.002548407275,0.03445567496,1.387323994
1630,0.003942021951,0.502755521,0.002548407275,0.03442457607,1.375842187
1631,0.003942021951,0.5363867945,0.002548407275,0.03439350525,1.322291599
1632,0.003942021951,0.5903595288,0.002548407275,0.03436246247,1.311457183
1633,0.003942021951,0.4628779893,0.002548407275,0.0343314477,1.273181337
1634,0.003942021951,0.5815730391,0.002548407275,0.03430046093,1.262191318
1635,0.003942021951,0.7084814195,0.002548407275,0.03426950213,1.258598295
1636,0.003942021951,0.4931933849,0.002548407275,0.03423857127,1.237899213
1637,0.003942021951,0.5626407057,0.002548407275,0.03420766833,1.182794642
1638,0.003942021951,0.5100022906,0.002548407275,0.03417679328,1.200792151
1639,0.003942021951,0.5475576373,0.002548407275,0.0341459461,1.202135379
1640,0.003942021951,0.4942233171,0.002548407275,0.03411512676,1.1789018
1641,0.003942021951,0.7034893403,0.002548407275,0.03408433524,1.159072436
1642,0.003942021951,0.5082633659,0.002548407275,0.03405357151,1.166405082
1643,0.003942021951,0.3973615728,0.002548407275,0.03402283554,1.181202796
1644,0.003942021951,0.6244962096,0.002548407275,0.03399212732,1.202879095
1645,0.003942021951,0.7678670211,0.002548407275,0.03396144682,1.190122433
1646,0.003942021951,0.6504094227,0.002548407275,0.033930794,1.179669788
1647,0.003942021951,0.6436980591,0.002548407275,0.03390016885,1.187257867
1648,0.003942021951,0.7380919417,0.002548407275,0.03386957135,1.192534156
1649,0.003942021951,0.7360365995,0.002548407275,0.03383900145,1.175569582
1650,0.003942021951,0.714881443,0.002548407275,0.03380845916,1.144666036
1651,0.003942021951,0.4829350828,0.002548407275,0.03377794442,1.120955276
1652,0.003942021951,0.5201022677,0.002548407275,0.03374745723,1.142811122
1653,0.003942021951,0.6906042989,0.002548407275,0.03371699756,1.147224646
1654,0.003942021951,0.7016868038,0.002548407275,0.03368656538,1.119814598
1655,0.003942021951,0.7839385802,0.002548407275,0.03365616067,1.125541242
1656,0.003942021951,0.5452154612,0.002548407275,0.0336257834,1.146081358
1657,0.003942021951,0.6400132702,0.002548407275,0.03359543354,1.156620478
1658,0.003942021951,0.6216336315,0.002548407275,0.03356511108,1.157045848
1659,0.003942021951,0.516795164,0.002548407275,0.03353481599,1.162606401
1660,0.003942021951,0.6293224088,0.002548407275,0.03350454824,1.177992559
1661,0.003942021951,0.6720028234,0.002548407275,0.03347430782,1.178553007
1662,0.003942021951,0.6344519698,0.002548407275,0.03344409468,1.204781186
1663,0.003942021951,0.507619054,0.002548407275,0.03341390882,1.201026533
1664,0.003942021951,0.6794920727,0.002548407275,0.0333837502,1.231573128
1665,0.003942021951,0.4107455302,0.002548407275,0.0333536188,1.238190175
1666,0.003942021951,0.5508988539,0.002548407275,0.03332351459,1.244745096
1667,0.003942021951,0.6053475913,0.002548407275,0.03329343756,1.253875978
1668,0.003942021951,0.4429542103,0.002548407275,0.03326338768,1.262751932
1669,0.003942021951,0.5309699365,0.002548407275,0.03323336491,1.305117658
1670,0.003942021951,0.5875596137,0.002548407275,0.03320336925,1.27932061
1671,0.003942021951,0.4706732747,0.002548407275,0.03317340066,1.264210115
1672,0.003942021951,0.5307989238,0.002548407275,0.03314345911,1.203867811
1673,0.003942021951,0.5519612162,0.002548407275,0.0331135446,1.181924146
1674,0.003942021951,0.6276094201,0.002548407275,0.03308365708,1.183990002
1675,0.003942021951,0.588635535,0.002548407275,0.03305379654,1.194863554
1676,0.003942021951,0.7934694936,0.002548407275,0.03302396295,1.150265735
1677,0.003942021951,0.5322720089,0.002548407275,0.03299415628,1.140977159
1678,0.003942021951,0.5207606289,0.002548407275,0.03296437652,1.180013515
1679,0.003942021951,0.4985446153,0.002548407275,0.03293462364,1.165731044
1680,0.003942021951,0.4857798115,0.002548407275,0.03290489761,1.153292491
1681,0.003942021951,0.4578497554,0.002548407275,0.03287519841,1.116252756
1682,0.003942021951,0.5052296854,0.002548407275,0.03284552602,1.117969143
1683,0.003942021951,0.4368385292,0.002548407275,0.03281588041,1.079332539
1684,0.003942021951,0.4695318253,0.002548407275,0.03278626156,1.071332936
1685,0.003942021951,0.5628597869,0.002548407275,0.03275666944,1.065449424
1686,0.003942021951,0.5293332022,0.002548407275,0.03272710402,1.014306795
1687,0.003942021951,0.5570200722,0.002548407275,0.0326975653,1.01386483
1688,0.003942021951,0.5116303836,0.002548407275,0.03266805323,1.015247691
1689,0.003942021951,0.4358797099,0.002548407275,0.03263856781,1.000167649
1690,0.003942021951,0.5098627045,0.002548407275,0.03260910899,1.004788686
1691,0.003942021951,0.6210301253,0.002548407275,0.03257967677,1.002816998
1692,0.003942021951,0.45961808,0.002548407275,0.0325502711,0.9640545578
1693,0.003942021951,0.4754987826,0.002548407275,0.03252089198,0.9374966895
1694,0.003942021951,0.4539195325,0.002548407275,0.03249153938,0.9123242727
1695,0.003942021951,0.4163859337,0.002548407275,0.03246221327,0.8812908848
1696,0.003942021951,0.3902538903,0.002548407275,0.03243291363,0.8679094138
1697,0.003942021951,0.2448402494,0.002548407275,0.03240364043,0.8017347156
1698,0.003942021951,0.347840269,0.002548407275,0.03237439366,0.7852264629
1699,0.003942021951,0.3377715242,0.002548407275,0.03234517328,0.7699147852
1700,0.003942021951,0.284164372,0.002548407275,0.03231597928,0.7017917632
1701,0.003942021951,0.2279012427,0.002548407275,0.03228681162,0.7075819626
1702,0.003942021951,0.2457028394,0.002548407275,0.03225767029,0.7215356376
1703,0.003942021951,0.2596144475,0.002548407275,0.03222855527,0.7564838341
1704,0.003942021951,0.2249581714,0.002548407275,0.03219946652,0.7687937498
1705,0.003942021951,0.2397457617,0.002548407275,0.03217040403,0.7737004885
1706,0.003942021951,0.3214043464,0.002548407275,0.03214136777,0.7514898206
1707,0.003942021951,0.2610053848,0.002548407275,0.03211235771,0.7312390136
1708,0.003942021951,0.2762386405,0.002548407275,0.03208337384,0.7413935754
1709,0.003942021951,0.2108098878,0.002548407275,0.03205441613,0.7579054247
1710,0.003942021951,0.2725849459,0.002548407275,0.03202548456,0.8056379216
1711,0.003942021951,0.2984611307,0.002548407275,0.0319965791,0.8144276105
1712,0.003942021951,0.4516439148,0.002548407275,0.03196769973,0.8292639381
1713,0.003942021951,0.3705429018,0.002548407275,0.03193884642,0.8310861167
1714,0.003942021951,0.3469899664,0.002548407275,0.03191001916,0.8493196267
1715,0.003942021951,0.301516625,0.002548407275,0.03188121792,0.8745842011
1716,0.003942021951,0.2852220635,0.002548407275,0.03185244267,0.8628220386
1717,0.003942021951,0.2478732738,0.002548407275,0.03182369339,0.8536521013
1718,0.003942021951,0.3196382283,0.002548407275,0.03179497006,0.8459680186
1719,0.003942021951,0.2864509819,0.002548407275,0.03176627266,0.8462712652
1720,0.003942021951,0.2689583839,0.002548407275,0.03173760116,0.8322326911
1721,0.003942021951,0.2756515664,0.002548407275,0.03170895554,0.8512650286
1722,0.003942021951,0.2496842543,0.002548407275,0.03168033577,0.8677830904
1723,0.003942021951,0.2754186669,0.002548407275,0.03165174183,0.8595925426
1724,0.003942021951,0.2800197013,0.002548407275,0.0316231737,0.8660811029
1725,0.003942021951,0.2666105583,0.002548407275,0.03159463136,0.8672715653
1726,0.003942021951,0.2313289993,0.002548407275,0.03156611478,0.8736280387
1727,0.003942021951,0.1924779031,0.002548407275,0.03153762393,0.9049539712
1728,0.003942021951,0.2530538153,0.002548407275,0.0315091588,0.9022872648
1729,0.003942021951,0.2166674924,0.002548407275,0.03148071937,0.9010479401
1730,0.003942021951,0.2720228259,0.002548407275,0.0314523056,0.9218950301
1731,0.003942021951,0.2915099324,0.002548407275,0.03142391748,0.9397932561
1732,0.003942021951,0.2792403469,0.002548407275,0.03139555498,0.9487584592
1733,0.003942021951,0.2877261186,0.002548407275,0.03136721808,0.9615311468
1734,0.003942021951,0.2205454678,0.002548407275,0.03133890675,1.014729201
1735,0.003942021951,0.2984046317,0.002548407275,0.03131062098,1.032467704
1736,0.003942021951,0.3052246533,0.002548407275,0.03128236074,1.038658174
1737,0.003942021951,0.3896410868,0.002548407275,0.03125412601,1.049111831
1738,0.003942021951,0.359320034,0.002548407275,0.03122591676,1.055813868
1739,0.003942021951,0.2755318345,0.002548407275,0.03119773297,1.056653554
1740,0.003942021951,0.3862042181,0.002548407275,0.03116957462,1.052416814
1741,0.003942021951,0.3253530023,0.002548407275,0.03114144168,1.064634576
1742,0.003942021951,0.2992537593,0.002548407275,0.03111333414,1.074653908
1743,0.003942021951,0.3570344262,0.002548407275,0.03108525196,1.085157109
1744,0.003942021951,0.3075545317,0.002548407275,0.03105719514,1.088790171
1745,0.003942021951,0.4481990773,0.002548407275,0.03102916363,1.0811435
1746,0.003942021951,0.4135029233,0.002548407275,0.03100115743,1.072860054
1747,0.003942021951,0.4037242012,0.002548407275,0.0309731765,1.07259255
1748,0.003942021951,0.4068133766,0.002548407275,0.03094522083,1.070328094
1749,0.003942021951,0.4473203496,0.002548407275,0.03091729039,1.050588173
1750,0.003942021951,0.3797570593,0.002548407275,0.03088938516,1.046006408
1751,0.003942021951,0.3739243347,0.002548407275,0.03086150512,1.046859415
1752,0.003942021951,0.3954061018,0.002548407275,0.03083365024,0.9968516062
1753,0.003942021951,0.4216381058,0.002548407275,0.0308058205,0.9871514828
1754,0.003942021951,0.3022703701,0.002548407275,0.03077801588,0.9436808212
1755,0.003942021951,0.3408975788,0.002548407275,0.03075023636,0.9294704812
1756,0.003942021951,0.3298235392,0.002548407275,0.0307224819,0.930422198
1757,0.003942021951,0.4234356514,0.002548407275,0.0306947525,0.9006590171
1758,0.003942021951,0.3710872756,0.002548407275,0.03066704813,0.8662354947
1759,0.003942021951,0.4677797375,0.002548407275,0.03063936877,0.8764898441
1760,0.003942021951,0.3504049798,0.002548407275,0.03061171438,0.8506381009
1761,0.003942021951,0.3886013925,0.002548407275,0.03058408496,0.8588925997
1762,0.003942021951,0.3651752198,0.002548407275,0.03055648047,0.8379568566
1763,0.003942021951,0.4067900407,0.002548407275,0.0305289009,0.8335234257
1764,0.003942021951,0.398194589,0.002548407275,0.03050134622,0.8670373641
1765,0.003942021951,0.253136667,0.002548407275,0.03047381641,0.8473936313
1766,0.003942021951,0.2906002441,0.002548407275,0.03044631145,0.8536213545
1767,0.003942021951,0.295839176,0.002548407275,0.03041883132,0.8624162606
1768,0.003942021951,0.3838358894,0.002548407275,0.03039137598,0.8872948973
1769,0.003942021951,0.3335935521,0.002548407275,0.03036394543,0.9222150197
1770,0.003942021951,0.2803552057,0.002548407275,0.03033653964,0.9431251867
1771,0.003942021951,0.3053352923,0.002548407275,0.03030915858,0.9445233592
1772,0.003942021951,0.3308605634,0.002548407275,0.03028180224,0.9541747579
1773,0.003942021951,0.4464272612,0.002548407275,0.03025447058,0.9380822475
1774,0.003942021951,0.4228719983,0.002548407275,0.0302271636,0.949801768
1775,0.003942021951,0.3565440539,0.002548407275,0.03019988126,0.9744759656
1776,0.003942021951,0.3694156989,0.002548407275,0.03017262355,1.010388687
1777,0.003942021951,0.3541837937,0.002548407275,0.03014539044,1.030333864
1778,0.003942021951,0.3901451958,0.002548407275,0.03011818191,1.037713049
1779,0.003942021951,0.4309999955,0.002548407275,0.03009099793,1.047865812
1780,0.003942021951,0.3616841105,0.002548407275,0.0300638385,1.065080659
1781,0.003942021951,0.3722880468,0.002548407275,0.03003670357,1.06608394
1782,0.003942021951,0.3392836414,0.002548407275,0.03000959314,1.083314677
1783,0.003942021951,0.3193651002,0.002548407275,0.02998250718,1.100513145
1784,0.003942021951,0.4374109394,0.002548407275,0.02995544566,1.121398086
1785,0.003942021951,0.4682960507,0.002548407275,0.02992840857,1.143170556
1786,0.003942021951,0.37311282,0.002548407275,0.02990139588,1.138411559
1787,0.003942021951,0.3252853329,0.002548407275,0.02987440758,1.149381818
1788,0.003942021951,0.4851327973,0.002548407275,0.02984744363,1.134332507
1789,0.003942021951,0.3287575576,0.002548407275,0.02982050402,1.141566965
1790,0.003942021951,0.3264259614,0.002548407275,0.02979358872,1.150361267
1791,0.003942021951,0.4335273771,0.002548407275,0.02976669772,1.140824021
1792,0.003942021951,0.3924864349,0.002548407275,0.02973983099,1.144754694
1793,0.003942021951,0.6565165936,0.002548407275,0.0297129885,1.127001827
1794,0.003942021951,0.3525661213,0.002548407275,0.02968617025,1.115994742
1795,0.003942021951,0.4065598266,0.002548407275,0.0296593762,1.092950214
1796,0.003942021951,0.4215427104,0.002548407275,0.02963260633,1.103110991
1797,0.003942021951,0.4834410633,0.002548407275,0.02960586063,1.119586953
1798,0.003942021951,0.3979195161,0.002548407275,0.02957913907,1.101172207
1799,0.003942021951,0.4078660282,0.002548407275,0.02955244162,1.08764452
1800,0.003942021951,0.3961955442,0.002548407275,0.02952576827,1.086104969
1801,0.003942021951,0.300675461,0.002548407275,0.029499119,1.11402885
1802,0.003942021951,0.3874674688,0.002548407275,0.02947249378,1.133719778
1803,0.003942021951,0.5051978448,0.002548407275,0.02944589259,1.142664281
1804,0.003942021951,0.419973132,0.002548407275,0.02941931541,1.172251412
1805,0.003942021951,0.4553638559,0.002548407275,0.02939276221,1.173382894
1806,0.003942021951,0.3795591106,0.002548407275,0.02936623299,1.187179531
1807,0.003942021951,0.4034832563,0.002548407275,0.02933972771,1.217533752
1808,0.003942021951,0.491095596,0.002548407275,0.02931324635,1.212418899
1809,0.003942021951,0.4955388861,0.002548407275,0.02928678889,1.223383682
1810,0.003942021951,0.5977658849,0.002548407275,0.02926035531,1.222594876
1811,0.003942021951,0.4841777465,0.002548407275,0.0292339456,1.231978406
1812,0.003942021951,0.5081915954,0.002548407275,0.02920755971,1.24331947
1813,0.003942021951,0.6419931385,0.002548407275,0.02918119765,1.232257187
1814,0.003942021951,0.5014870184,0.002548407275,0.02915485937,1.2397784
1815,0.003942021951,0.4450846719,0.002548407275,0.02912854487,1.263836635
1816,0.003942021951,0.4071931708,0.002548407275,0.02910225412,1.260940709
1817,0.003942021951,0.5008155066,0.002548407275,0.0290759871,1.236948207
1818,0.003942021951,0.4111911835,0.002548407275,0.02904974379,1.230580441
1819,0.003942021951,0.4073320335,0.002548407275,0.02902352417,1.260419495
1820,0.003942021951,0.7720860553,0.002548407275,0.02899732821,1.275945779
1821,0.003942021951,0.5634277115,0.002548407275,0.02897115589,1.281225212
1822,0.003942021951,0.4591419388,0.002548407275,0.02894500719,1.269919803
1823,0.003942021951,0.4866720099,0.002548407275,0.0289188821,1.26664261
1824,0.003942021951,0.4120556074,0.002548407275,0.02889278059,1.270431326
1825,0.003942021951,0.4859619704,0.002548407275,0.02886670264,1.317697173
1826,0.00393848355,0.4276940766,0.002518765125,0.02884064822,1.371964913
1827,0.00393848355,0.3337975167,0.002518765125,0.02881461732,1.383926116
1828,0.00393848355,0.4502793357,0.002518765125,0.02878860991,1.364516374
1829,0.00393848355,0.4369171981,0.002518765125,0.02876262598,1.356117101
1830,0.00393848355,0.4110693642,0.002518765125,0.0287366655,1.338904652
1831,0.00393848355,0.4221343041,0.002518765125,0.02871072845,1.357273684
1832,0.00393848355,0.4107907241,0.002518765125,0.02868481481,1.344554722
1833,0.00393848355,0.5317544531,0.002518765125,0.02865892456,1.347855294
1834,0.00393848355,0.5522045181,0.002518765125,0.02863305768,1.347882361
1835,0.00393848355,0.5498327661,0.002518765125,0.02860721415,1.359911569
1836,0.00393848355,0.4867653128,0.002518765125,0.02858139394,1.356253327
1837,0.003934144391,0.6583612418,0.002496013892,0.02855559704,1.364498036
1838,0.003934144391,0.4186015183,0.002496013892,0.02852982342,1.365303232
1839,0.003934144391,0.5348589878,0.002496013892,0.02850407306,1.389153436
1840,0.003934144391,0.4508100967,0.002496013892,0.02847834594,1.430017731
1841,0.003902321993,0.6432753945,0.002537978568,0.02845264205,1.463294632
1842,0.003902321993,0.5097777394,0.002537978568,0.02842696135,1.444605729
1843,0.003902321993,0.527220116,0.002537978568,0.02840130384,1.453985015
1844,0.003902321993,0.5156023091,0.002537978568,0.02837566948,1.432865805
1845,0.003902321993,0.5081060058,0.002537978568,0.02835005825,1.440749731
1846,0.003902321993,0.5269998409,0.002537978568,0.02832447015,1.42671372
1847,0.003882992092,0.4828281897,0.002456127802,0.02829890514,1.391006968
1848,0.003882992092,0.6639029103,0.002456127802,0.0282733632,1.319961602
1849,0.003882992092,0.5097104022,0.002456127802,0.02824784432,1.280554445
1850,0.003882992092,0.3957080964,0.002456127802,0.02822234847,1.250821536
1851,0.003882992092,0.64497756,0.002456127802,0.02819687563,1.236547943
1852,0.003882992092,0.457284842,0.002456127802,0.02817142579,1.236225059
1853,0.003882992092,0.4220236741,0.002456127802,0.02814599891,1.249338495
1854,0.003882992092,0.6879773817,0.002456127802,0.02812059498,1.265506962
1855,0.003882992092,0.5309254494,0.002456127802,0.02809521399,1.236882845
1856,0.003882992092,0.5816322945,0.002456127802,0.0280698559,1.201232028
1857,0.003882992092,0.4937622654,0.002456127802,0.0280445207,1.203255651
1858,0.003882992092,0.5352295547,0.002456127802,0.02801920836,1.188000371
1859,0.003882992092,0.4552753431,0.002456127802,0.02799391887,1.170726118
1860,0.003882992092,0.3802622912,0.002456127802,0.02796865221,1.16244534
1861,0.003882992092,0.3848290635,0.002456127802,0.02794340835,1.189444186
1862,0.003882992092,0.4598393666,0.002456127802,0.02791818728,1.212854332
1863,0.003882992092,0.5081951169,0.002456127802,0.02789298897,1.214266374
1864,0.003850617937,0.4924594,0.00239064763,0.02786781341,1.204688129
1865,0.003850617937,0.4300875073,0.00239064763,0.02784266056,1.160496763
1866,0.003850617937,0.6184048928,0.00239064763,0.02781753042,1.153526177
1867,0.003850617937,0.5356357213,0.00239064763,0.02779242296,1.157379671
1868,0.003850617937,0.6494603777,0.00239064763,0.02776733817,1.121055424
1869,0.003850617937,0.5437825178,0.00239064763,0.02774227601,1.082582983
1870,0.003850617937,0.4706210032,0.00239064763,0.02771723648,1.082196618
1871,0.003850617937,0.5479428327,0.00239064763,0.02769221954,1.048409272
1872,0.003850617937,0.5067594028,0.00239064763,0.02766722519,1.055717413
1873,0.003850617937,0.4667487192,0.00239064763,0.02764225339,1.054324463
1874,0.003850617937,0.399327879,0.00239064763,0.02761730413,1.044622943
1875,0.003850617937,0.5677591353,0.00239064763,0.02759237739,1.042934226
1876,0.003850617937,0.5387577044,0.00239064763,0.02756747315,1.044358419
1877,0.003850617937,0.5756735825,0.00239064763,0.02754259139,1.05716013
1878,0.003850617937,0.5945521475,0.00239064763,0.02751773209,1.078944206
1879,0.003850617937,0.6179574295,0.00239064763,0.02749289522,1.106220157
1880,0.003850617937,0.488047331,0.00239064763,0.02746808077,1.100717178
1881,0.003850617937,0.3988670929,0.00239064763,0.02744328871,1.057999529
1882,0.003850617937,0.3644664563,0.00239064763,0.02741851904,1.067960268
1883,0.003850617937,0.5090392065,0.00239064763,0.02739377172,1.053336683
1884,0.003850617937,0.5949427561,0.00239064763,0.02736904673,1.038815796
1885,0.003850617937,0.3840831292,0.00239064763,0.02734434407,0.9868850793
1886,0.003850617937,0.3781886777,0.00239064763,0.0273196637,0.9527202679
1887,0.003850617937,0.3473739685,0.00239064763,0.0272950056,0.9258930817
1888,0.003850617937,0.4705932657,0.00239064763,0.02727036976,0.924941354
1889,0.003847536177,0.4343340591,0.002346731185,0.02724575616,0.9044060261
1890,0.003847536177,0.4973759649,0.002346731185,0.02722116477,0.8810734426
1891,0.003847536177,0.3488476312,0.002346731185,0.02719659558,0.899726368
1892,0.003847536177,0.4744513208,0.002346731185,0.02717204856,0.8866809487
1893,0.003847536177,0.4611578611,0.002346731185,0.0271475237,0.8709536035
1894,0.003847536177,0.3578708937,0.002346731185,0.02712302097,0.8644729398
1895,0.003847536177,0.4948476711,0.002346731185,0.02709854036,0.8735135723
1896,0.003847536177,0.3517102037,0.002346731185,0.02707408185,0.8567713534
1897,0.003847536177,0.3777296502,0.002346731185,0.02704964541,0.8654337877
1898,0.003847536177,0.3263361548,0.002346731185,0.02702523103,0.8621199422
1899,0.003847536177,0.2947160223,0.002346731185,0.02700083868,0.863046882
1900,0.003847536177,0.3560524526,0.002346731185,0.02697646835,0.8732097623
1901,0.003847536177,0.3908467772,0.002346731185,0.02695212001,0.8957881586
1902,0.003847536177,0.4099711868,0.002346731185,0.02692779365,0.9249605995
1903,0.003847536177,0.4948968383,0.002346731185,0.02690348925,0.9446722951
1904,0.003847536177,0.2666540964,0.002346731185,0.02687920678,0.939821767
1905,0.003847536177,0.2882633987,0.002346731185,0.02685494623,0.9465015913
1906,0.003847536177,0.2387460021,0.002346731185,0.02683070758,0.9757451241
1907,0.003847536177,0.3002929652,0.002346731185,0.02680649081,0.9817982913
1908,0.003847536177,0.3511877328,0.002346731185,0.02678229589,0.9921931041
1909,0.003847536177,0.3416873387,0.002346731185,0.02675812281,0.9986479613
1910,0.003847536177,0.2986169117,0.002346731185,0.02673397155,1.010288028
1911,0.003847536177,0.2435913805,0.002346731185,0.02670984209,1.00513679
1912,0.003847536177,0.3427382998,0.002346731185,0.0266857344,0.9983797363
1913,0.003847536177,0.2911166451,0.002346731185,0.02666164848,1.01738536
1914,0.003847536177,0.3468854982,0.002346731185,0.02663758429,1.045016018
1915,0.003847536177,0.2876199607,0.002346731185,0.02661354182,1.02577569
1916,0.003847536177,0.328705829,0.002346731185,0.02658952106,1.043590905
1917,0.003847536177,0.3202258395,0.002346731185,0.02656552197,1.061900248
1918,0.003847536177,0.2538658349,0.002346731185,0.02654154455,1.064382803
1919,0.003847536177,0.3250500663,0.002346731185,0.02651758876,1.048782297
1920,0.003847536177,0.4862980207,0.002346731185,0.0264936546,1.043966606
1921,0.003847536177,0.2906875658,0.002346731185,0.02646974204,1.050658719
1922,0.003847536177,0.2702785038,0.002346731185,0.02644585107,1.058575833
1923,0.003847536177,0.2836701975,0.002346731185,0.02642198166,1.053094529
1924,0.003847536177,0.4182138473,0.002346731185,0.02639813379,1.074167017
1925,0.003847536177,0.3456645387,0.002346731185,0.02637430744,1.080730476
1926,0.003847536177,0.3976018246,0.002346731185,0.02635050261,1.092929492
1927,0.003847536177,0.4729746086,0.002346731185,0.02632671925,1.102942738
1928,0.003847536177,0.4700345737,0.002346731185,0.02630295737,1.122462287
1929,0.003847536177,0.6282105859,0.002346731185,0.02627921693,1.137775068
1930,0.003847536177,0.6892511502,0.002346731185,0.02625549791,1.134007275
1931,0.003847536177,0.4943749192,0.002346731185,0.02623180031,1.124540228
1932,0.003847536177,0.3853837468,0.002346731185,0.02620812409,1.147359996
1933,0.003847536177,0.3669488409,0.002346731185,0.02618446925,1.173951236
1934,0.003847536177,0.4139600722,0.002346731185,0.02616083575,1.1819043
1935,0.003847536177,0.368950772,0.002346731185,0.02613722359,1.183237676
1936,0.003847536177,0.4275223915,0.002346731185,0.02611363274,1.21397257
1937,0.003847536177,0.2794191326,0.002346731185,0.02609006318,1.233939533
1938,0.003847536177,0.3330782343,0.002346731185,0.02606651489,1.248782821
1939,0.003847536177,0.409066525,0.002346731185,0.02604298786,1.243570578
1940,0.003847536177,0.4524912154,0.002346731185,0.02601948206,1.20007999
1941,0.003847536177,0.4275642027,0.002346731185,0.02599599748,1.17078107
1942,0.003847536177,0.5612865758,0.002346731185,0.02597253409,1.122120539
1943,0.003847536177,0.3661864057,0.002346731185,0.02594909189,1.09611098
1944,0.003847536177,0.4450956729,0.002346731185,0.02592567084,1.061566531
1945,0.003847536177,0.4732183729,0.002346731185,0.02590227093,1.072747201
1946,0.003847536177,0.4574954844,0.002346731185,0.02587889214,1.06617864
1947,0.003847536177,0.3045926857,0.002346731185,0.02585553445,1.045253101
1948,0.003847536177,0.5014841601,0.002346731185,0.02583219784,1.045483118
1949,0.003847536177,0.4529150113,0.002346731185,0.0258088823,1.044870935
1950,0.003847536177,0.4350546761,0.002346731185,0.0257855878,1.039635889
1951,0.003847536177,0.405574897,0.002346731185,0.02576231433,1.024344459
1952,0.003847536177,0.347414239,0.002346731185,0.02573906186,1.017144124
1953,0.003847536177,0.3440780458,0.002346731185,0.02571583038,1.002589828
1954,0.003847536177,0.3536125661,0.002346731185,0.02569261987,0.9732847844
1955,0.003847536177,0.3828535951,0.002346731185,0.0256694303,0.9545157042
1956,0.003847536177,0.3321147242,0.002346731185,0.02564626167,0.9265937989
1957,0.003847536177,0.452887893,0.002346731185,0.02562311395,0.9258874758
1958,0.003847536177,0.4882196898,0.002346731185,0.02559998712,0.923885397
1959,0.003847536177,0.4155346449,0.002346731185,0.02557688116,0.9370163353
1960,0.003847320448,0.3866723416,0.002484321258,0.02555379606,0.9221737788
1961,0.003847320448,0.3145796243,0.002484321258,0.0255307318,0.9097674859
1962,0.003847320448,0.3138171561,0.002484321258,0.02550768835,0.8994854576
1963,0.003847320448,0.3136495235,0.002484321258,0.02548466571,0.9027647829
1964,0.003787380289,0.3593528515,0.00225432552,0.02546166384,0.9129184787
1965,0.003787380289,0.3835005324,0.00225432552,0.02543868273,0.9018525149
1966,0.003787380289,0.2646462934,0.00225432552,0.02541572236,0.905154577
1967,0.003787380289,0.4024286617,0.00225432552,0.02539278272,0.924606912
1968,0.003787380289,0.351576798,0.00225432552,0.02536986378,0.9355919408
1969,0.003787380289,0.3618435156,0.00225432552,0.02534696553,0.9513043885
1970,0.003787380289,0.4188295594,0.00225432552,0.02532408795,0.9624890268
1971,0.003787380289,0.3477324508,0.00225432552,0.02530123101,0.9509652393
1972,0.003787380289,0.3895963251,0.00225432552,0.02527839471,0.9771814549
1973,0.003787380289,0.3376147809,0.00225432552,0.02525557902,0.974735182
1974,0.003787380289,0.4251407188,0.00225432552,0.02523278392,1.000825788
1975,0.003787380289,0.2865407106,0.00225432552,0.02521000939,1.015526329
1976,0.003787380289,0.3190063593,0.00225432552,0.02518725542,0.9899693523
1977,0.003787380289,0.2727073113,0.00225432552,0.02516452199,0.9624710372
1978,0.003787380289,0.4206374373,0.00225432552,0.02514180907,0.9585193975
1979,0.003787380289,0.3636335233,0.00225432552,0.02511911666,0.9289228691
1980,0.003787380289,0.3193073204,0.00225432552,0.02509644472,0.9067077475
1981,0.003787380289,0.3748883689,0.00225432552,0.02507379326,0.8821388389
1982,0.003787380289,0.4136666597,0.00225432552,0.02505116223,0.8857068115
1983,0.003787380289,0.3151922559,0.00225432552,0.02502855163,0.8790449021
1984,0.003787380289,0.3050325877,0.00225432552,0.02500596144,0.8679547874
1985,0.003787380289,0.4074656261,0.00225432552,0.02498339164,0.845988727
1986,0.003787380289,0.3504024535,0.00225432552,0.02496084221,0.8483979155
1987,0.003787380289,0.3768936434,0.00225432552,0.02493831313,0.8575537418
1988,0.003787380289,0.4259299704,0.00225432552,0.02491580439,0.8468348188
1989,0.003787380289,0.4201629729,0.00225432552,0.02489331596,0.8335305444
1990,0.003787380289,0.3208319381,0.00225432552,0.02487084783,0.8082704296
1991,0.003787380289,0.2861033974,0.00225432552,0.02484839998,0.7834408762
1992,0.003787380289,0.3297222012,0.00225432552,0.02482597239,0.7835732631
1993,0.003787380289,0.2797656766,0.00225432552,0.02480356504,0.7706001764
1994,0.003787380289,0.2783849173,0.00225432552,0.02478117792,0.7902737939
1995,0.003787380289,0.2611243157,0.00225432552,0.024758811,0.8087440697
1996,0.003787380289,0.3396151082,0.00225432552,0.02473646427,0.8232230135
1997,0.003787380289,0.3330376693,0.00225432552,0.02471413771,0.8403713369
1998,0.003787380289,0.3339861377,0.00225432552,0.02469183131,0.8531106653
1999,0.003787380289,0.380490568,0.00225432552,0.02466954503,0.8570980503
2000,0.003787380289,0.2787654112,0.00225432552,0.02464727887,0.8754335202
2001,0.003787380289,0.3194741444,0.00225432552,0.02462503281,0.8746530543
2002,0.003787380289,0.4161216084,0.00225432552,0.02460280682,0.8713447328
2003,0.003787380289,0.3696867425,0.00225432552,0.0245806009,0.8720524705
2004,0.003787380289,0.3960281337,0.00225432552,0.02455841502,0.8359356979
2005,0.003787380289,0.4172494278,0.00225432552,0.02453624916,0.8598363069
2006,0.003787380289,0.3009661732,0.00225432552,0.02451410331,0.8494979602
2007,0.003787380289,0.2562984034,0.00225432552,0.02449197745,0.845576829
2008,0.003787380289,0.3099366067,0.00225432552,0.02446987156,0.8233614601
2009,0.003787380289,0.2600928735,0.00225432552,0.02444778562,0.8534058741
2010,0.003787380289,0.2936331223,0.00225432552,0.02442571962,0.8631008077
2011,0.003787380289,0.2218691358,0.00225432552,0.02440367353,0.8471175043
2012,0.003787380289,0.3840048265,0.00225432552,0.02438164734,0.8464675545
2013,0.003787380289,0.2146612854,0.00225432552,0.02435964103,0.8625801549
2014,0.003787380289,0.1966144176,0.00225432552,0.02433765458,0.8378923842
2015,0.003787380289,0.2637247511,0.00225432552,0.02431568798,0.8434004413
2016,0.003787380289,0.3789335149,0.00225432552,0.0242937412,0.8125547207
2017,0.003722142379,0.2834113313,0.002390575183,0.02427181423,0.8292774541
2018,0.003722142379,0.3725798047,0.002390575183,0.02424990706,0.8416226349
2019,0.003722142379,0.2727265722,0.002390575183,0.02422801965,0.8583091523
2020,0.003722142379,0.3227779661,0.002390575183,0.024206152,0.877690131
2021,0.003722142379,0.2820637311,0.002390575183,0.02418430409,0.8662608475
2022,0.003722142379,0.2042686643,0.002390575183,0.0241624759,0.8748662761
2023,0.003722142379,0.2161965377,0.002390575183,0.02414066741,0.8944507131
2024,0.003722142379,0.3045975668,0.002390575183,0.0241188786,0.9012341184
2025,0.003722142379,0.2773790158,0.002390575183,0.02409710946,0.9064802639
2026,0.003722142379,0.2398097446,0.002390575183,0.02407535997,0.8832732601
2027,0.003722142379,0.3012169782,0.002390575183,0.02405363011,0.8993564972
2028,0.003712895062,0.2862740233,0.00237420545,0.02403191986,0.9141923732
2029,0.003712895062,0.2685560382,0.00237420545,0.0240102292,0.9125794831
2030,0.003712895062,0.2665191378,0.00237420545,0.02398855813,0.8969337133
2031,0.003712895062,0.4274479555,0.00237420545,0.02396690661,0.9077719276
2032,0.003712895062,0.37019561,0.00237420545,0.02394527463,0.9182523916
2033,0.003712895062,0.3534497413,0.00237420545,0.02392366218,0.9310126863
2034,0.003712895062,0.3805045902,0.00237420545,0.02390206924,0.9263398487
2035,0.003712895062,0.3426263558,0.00237420545,0.02388049579,0.9378816099
2036,0.003712895062,0.4451467324,0.00237420545,0.02385894181,0.9420440246
2037,0.003712895062,0.3626134834,0.00237420545,0.02383740728,0.9685673323
2038,0.003712895062,0.2828869874,0.00237420545,0.02381589219,0.9548032062
2039,0.003712895062,0.2473498361,0.00237420545,0.02379439651,0.9554266703
2040,0.003712895062,0.2624454673,0.00237420545,0.02377292024,0.9372247417
2041,0.003712895062,0.3954619027,0.00237420545,0.02375146336,0.9277237595
2042,0.003712895062,0.2689543457,0.00237420545,0.02373002584,0.9234353702
2043,0.003712895062,0.258791122,0.00237420545,0.02370860766,0.9522195128
2044,0.003712895062,0.3682512824,0.00237420545,0.02368720882,0.9386587655
2045,0.003712895062,0.3569252814,0.00237420545,0.0236658293,0.9450806506
2046,0.003712895062,0.2508199877,0.00237420545,0.02364446907,0.9865639139
2047,0.003712895062,0.1943376561,0.00237420545,0.02362312812,0.9975835098
2048,0.003712895062,0.369458312,0.00237420545,0.02360180643,1.020694697
2049,0.003712895062,0.2629229056,0.00237420545,0.02358050399,1.017798266
2050,0.003712895062,0.2176731476,0.00237420545,0.02355922077,1.00767763
2051,0.003712895062,0.319397854,0.00237420545,0.02353795676,1.029956981
2052,0.003712895062,0.2550235342,0.00237420545,0.02351671195,1.030097804
2053,0.003712895062,0.2968974868,0.00237420545,0.02349548631,1.036645807
2054,0.003712895062,0.2712290307,0.00237420545,0.02347427983,1.033883395
2055,0.003712895062,0.3216895991,0.00237420545,0.02345309249,1.05101049
2056,0.003712895062,0.4021949653,0.00237420545,0.02343192427,1.054646888
2057,0.003712895062,0.5180623887,0.00237420545,0.02341077516,1.069407568
2058,0.003712895062,0.5091282468,0.00237420545,0.02338964514,1.071123688
2059,0.003712895062,0.5094883766,0.00237420545,0.02336853418,1.076607077
2060,0.003712895062,0.4405693459,0.00237420545,0.02334744229,1.083918118
2061,0.003712895062,0.5176096505,0.00237420545,0.02332636943,1.059402644
2062,0.003712895062,0.4420373327,0.00237420545,0.02330531559,1.080285548
2063,0.003712895062,0.4828956692,0.00237420545,0.02328428075,1.084377033
2064,0.003712895062,0.4018384408,0.00237420545,0.0232632649,1.073843177
2065,0.003712895062,0.4821623634,0.00237420545,0.02324226801,1.086794844
2066,0.003712895062,0.4500498847,0.00237420545,0.02322129008,1.085540113
2067,0.003712895062,0.5889701014,0.00237420545,0.02320033108,1.099275334
2068,0.003712895062,0.4260526172,0.00237420545,0.023179391,1.12212372
2069,0.003712895062,0.5277387023,0.00237420545,0.02315846982,1.116420002
2070,0.003712895062,0.3953647899,0.00237420545,0.02313756752,1.126243771
2071,0.003712895062,0.3696568554,0.00237420545,0.02311668409,1.102776301
2072,0.003712895062,0.4231799712,0.00237420545,0.0230958195,1.120085924
2073,0.003712895062,0.4112683719,0.00237420545,0.02307497375,1.130226632
2074,0.003712895062,0.4562529319,0.00237420545,0.02305414682,1.082741995
2075,0.003712895062,0.4055527557,0.00237420545,0.02303333868,1.068794293
2076,0.003712895062,0.4579262811,0.00237420545,0.02301254932,1.082136255
2077,0.003712895062,0.5437598683,0.00237420545,0.02299177873,1.092349824
2078,0.003712895062,0.5403990012,0.00237420545,0.02297102688,1.100693793
2079,0.003712895062,0.5506279031,0.00237420545,0.02295029376,1.111544704
2080,0.003712895062,0.4477205695,0.00237420545,0.02292957936,1.096165337
2081,0.003712895062,0.5831805688,0.00237420545,0.02290888365,1.114157668
2082,0.003712895062,0.4413370964,0.00237420545,0.02288820662,1.102509828
2083,0.003712895062,0.4322928822,0.00237420545,0.02286754826,1.114693701
2084,0.003712895062,0.3640696698,0.00237420545,0.02284690854,1.115942112
2085,0.003712895062,0.4181595989,0.00237420545,0.02282628745,1.109754719
2086,0.003712895062,0.4265286444,0.00237420545,0.02280568497,1.119270445
2087,0.003712895062,0.451874877,0.00237420545,0.02278510109,1.138779464
2088,0.003712895062,0.387493798,0.00237420545,0.02276453579,1.129068631
2089,0.003712895062,0.3642571748,0.00237420545,0.02274398904,1.107522913
2090,0.003712895062,0.3658332786,0.00237420545,0.02272346085,1.102594176
2091,0.003712895062,0.4177777908,0.00237420545,0.02270295118,1.06856817
2092,0.003712895062,0.5420055689,0.00237420545,0.02268246002,1.015343903
2093,0.003712895062,0.5198869372,0.00237420545,0.02266198736,0.9490218641
2094,0.003703404487,0.391401638,0.0023331844,0.02264153317,0.9542745674
2095,0.003703404487,0.4259402647,0.0023331844,0.02262109745,0.9176061771
2096,0.003703404487,0.3425633417,0.0023331844,0.02260068017,0.8708937742
2097,0.003703404487,0.4645420384,0.0023331844,0.02258028132,0.8201195409
2098,0.003703404487,0.3955105724,0.0023331844,0.02255990088,0.8109630744
2099,0.003703404487,0.3274106955,0.0023331844,0.02253953884,0.8104904882
2100,0.003703404487,0.4279441988,0.0023331844,0.02251919517,0.797135957
2101,0.003703404487,0.471923687,0.0023331844,0.02249886987,0.7929761029
2102,0.003703404487,0.4721064895,0.0023331844,0.02247856291,0.7771484445
2103,0.003703404487,0.4237220633,0.0023331844,0.02245827428,0.7750304856
2104,0.003703404487,0.3470364112,0.0023331844,0.02243800396,0.7610959443
2105,0.003703404487,0.3877693798,0.0023331844,0.02241775194,0.7721784059
2106,0.003703404487,0.3541976708,0.0023331844,0.0223975182,0.7663339723
2107,0.003703404487,0.2939503362,0.0023331844,0.02237730271,0.7610709956
2108,0.003703404487,0.4218276953,0.0023331844,0.02235710548,0.7407400203
2109,0.003703404487,0.2291401217,0.0023331844,0.02233692647,0.7565968929
2110,0.003703404487,0.2791241003,0.0023331844,0.02231676568,0.7786723226
2111,0.003703404487,0.2663637145,0.0023331844,0.02229662309,0.785111066
2112,0.003703404487,0.2353012214,0.0023331844,0.02227649867,0.8109189718
2113,0.003703404487,0.2358877608,0.0023331844,0.02225639242,0.8197644416
2114,0.003703404487,0.2181853481,0.0023331844,0.02223630432,0.8409752286
2115,0.003703404487,0.2519145287,0.0023331844,0.02221623434,0.8358788347
2116,0.003703404487,0.2230327548,0.0023331844,0.02219618248,0.867432928
2117,0.003703404487,0.3755796664,0.0023331844,0.02217614872,0.8673213178
2118,0.003703404487,0.2447904226,0.0023331844,0.02215613305,0.8737405741
2119,0.003703404487,0.3643535984,0.0023331844,0.02213613543,0.8800753199
2120,0.003703404487,0.3237632137,0.0023331844,0.02211615587,0.9022058193
2121,0.003703404487,0.238000347,0.0023331844,0.02209619434,0.9379283533
2122,0.003703404487,0.2295605477,0.0023331844,0.02207625083,0.9538629635
2123,0.003699853054,0.3301574604,0.002290153424,0.02205632532,0.9633446465
2124,0.003699853054,0.2157248385,0.002290153424,0.02203641779,1.007287245
2125,0.003699853054,0.3297953294,0.002290153424,0.02201652823,1.01933471
2126,0.003699853054,0.2927000952,0.002290153424,0.02199665662,1.007762569
2127,0.003699853054,0.3070938157,0.002290153424,0.02197680295,1.046229846
2128,0.003699853054,0.3367044644,0.002290153424,0.02195696719,1.070238294
2129,0.003699853054,0.2866379221,0.002290153424,0.02193714934,1.070525597
2130,0.003699853054,0.3613498113,0.002290153424,0.02191734938,1.053319938
2131,0.003699853054,0.3690294359,0.002290153424,0.02189756729,1.061508561
2132,0.003699853054,0.3600328968,0.002290153424,0.02187780305,1.058798241
2133,0.003699853054,0.3814231008,0.002290153424,0.02185805665,1.054801461
2134,0.003699853054,0.3426223798,0.002290153424,0.02183832808,1.098946484
2135,0.003699853054,0.4873737833,0.002290153424,0.02181861731,1.132596277
2136,0.003699853054,0.4564981094,0.002290153424,0.02179892433,1.129543492
2137,0.003699853054,0.3728640355,0.002290153424,0.02177924913,1.13956834
2138,0.003699853054,0.4588339291,0.002290153424,0.02175959168,1.135421504
2139,0.003699853054,0.4319585268,0.002290153424,0.02173995198,1.1617197
2140,0.003699853054,0.4398545901,0.002290153424,0.02172033,1.177719971
2141,0.003699853054,0.3028921582,0.002290153424,0.02170072574,1.185420159
2142,0.003699853054,0.3670592554,0.002290153424,0.02168113916,1.215515991
2143,0.003699853054,0.4329880955,0.002290153424,0.02166157027,1.222394912
2144,0.003699853054,0.630421409,0.002290153424,0.02164201904,1.196368899
2145,0.003699853054,0.4783954578,0.002290153424,0.02162248545,1.177192971
2146,0.003699853054,0.4659371772,0.002290153424,0.0216029695,1.1970715
2147,0.003699853054,0.552292971,0.002290153424,0.02158347116,1.203996606
2148,0.003699853054,0.4569831249,0.002290153424,0.02156399042,1.203224102
2149,0.003699853054,0.4254150059,0.002290153424,0.02154452726,1.158500903
2150,0.003699853054,0.5615208625,0.002290153424,0.02152508167,1.145646716
2151,0.003699853054,0.5281978888,0.002290153424,0.02150565363,1.140883573
2152,0.003699853054,0.5434226599,0.002290153424,0.02148624313,1.168017307
2153,0.003699853054,0.5806699503,0.002290153424,0.02146685014,1.18235418
2154,0.003699853054,0.4478312441,0.002290153424,0.02144747466,1.165995316
2155,0.003699853054,0.444571315,0.002290153424,0.02142811666,1.190948925
2156,0.003699853054,0.5005248183,0.002290153424,0.02140877614,1.201205365
2157,0.003699853054,0.4536367207,0.002290153424,0.02138945308,1.22698403
2158,0.003699853054,0.4725626923,0.002290153424,0.02137014745,1.202775486
2159,0.003699853054,0.5010805447,0.002290153424,0.02135085925,1.217641155
2160,0.003699853054,0.4814547649,0.002290153424,0.02133158846,1.242000004
2161,0.003699853054,0.4112303684,0.002290153424,0.02131233507,1.235024645
2162,0.003699853054,0.3910760137,0.002290153424,0.02129309905,1.261233706
2163,0.003699853054,0.4015013534,0.002290153424,0.02127388039,1.247281656
2164,0.003699853054,0.4287761252,0.002290153424,0.02125467908,1.267269773
2165,0.003699853054,0.4864710866,0.002290153424,0.0212354951,1.252960206
2166,0.003699853054,0.3559275225,0.002290153424,0.02121632843,1.254210743
2167,0.003699853054,0.3726405077,0.002290153424,0.02119717906,1.272752217
2168,0.003699853054,0.4318504148,0.002290153424,0.02117804698,1.271986411
2169,0.003693685517,0.4791596976,0.00227107402,0.02115893217,1.273766799
2170,0.003693685517,0.5645519964,0.00227107402,0.0211398346,1.268297677
2171,0.003693685517,0.4657698086,0.00227107402,0.02112075428,1.29484943
2172,0.003693685517,0.5265998455,0.00227107402,0.02110169118,1.31484619
2173,0.003693685517,0.5158642128,0.00227107402,0.02108264528,1.307859779
2174,0.003693685517,0.3893552836,0.00227107402,0.02106361657,1.302146228
2175,0.003693685517,0.3154342555,0.00227107402,0.02104460504,1.327853914
2176,0.003693685517,0.3272464522,0.00227107402,0.02102561067,1.356360376
2177,0.003693685517,0.4253321125,0.00227107402,0.02100663344,1.377030952
2178,0.003693685517,0.4416232731,0.00227107402,0.02098767334,1.399455286
2179,0.003693685517,0.6316306766,0.00227107402,0.02096873035,1.390501931
2180,0.003693685517,0.5389711316,0.00227107402,0.02094980446,1.374577362
2181,0.003693685517,0.4637254823,0.00227107402,0.02093089565,1.371372549
2182,0.003693685517,0.4750319601,0.00227107402,0.02091200391,1.39807642
2183,0.003693685517,0.4747637491,0.00227107402,0.02089312922,1.379293717
2184,0.003693685517,0.3130582117,0.00227107402,0.02087427157,1.363161443
2185,0.003693685517,0.5622925453,0.00227107402,0.02085543093,1.320546744
2186,0.003693685517,0.4299018297,0.00227107402,0.0208366073,1.235696957
2187,0.003693685517,0.4889810354,0.00227107402,0.02081780066,1.189033354
2188,0.003693685517,0.6093787301,0.00227107402,0.020799011,1.176836018
2189,0.003693685517,0.3813587406,0.00227107402,0.02078023829,1.209816949
2190,0.003693685517,0.4336356487,0.00227107402,0.02076148253,1.160221094
2191,0.003693685517,0.4928653198,0.00227107402,0.0207427437,1.161893025
2192,0.003693685517,0.4738594253,0.00227107402,0.02072402178,1.157968183
2193,0.003693685517,0.3384812866,0.00227107402,0.02070531676,1.143051679
2194,0.003693685517,0.4819513309,0.00227107402,0.02068662862,1.147785901
2195,0.003693685517,0.3909021911,0.00227107402,0.02066795735,1.1458806
2196,0.003693685517,0.3759903966,0.00227107402,0.02064930293,1.161264943
2197,0.003693685517,0.3598923983,0.00227107402,0.02063066535,1.163247245
2198,0.003693685517,0.3770965389,0.00227107402,0.02061204458,1.18098789
2199,0.003693685517,0.4190629124,0.00227107402,0.02059344063,1.194092824
2200,0.003693685517,0.3726728277,0.00227107402,0.02057485347,1.182612858
2201,0.003693685517,0.459926181,0.00227107402,0.02055628308,1.179577322
2202,0.003693685517,0.4225211217,0.00227107402,0.02053772946,1.15551141
2203,0.003693685517,0.4541446893,0.00227107402,0.02051919258,1.159431704
2204,0.003693685517,0.3458246366,0.00227107402,0.02050067243,1.148412729
2205,0.003693685517,0.3734170962,0.00227107402,0.020482169,1.184484289
2206,0.003693685517,0.4518590328,0.00227107402,0.02046368227,1.187434109
2207,0.003693685517,0.5302839112,0.00227107402,0.02044521222,1.208854522
2208,0.003693685517,0.5375300606,0.00227107402,0.02042675885,1.201159427
2209,0.003693685517,0.4047170493,0.00227107402,0.02040832213,1.190042289
2210,0.003693685517,0.4907413599,0.00227107402,0.02038990205,1.185294126
2211,0.003693685517,0.563083458,0.00227107402,0.0203714986,1.170032296
2212,0.003693685517,0.4099370064,0.00227107402,0.02035311175,1.159701933
2213,0.003693685517,0.4355906296,0.00227107402,0.02033474151,1.142454273
2214,0.003693685517,0.4961180657,0.00227107402,0.02031638784,1.152511039
2215,0.003693685517,0.6396201952,0.00227107402,0.02029805074,1.152598578
2216,0.003693685517,0.3173550384,0.00227107402,0.02027973019,1.107722764
2217,0.003693685517,0.2825879281,0.00227107402,0.02026142618,1.1267386
2218,0.003693685517,0.4441068871,0.00227107402,0.02024313868,1.149386445
2219,0.003693685517,0.3173418625,0.00227107402,0.02022486769,1.14469161
2220,0.003693685517,0.5032892925,0.00227107402,0.0202066132,1.127492762
2221,0.003693685517,0.4690699287,0.00227107402,0.02018837518,1.126232453
2222,0.003693685517,0.3906681956,0.00227107402,0.02017015362,1.122527341
2223,0.003693685517,0.3891125121,0.00227107402,0.0201519485,1.11111458
2224,0.003693685517,0.3488616214,0.00227107402,0.02013375982,1.135894612
2225,0.003693685517,0.3110376605,0.00227107402,0.02011558756,1.121265735
2226,0.003693685517,0.3885610507,0.00227107402,0.02009743169,1.092233016
2227,0.003693685517,0.3799722097,0.00227107402,0.02007929222,1.093104461
2228,0.003693685517,0.3967065925,0.00227107402,0.02006116911,1.088506725
2229,0.003693685517,0.47260593,0.00227107402,0.02004306237,1.112698065
2230,0.003693685517,0.4532095502,0.00227107402,0.02002497196,1.106233849
2231,0.003693685517,0.3406474181,0.00227107402,0.02000689789,1.109737972
2232,0.003693685517,0.2993408351,0.00227107402,0.01998884013,1.125212455
2233,0.003693685517,0.3803120025,0.00227107402,0.01997079866,1.105727541
2234,0.003693685517,0.4056957967,0.00227107402,0.01995277348,1.085875383
2235,0.003693685517,0.3480517261,0.00227107402,0.01993476457,1.083512225
2236,0.003693685517,0.4416332145,0.00227107402,0.01991677191,1.105744869
2237,0.003693685517,0.4383476139,0.00227107402,0.0198987955,1.11545017
2238,0.003693685517,0.331695914,0.00227107402,0.01988083531,1.107393366
2239,0.003693685517,0.5336748796,0.00227107402,0.01986289132,1.141178787
2240,0.003693685517,0.4738956613,0.00227107402,0.01984496354,1.15679169
2241,0.003693685517,0.2675127606,0.00227107402,0.01982705193,1.14266505
2242,0.003693685517,0.33496325,0.00227107402,0.0198091565,1.147757004
2243,0.003693685517,0.3238223061,0.00227107402,0.01979127721,1.138622506
2244,0.003693685517,0.340481024,0.00227107402,0.01977341406,1.12067211
2245,0.003693685517,0.3103219032,0.00227107402,0.01975556704,1.099482635
2246,0.003693685517,0.3270339334,0.00227107402,0.01973773612,1.07410681
2247,0.003693685517,0.3503626071,0.00227107402,0.0197199213,1.078558862
2248,0.003693685517,0.3029726268,0.00227107402,0.01970212255,1.072911713
2249,0.003693685517,0.3483752184,0.00227107402,0.01968433987,1.06291583
2250,0.003693685517,0.3600925323,0.00227107402,0.01966657325,1.071935683
2251,0.003693685517,0.2865173143,0.00227107402,0.01964882265,1.08079017
2252,0.003693685517,0.2448303882,0.00227107402,0.01963108808,1.066864569
2253,0.003693685517,0.4885572999,0.00227107402,0.01961336951,1.037227215
2254,0.003693685517,0.3154192472,0.00227107402,0.01959566694,1.060314057
2255,0.003693685517,0.455658211,0.00227107402,0.01957798035,1.076455169
2256,0.003693685517,0.3951461065,0.00227107402,0.01956030972,1.035872196
2257,0.003693685517,0.4115442137,0.00227107402,0.01954265503,0.9773229728
2258,0.003693685517,0.3536571189,0.00227107402,0.01952501629,0.9172743307
2259,0.003693685517,0.3215623314,0.00227107402,0.01950739346,0.8745677216
2260,0.003693685517,0.3757971136,0.00227107402,0.01948978654,0.7861635
2261,0.003693685517,0.2877739199,0.00227107402,0.01947219551,0.7093009547
2262,0.003693685517,0.2159295826,0.00227107402,0.01945462035,0.6014479795
2263,0.003614936375,0.1810697237,0.002345802026,0.01943706107,0.4698070376
2264,0.003614936375,0.1917927279,0.002345802026,0.01941951762,0.3483938775
2265,0.003614936375,0.08507187195,0.002345802026,0.01940199002,0.2148042927
2266,0.003614936375,0.03882891531,0.002345802026,0.01938447823,0.1044351698
2267,0.003614936375,0.01784924659,0.002345802026,0.01936698225,0.05386056797
2268,0.003614936375,0.01932396476,0.002345802026,0.01934950206,0.03414060367
2269,0.003614936375,0.02454780156,0.002345802026,0.01933203765,0.03408670563
2270,0.003614936375,0.01847623726,0.002345802026,0.019314589,0.03302248425
2271,0.003614936375,0.02261080027,0.002345802026,0.0192971561,0.03275390107
2272,0.003614936375,0.02289900006,0.002345802026,0.01927973893,0.03389621364
2273,0.003614936375,0.02677021558,0.002345802026,0.01926233749,0.03585871649
2274,0.003519579054,0.02288356916,0.002277131868,0.01924495175,0.03799446941
2275,0.003519579054,0.02549885883,0.002277131868,0.0192275817,0.03864758115
2276,0.003519579054,0.02571424067,0.002277131868,0.01921022733,0.04011153331
2277,0.003519579054,0.02694278997,0.002277131868,0.01919288862,0.04066261081
2278,0.003519579054,0.02885813665,0.002277131868,0.01917556557,0.04137737495
2279,0.003519579054,0.03061509742,0.002277131868,0.01915825815,0.04243355427
2280,0.003519579054,0.02829076856,0.002277131868,0.01914096635,0.04417759354
2281,0.003519579054,0.03576278179,0.002277131868,0.01912369015,0.04579994251
2282,0.003519579054,0.04344523992,0.002277131868,0.01910642956,0.04783525829
2283,0.003519579054,0.03859681312,0.002277131868,0.01908918453,0.04996831237
2284,0.003519579054,0.03995179026,0.002277131868,0.01907195508,0.05172240179
2285,0.003519579054,0.03875628554,0.002277131868,0.01905474117,0.05254965666
2286,0.003519579054,0.02965470983,0.002277131868,0.01903754281,0.05425144992
2287,0.003519579054,0.03782276868,0.002277131868,0.01902035996,0.0556530516
2288,0.003519579054,0.03657891954,0.002277131868,0.01900319263,0.05505652624
2289,0.003519579054,0.03808911428,0.002277131868,0.01898604078,0.05532955846
2290,0.003519579054,0.03809073923,0.002277131868,0.01896890442,0.05514114943
2291,0.003519579054,0.03441200836,0.002277131868,0.01895178353,0.05678241097
2292,0.003519579054,0.04827909385,0.002277131868,0.01893467809,0.05899561019
2293,0.003519579054,0.03981524998,0.002277131868,0.01891758809,0.05765547586
2294,0.003519579054,0.05039637809,0.002277131868,0.01890051351,0.05825135581
2295,0.003519579054,0.03229505494,0.002277131868,0.01888345435,0.05725929504
2296,0.003519579054,0.04553249859,0.002277131868,0.01886641058,0.0581885241
2297,0.003519579054,0.03615777603,0.002277131868,0.01884938219,0.05853249426
2298,0.003494187013,0.04019163473,0.002457717023,0.01883236918,0.05837652558
2299,0.003494187013,0.03360927491,0.002457717023,0.01881537152,0.05717512705
2300,0.003494187013,0.03676669005,0.002457717023,0.0187983892,0.05648448814
2301,0.003494187013,0.02999243633,0.002457717023,0.01878142221,0.05932941114
2302,0.003494187013,0.03254517016,0.002457717023,0.01876447053,0.06175311067
2303,0.003494187013,0.03356241878,0.002457717023,0.01874753415,0.06226552864
2304,0.003473536089,0.04041077465,0.002277411731,0.01873061307,0.06380562708
2305,0.003473536089,0.04316830795,0.002277411731,0.01871370725,0.0648180175
2306,0.00338101144,0.04116410493,0.00230361293,0.01869681669,0.06522182753
2307,0.00338101144,0.03382841072,0.00230361293,0.01867994138,0.06446384186
2308,0.00338101144,0.04015785103,0.00230361293,0.01866308129,0.06420891964
2309,0.00338101144,0.04017162488,0.00230361293,0.01864623643,0.06498959368
2310,0.00338101144,0.04579756308,0.00230361293,0.01862940677,0.06987165527
2311,0.00338101144,0.04087844162,0.00230361293,0.0186125923,0.07249539456
2312,0.00338101144,0.04663490665,0.00230361293,0.018595793,0.07568381686
2313,0.003300240984,0.05085834075,0.001874758098,0.01857900887,0.07762713065
2314,0.003300240984,0.04602142443,0.001874758098,0.01856223989,0.08079133909
2315,0.003300240984,0.05399204167,0.001874758098,0.01854548604,0.08500717754
2316,0.003300240984,0.05540828182,0.001874758098,0.01852874731,0.08621984133
2317,0.003300240984,0.06143949044,0.001874758098,0.0185120237,0.0873672645
2318,0.003300240984,0.05498250738,0.001874758098,0.01849531517,0.09073619864
2319,0.003300240984,0.06120392268,0.001874758098,0.01847862173,0.09272736756
2320,0.003300240984,0.0622721395,0.001874758098,0.01846194335,0.0963648722
2321,0.003300240984,0.07207798488,0.001874758098,0.01844528003,0.09663630284
2322,0.003300240984,0.06793243919,0.001874758098,0.01842863175,0.09857106913
2323,0.003300240984,0.07265119619,0.001874758098,0.01841199849,0.1005455686
2324,0.003300240984,0.07901429838,0.001874758098,0.01839538025,0.1015638782
2325,0.003300240984,0.08145723468,0.001874758098,0.01837877701,0.1018050968
2326,0.003300240984,0.109556287,0.001874758098,0.01836218875,0.1031628359
2327,0.003300240984,0.07988508382,0.001874758098,0.01834561546,0.1043920062
2328,0.003300240984,0.07719692831,0.001874758098,0.01832905713,0.1064687391
2329,0.003300240984,0.07395962552,0.001874758098,0.01831251375,0.1072540269
2330,0.003300240984,0.09032515791,0.001874758098,0.0182959853,0.106562618
2331,0.003300240984,0.07238335646,0.001874758098,0.01827947177,0.1044808547
2332,0.003300240984,0.07746533216,0.001874758098,0.01826297314,0.1000589473
2333,0.003300240984,0.05403152968,0.001874758098,0.01824648941,0.09796571375
2334,0.003300240984,0.05418134273,0.001874758098,0.01823002055,0.09369013129
2335,0.003300240984,0.06000537168,0.001874758098,0.01821356655,0.09678229043
2336,0.003300240984,0.0711139663,0.001874758098,0.01819712741,0.09909444191
2337,0.003300240984,0.05563919587,0.001874758098,0.0181807031,0.09816486795
2338,0.00313639383,0.05525878641,0.001911502691,0.01816429362,0.09739683294
2339,0.00313639383,0.06645268729,0.001911502691,0.01814789895,0.09321448274
2340,0.00313639383,0.04969031223,0.001911502691,0.01813151908,0.08965552635
2341,0.00313639383,0.06003634007,0.001911502691,0.01811515399,0.09089351785
2342,0.003074354932,0.0534691844,0.00189370853,0.01809880367,0.08897911379
2343,0.003074354932,0.05138715264,0.00189370853,0.01808246811,0.08847198957
2344,0.003074354932,0.05659232349,0.00189370853,0.01806614729,0.08939808259
2345,0.003074354932,0.06342807344,0.00189370853,0.01804984121,0.0913702737
2346,0.003074354932,0.04917843064,0.00189370853,0.01803354984,0.09228115206
2347,0.003074354932,0.04960210586,0.00189370853,0.01801727318,0.09033660135
2348,0.003074354932,0.06730578616,0.00189370853,0.0180010112,0.08971932245
2349,0.003074354932,0.0544120129,0.00189370853,0.01798476391,0.08946951397
2350,0.003074354932,0.05445370946,0.00189370853,0.01796853128,0.09263050822
2351,0.003074354932,0.06403659982,0.00189370853,0.0179523133,0.0914697441
2352,0.003074354932,0.04924067992,0.00189370853,0.01793610995,0.09145122114
2353,0.003074354932,0.05500531661,0.00189370853,0.01791992124,0.09446953631
2354,0.003074354932,0.05360167424,0.00189370853,0.01790374713,0.09284464034
2355,0.003074354932,0.0545979148,0.00189370853,0.01788758762,0.0896334427
2356,0.003074354932,0.04931451652,0.00189370853,0.0178714427,0.08601443655
2357,0.003074354932,0.04318825151,0.00189370853,0.01785531235,0.0856954261
2358,0.003074354932,0.04759832644,0.00189370853,0.01783919656,0.08708578578
2359,0.003074354932,0.04089833454,0.00189370853,0.01782309532,0.08638960674
2360,0.003074354932,0.03924890774,0.00189370853,0.0178070086,0.08778631776
2361,0.003074354932,0.04029469318,0.00189370853,0.01779093641,0.0887550441
2362,0.003074354932,0.04569638153,0.00189370853,0.01777487872,0.09113152768
2363,0.003074354932,0.04965994943,0.00189370853,0.01775883553,0.09210238483
2364,0.003074354932,0.05217766109,0.00189370853,0.01774280681,0.09377663762
2365,0.003074354932,0.05438162098,0.00189370853,0.01772679257,0.09610242802
2366,0.002925278635,0.04624582812,0.001839565887,0.01771079278,0.09282103173
2367,0.002925278635,0.05298565597,0.001839565887,0.01769480743,0.09514317385
2368,0.002925278635,0.05166457671,0.001839565887,0.0176788365,0.09826269038
2369,0.002925278635,0.04701907002,0.001839565887,0.01766287999,0.09787827314
2370,0.002925278635,0.04924720161,0.001839565887,0.01764693789,0.1004366214
2371,0.002925278635,0.05004190462,0.001839565887,0.01763101017,0.1060599445
2372,0.002925278635,0.04793476727,0.001839565887,0.01761509683,0.1062070632
2373,0.002925278635,0.05997871771,0.001839565887,0.01759919785,0.1105237671
2374,0.002925278635,0.05402760256,0.001839565887,0.01758331322,0.1128922926
2375,0.002925278635,0.04721677493,0.001839565887,0.01756744293,0.1129873403
2376,0.002925278635,0.0552333836,0.001839565887,0.01755158697,0.1163315438
2377,0.002925278635,0.06310566918,0.001839565887,0.01753574531,0.1223423083
2378,0.002925278635,0.04431787426,0.001839565887,0.01751991795,0.1233544713
2379,0.002925278635,0.06020480796,0.001839565887,0.01750410488,0.1247990962
2380,0.002925278635,0.0659472561,0.001839565887,0.01748830608,0.1247916768
2381,0.002925278635,0.06148677149,0.001839565887,0.01747252154,0.1234950399
2382,0.002925278635,0.05967100456,0.001839565887,0.01745675125,0.1211649688
2383,0.002925278635,0.05789034959,0.001839565887,0.01744099519,0.1176222968
2384,0.002925278635,0.0709133236,0.001839565887,0.01742525335,0.1170604742
2385,0.002925278635,0.0676999121,0.001839565887,0.01740952572,0.1208972495
2386,0.002925278635,0.05392552611,0.001839565887,0.01739381229,0.1197047315
2387,0.002925278635,0.08568376193,0.001839565887,0.01737811303,0.1236648965
2388,0.002925278635,0.08470872026,0.001839565887,0.01736242795,0.1265982789
2389,0.002925278635,0.08429423002,0.001839565887,0.01734675703,0.1283720401
2390,0.002925278635,0.07171850082,0.001839565887,0.01733110025,0.1296304242
2391,0.002925278635,0.06641485247,0.001839565887,0.0173154576,0.1316972482
2392,0.002925278635,0.07360662865,0.001839565887,0.01729982907,0.1317613554
2393,0.002925278635,0.06791376959,0.001839565887,0.01728421464,0.1333912217
2394,0.002925278635,0.07084208354,0.001839565887,0.01726861431,0.1387899009
2395,0.002925278635,0.06848674187,0.001839565887,0.01725302806,0.1386862744
2396,0.002925278635,0.07285167816,0.001839565887,0.01723745587,0.1367089155
2397,0.002925278635,0.07111460318,0.001839565887,0.01722189775,0.136989215
2398,0.002925278635,0.06692449294,0.001839565887,0.01720635366,0.1398912226
2399,0.002925278635,0.06194730233,0.001839565887,0.0171908236,0.1400015035
2400,0.002913716448,0.0639067954,0.001772023558,0.01717530757,0.1333196696
2401,0.002913716448,0.07063432598,0.001772023558,0.01715980553,0.1294137203
2402,0.00286514321,0.0537839077,0.001690382889,0.01714431749,0.1264052975
2403,0.00286514321,0.0604030266,0.001690382889,0.01712884342,0.1280627538
2404,0.00286514321,0.04633811678,0.001690382889,0.01711338333,0.1275173684
2405,0.00286514321,0.05751004351,0.001690382889,0.01709793718,0.122751645
2406,0.00286514321,0.05375435932,0.001690382889,0.01708250498,0.1218239128
2407,0.002780781635,0.05514141389,0.001569971706,0.01706708671,0.1176827247
2408,0.002780781635,0.05436241582,0.001569971706,0.01705168235,0.1168562249
2409,0.002780781635,0.04229171936,0.001569971706,0.0170362919,0.1182845552
2410,0.002780781635,0.04615295359,0.001569971706,0.01702091534,0.117938301
2411,0.002780781635,0.05770683955,0.001569971706,0.01700555265,0.1210310741
2412,0.002780781635,0.04610696845,0.001569971706,0.01699020383,0.1244885236
2413,0.002780781635,0.05890622345,0.001569971706,0.01697486887,0.1265421075
2414,0.002780781635,0.05662858192,0.001569971706,0.01695954775,0.1260631319
2415,0.002780781635,0.05906717225,0.001569971706,0.01694424045,0.1344721197
2416,0.002780781635,0.05771780167,0.001569971706,0.01692894697,0.1347856358
2417,0.002780781635,0.05891352537,0.001569971706,0.0169136673,0.1348391921
2418,0.002780781635,0.06181470404,0.001569971706,0.01689840141,0.1374570206
2419,0.002780781635,0.07474259055,0.001569971706,0.01688314931,0.1390355576
2420,0.002780781635,0.06050561389,0.001569971706,0.01686791097,0.1462754603
2421,0.002780781635,0.08895044834,0.001569971706,0.01685268638,0.1515519199
2422,0.002780781635,0.07672548876,0.001569971706,0.01683747554,0.1521929585
2423,0.002764539438,0.06837310261,0.001537773581,0.01682227842,0.1520920612
2424,0.002764539438,0.0794594358,0.001537773581,0.01680709503,0.1543993193
2425,0.002764539438,0.09577026543,0.001537773581,0.01679192533,0.1541530955
2426,0.002764539438,0.05123607271,0.001537773581,0.01677676933,0.1534101408
2427,0.002764539438,0.07017646411,0.001537773581,0.01676162701,0.1556985437
2428,0.002757204889,0.06602339902,0.00149515026,0.01674649835,0.1495422511
2429,0.002757204889,0.06285699265,0.00149515026,0.01673138335,0.1504434142
2430,0.002757204889,0.07160314428,0.00149515026,0.01671628199,0.1474348711
2431,0.00274184813,0.08105321878,0.001501973962,0.01670119426,0.1439900721
2432,0.00274184813,0.06868774497,0.001501973962,0.01668612015,0.1385123876
2433,0.00274184813,0.0711017205,0.001501973962,0.01667105964,0.1307796457
2434,0.00274184813,0.06325744789,0.001501973962,0.01665601273,0.1241654468
2435,0.00274184813,0.05381981109,0.001501973962,0.0166409794,0.1245861269
2436,0.00274184813,0.04938840673,0.001501973962,0.01662595964,0.1239453446
2437,0.00274184813,0.04771592556,0.001501973962,0.01661095343,0.1155983329
2438,0.00274184813,0.04867343616,0.001501973962,0.01659596077,0.1145809323
2439,0.00274184813,0.05442497748,0.001501973962,0.01658098164,0.114966683
2440,0.00274184813,0.0641529263,0.001501973962,0.01656601603,0.1178841408
2441,0.002602204369,0.054413876,0.001453784973,0.01655106393,0.1175183659
2442,0.002602204369,0.07282448866,0.001453784973,0.01653612532,0.1175409679
2443,0.002602204369,0.08207724814,0.001453784973,0.0165212002,0.119201697
2444,0.002602204369,0.05589377904,0.001453784973,0.01650628855,0.1166468383
2445,0.002602204369,0.0616904842,0.001453784973,0.01649139035,0.1136127622
2446,0.002602204369,0.05016611785,0.001453784973,0.01647650561,0.1153097869
2447,0.002602204369,0.04616209459,0.001453784973,0.01646163429,0.1138720038
2448,0.002602204369,0.05570291983,0.001453784973,0.0164467764,0.1138041618
2449,0.002602204369,0.04878427961,0.001453784973,0.01643193192,0.116885072
2450,0.002602204369,0.05235660978,0.001453784973,0.01641710084,0.1190298763
2451,0.002602204369,0.04566079644,0.001453784973,0.01640228315,0.1172657243
2452,0.002602204369,0.05350778778,0.001453784973,0.01638747883,0.120575352
2453,0.002602204369,0.06221395513,0.001453784973,0.01637268787,0.1221186519
2454,0.002602204369,0.05919570975,0.001453784973,0.01635791026,0.1296427082
2455,0.002602204369,0.06642103685,0.001453784973,0.01634314599,0.1300726783
2456,0.002602204369,0.08010375787,0.001453784973,0.01632839505,0.1339227357
2457,0.002602204369,0.07383150519,0.001453784973,0.01631365741,0.1373590907
2458,0.002602204369,0.06762886615,0.001453784973,0.01629893309,0.1355142608
2459,0.002602204369,0.07061321823,0.001453784973,0.01628422205,0.1347883703
2460,0.002602204369,0.08458766871,0.001453784973,0.01626952428,0.1377243464
2461,0.002602204369,0.08868190387,0.001453784973,0.01625483979,0.138914577
2462,0.002602204369,0.08703926572,0.001453784973,0.01624016855,0.1380590817
2463,0.002602204369,0.08515501354,0.001453784973,0.01622551055,0.1345433666
2464,0.002602204369,0.09270768054,0.001453784973,0.01621086578,0.1362508574
2465,0.002602204369,0.09035431088,0.001453784973,0.01619623423,0.135956306
2466,0.002602204369,0.09470886944,0.001453784973,0.01618161588,0.1348297321
2467,0.002602204369,0.07731089553,0.001453784973,0.01616701073,0.1274768485
2468,0.002576726348,0.06268201295,0.001433120971,0.01615241876,0.1259743817
2469,0.002576726348,0.07137625271,0.001433120971,0.01613783996,0.1188077627
2470,0.002576726348,0.05050980167,0.001433120971,0.01612327432,0.1140872517
2471,0.002576726348,0.06352416883,0.001433120971,0.01610872183,0.1137624408
2472,0.002576726348,0.06474810745,0.001433120971,0.01609418247,0.1107625428
2473,0.002576726348,0.0682300491,0.001433120971,0.01607965623,0.1086031425
2474,0.002576726348,0.04561225049,0.001433120971,0.01606514311,0.1068787241
2475,0.002576726348,0.06250294746,0.001433120971,0.01605064308,0.1080611849
2476,0.002576726348,0.0554272766,0.001433120971,0.01603615614,0.1069694055
2477,0.002576726348,0.05138922944,0.001433120971,0.01602168228,0.1050938881
2478,0.002576726348,0.05205459667,0.001433120971,0.01600722148,0.1062984872
2479,0.002576726348,0.05693183158,0.001433120971,0.01599277373,0.1062374146
2480,0.002576726348,0.04266898895,0.001433120971,0.01597833903,0.1023091598
2481,0.002576726348,0.04791370573,0.001433120971,0.01596391735,0.09782950813
2482,0.002576726348,0.03904003445,0.001433120971,0.01594950868,0.09755039045
2483,0.002576726348,0.05042216904,0.001433120971,0.01593511303,0.09955811935
2484,0.002576726348,0.05386969113,0.001433120971,0.01592073036,0.1022537083
2485,0.002576726348,0.04382192526,0.001433120971,0.01590636068,0.1028607791
2486,0.002576726348,0.04609733952,0.001433120971,0.01589200397,0.1002414697
2487,0.002576726348,0.04354020864,0.001433120971,0.01587766021,0.09395866633
2488,0.002576726348,0.04258324478,0.001433120971,0.01586332941,0.09226447567
2489,0.002576726348,0.03618316082,0.001433120971,0.01584901153,0.09018268445
2490,0.002576726348,0.04516526414,0.001433120971,0.01583470658,0.09110842926
2491,0.002576726348,0.03729463092,0.001433120971,0.01582041454,0.08957010051
2492,0.002576726348,0.03777234344,0.001433120971,0.0158061354,0.0897479787
2493,0.002576726348,0.04674291586,0.001433120971,0.01579186915,0.09225124146
2494,0.002576726348,0.04298017297,0.001433120971,0.01577761578,0.09333008086
2495,0.002576726348,0.0508706352,0.001433120971,0.01576337527,0.09225141261
2496,0.002576726348,0.041350152,0.001433120971,0.01574914761,0.09275136167
2497,0.002576726348,0.05566071816,0.001433120971,0.01573493279,0.09202064595
2498,0.002576726348,0.04600312123,0.001433120971,0.01572073081,0.08772132626
2499,0.002576726348,0.03763850903,0.001433120971,0.01570654164,0.08658381517
2500,0.002564740128,0.03278662937,0.001424674668,0.01569236528,0.08945177939
2501,0.002564740128,0.03800518513,0.001424674668,0.01567820171,0.08837048278
2502,0.002564740128,0.03055147541,0.001424674668,0.01566405093,0.08877758681
2503,0.002564740128,0.03090279137,0.001424674668,0.01564991292,0.08680150721
2504,0.002564740128,0.04484349924,0.001424674668,0.01563578768,0.08225028042
2505,0.002564740128,0.0314063477,0.001424674668,0.01562167518,0.08433635137
2506,0.002564740128,0.02598520085,0.001424674668,0.01560757541,0.08408168431
2507,0.002564740128,0.03439095431,0.001424674668,0.01559348838,0.08130843648
2508,0.002564740128,0.03072280604,0.001424674668,0.01557941406,0.08165016457
2509,0.002564740128,0.03007437794,0.001424674668,0.01556535244,0.0824490983
2510,0.002564740128,0.03278320962,0.001424674668,0.01555130351,0.08463946292
2511,0.002564740128,0.03138548127,0.001424674668,0.01553726727,0.08751583974
2512,0.002564740128,0.03172262716,0.001424674668,0.01552324369,0.08787271691
2513,0.002564740128,0.02334523406,0.001424674668,0.01550923277,0.0866055277
2514,0.002553991351,0.02619013192,0.001590069751,0.01549523449,0.08590632078
2515,0.002553991351,0.0309592295,0.001590069751,0.01548124885,0.08607336069
2516,0.002553991351,0.03251103703,0.001590069751,0.01546727584,0.08617862104
2517,0.002553991351,0.03510558881,0.001590069751,0.01545331543,0.08863859726
2518,0.002514332864,0.03326862441,0.001576421525,0.01543936763,0.09063079446
2519,0.002514332864,0.02809181859,0.001576421525,0.01542543241,0.09168043397
2520,0.002514332864,0.031117544,0.001576421525,0.01541150978,0.09446998113
2521,0.002483194485,0.03623508876,0.00158895014,0.0153975997,0.09737879991
2522,0.002483194485,0.0506431902,0.00158895014,0.01538370219,0.1004216546
2523,0.002483194485,0.04867385616,0.00158895014,0.01536981721,0.1035180382
2524,0.002483194485,0.05035079842,0.00158895014,0.01535594477,0.1052027501
2525,0.002483194485,0.04118447205,0.00158895014,0.01534208485,0.1060871086
2526,0.002483194485,0.04225388429,0.00158895014,0.01532823744,0.1077064866
2527,0.002474518943,0.05756012222,0.001539861661,0.01531440253,0.1080218124
2528,0.002441499961,0.05930132178,0.001501113302,0.01530058011,0.1092952726
2529,0.002441499961,0.05604631682,0.001501113302,0.01528677016,0.1101439074
2530,0.002441499961,0.05033443995,0.001501113302,0.01527297267,0.1075553088
2531,0.002441499961,0.06054875148,0.001501113302,0.01525918764,0.1086674271
2532,0.002441499961,0.06899233088,0.001501113302,0.01524541505,0.1102574721
2533,0.002441499961,0.05929115469,0.001501113302,0.01523165489,0.1086429904
2534,0.002441499961,0.0599022798,0.001501113302,0.01521790716,0.1066609004
2535,0.002441499961,0.06159167755,0.001501113302,0.01520417182,0.1002770084
2536,0.002441499961,0.06916126675,0.001501113302,0.01519044889,0.1021626987
2537,0.002441499961,0.04880479916,0.001501113302,0.01517673834,0.1040838479
2538,0.002441499961,0.05539469584,0.001501113302,0.01516304017,0.1058412981
2539,0.002441499961,0.06304876974,0.001501113302,0.01514935436,0.1087338777
2540,0.002441499961,0.05173475194,0.001501113302,0.01513568091,0.1090012605
2541,0.002441499961,0.04935177562,0.001501113302,0.01512201979,0.1072037852
2542,0.002441499961,0.03764260502,0.001501113302,0.01510837101,0.100815862
2543,0.002441499961,0.05172796561,0.001501113302,0.01509473454,0.09712024306
2544,0.002441499961,0.04423647623,0.001501113302,0.01508111038,0.09691063707
2545,0.002419461258,0.04091221049,0.001470729125,0.01506749852,0.1001117766
2546,0.002419461258,0.03857130663,0.001470729125,0.01505389895,0.09831520492
2547,0.002419461258,0.03694745265,0.001470729125,0.01504031165,0.09591636997
2548,0.002419461258,0.03590213567,0.001470729125,0.01502673661,0.0939068131
2549,0.002419461258,0.03617179881,0.001470729125,0.01501317383,0.09169110543
2550,0.002419461258,0.02699868755,0.001470729125,0.01499962328,0.08838581318
2551,0.002419461258,0.03715819207,0.001470729125,0.01498608497,0.08954564935
2552,0.002419461258,0.03243364771,0.001470729125,0.01497255888,0.08801143663
2553,0.002419461258,0.03653235766,0.001470729125,0.01495904499,0.08537193027
2554,0.002411144905,0.02964919695,0.001966423732,0.01494554331,0.08471713258
2555,0.002411144905,0.03388723039,0.001966423732,0.01493205381,0.08272604114
2556,0.002411144905,0.04044538123,0.001966423732,0.01491857648,0.0822714044
2557,0.002411144905,0.02509318504,0.001966423732,0.01490511132,0.08117263465
2558,0.002411144905,0.03220425013,0.001966423732,0.01489165831,0.08204107533
2559,0.002411144905,0.02767446043,0.001966423732,0.01487821745,0.08514031092
2560,0.002411144905,0.03658764696,0.001966423732,0.01486478871,0.08975632938
2561,0.002411144905,0.04134906729,0.001966423732,0.0148513721,0.09189574
2562,0.002411144905,0.03882689248,0.001966423732,0.01483796759,0.09384661649
2563,0.002411144905,0.03884761677,0.001966423732,0.01482457519,0.09582821192
2564,0.002411144905,0.04379832665,0.001966423732,0.01481119487,0.09762234526
2565,0.002411144905,0.04438007873,0.001966423732,0.01479782663,0.09856934761
2566,0.002411144905,0.04054819907,0.001966423732,0.01478447045,0.09744025495
2567,0.002411144905,0.03619053273,0.001966423732,0.01477112633,0.09837762734
2568,0.002411144905,0.03925243687,0.001966423732,0.01475779426,0.09821458679
2569,0.002411144905,0.04350701296,0.001966423732,0.01474447421,0.09926997152
2570,0.002411144905,0.04501869551,0.001966423732,0.01473116619,0.1014800211
2571,0.002411144905,0.03972642658,0.001966423732,0.01471787018,0.1030846174
2572,0.002411144905,0.05268866652,0.001966423732,0.01470458617,0.1075122457
2573,0.002411144905,0.06231154526,0.001966423732,0.01469131415,0.1081742389
2574,0.002411144905,0.04773701167,0.001966423732,0.01467805412,0.1111675932
2575,0.00240838526,0.05408312479,0.001833355629,0.01466480604,0.1128228314
2576,0.00240838526,0.05718128835,0.001833355629,0.01465156993,0.1121371174
2577,0.00240838526,0.06781905117,0.001833355629,0.01463834576,0.1115161108
2578,0.00240838526,0.06151125611,0.001833355629,0.01462513353,0.1125180952
2579,0.00240838526,0.05288851424,0.001833355629,0.01461193322,0.1081755538
2580,0.00240838526,0.04557647404,0.001833355629,0.01459874483,0.09966809555
2581,0.00240838526,0.03650002406,0.001833355629,0.01458556834,0.09567852506
2582,0.00240838526,0.04102294662,0.001833355629,0.01457240375,0.0871720488
2583,0.00240838526,0.03539330846,0.001833355629,0.01455925103,0.08331798978
2584,0.00240838526,0.03393322755,0.001833355629,0.01454611019,0.08443608119
2585,0.00240838526,0.05418239791,0.001833355629,0.01453298121,0.08524830231
2586,0.00240838526,0.04098796887,0.001833355629,0.01451986408,0.08515342346
2587,0.00240838526,0.02831617793,0.001833355629,0.01450675878,0.08407383712
2588,0.00240838526,0.02587772342,0.001833355629,0.01449366532,0.08385034794
2589,0.00240838526,0.03358398612,0.001833355629,0.01448058367,0.08351813392
2590,0.00240838526,0.03869190501,0.001833355629,0.01446751383,0.08390177445
2591,0.00240838526,0.04858408536,0.001833355629,0.01445445579,0.0864174668
2592,0.002379082827,0.03054975757,0.001953650942,0.01444140953,0.08534820012
2593,0.002350921624,0.03532605477,0.001694325257,0.01442837505,0.0840615735
2594,0.002350921624,0.04285800491,0.001694325257,0.01441535233,0.08384322037
2595,0.002350921624,0.03223426059,0.001694325257,0.01440234137,0.08490689494
2596,0.002350921624,0.03282392594,0.001694325257,0.01438934215,0.08719113894
2597,0.002350921624,0.03137554116,0.001694325257,0.01437635467,0.08809381923
2598,0.002350921624,0.0435417235,0.001694325257,0.0143633789,0.08826154246
2599,0.002350921624,0.0331409995,0.001694325257,0.01435041485,0.08941536039
2600,0.002350921624,0.03458677942,0.001694325257,0.0143374625,0.09178722476
2601,0.002350921624,0.03425464138,0.001694325257,0.01432452183,0.09464527737
2602,0.002350921624,0.03809818199,0.001694325257,0.01431159285,0.09799373441
2603,0.002350921624,0.0374261823,0.001694325257,0.01429867554,0.0993081408
2604,0.002350921624,0.03822750821,0.001694325257,0.01428576989,0.103624641
2605,0.002350921624,0.04376216872,0.001694325257,0.01427287588,0.1051584825
2606,0.002350921624,0.04749462815,0.001694325257,0.01425999352,0.1063990654
2607,0.002350921624,0.03704949785,0.001694325257,0.01424712278,0.1076536503
2608,0.002350921624,0.04567530359,0.001694325257,0.01423426365,0.1127162863
2609,0.002350921624,0.04593462093,0.001694325257,0.01422141614,0.1147769327
2610,0.002350921624,0.05558560561,0.001694325257,0.01420858022,0.1123167581
2611,0.002350921624,0.04562955663,0.001694325257,0.01419575588,0.1134118475
2612,0.002350921624,0.05731354121,0.001694325257,0.01418294312,0.1180245743
2613,0.002337977623,0.04187721104,0.001678131237,0.01417014192,0.120507387
2614,0.002337977623,0.05309151408,0.001678131237,0.01415735228,0.1222308943
2615,0.002337977623,0.04610142725,0.001678131237,0.01414457419,0.119779369
2616,0.002337977623,0.0540092602,0.001678131237,0.01413180762,0.1216166978
2617,0.002337977623,0.04397691802,0.001678131237,0.01411905258,0.120693851
2618,0.002337977623,0.04759259316,0.001678131237,0.01410630905,0.1198336801
2619,0.002313361181,0.04742322782,0.001379225697,0.01409357702,0.1151028839
2620,0.002313361181,0.04018061467,0.001379225697,0.01408085648,0.1094249993
2621,0.002313361181,0.03540740083,0.001379225697,0.01406814743,0.1105209617
2622,0.002313361181,0.04806456679,0.001379225697,0.01405544985,0.1097148584
2623,0.002313361181,0.0435171609,0.001379225697,0.01404276372,0.1074707541
2624,0.002313361181,0.04766417734,0.001379225697,0.01403008905,0.1115509218
2625,0.002313361181,0.04059689913,0.001379225697,0.01401742582,0.1097739124
2626,0.002313361181,0.0419303661,0.001379225697,0.01400477401,0.1076021877
2627,0.002313361181,0.03957218951,0.001379225697,0.01399213363,0.107768415
2628,0.002313361181,0.04300725932,0.001379225697,0.01397950465,0.1090912371
2629,0.00227464764,0.03501273579,0.001425200148,0.01396688708,0.1083784755
2630,0.00227464764,0.04731701759,0.001425200148,0.01395428089,0.1103989449
2631,0.00227464764,0.04266983901,0.001425200148,0.01394168608,0.1109026185
2632,0.00227464764,0.04934651164,0.001425200148,0.01392910263,0.1120615194
2633,0.00227464764,0.04359567615,0.001425200148,0.01391653055,0.1129844419
2634,0.00227464764,0.04929762406,0.001425200148,0.01390396981,0.1113178857
2635,0.00227464764,0.03709414422,0.001425200148,0.01389142041,0.1061339652
2636,0.00227464764,0.04258673515,0.001425200148,0.01387888234,0.1025861248
2637,0.00227464764,0.03424592954,0.001425200148,0.01386635558,0.1025613209
2638,0.002223624828,0.0324596583,0.001388897241,0.01385384013,0.1004456049
2639,0.002223624828,0.03448383593,0.001388897241,0.01384133597,0.09857789786
2640,0.002223624828,0.0283799981,0.001388897241,0.0138288431,0.09435750874
2641,0.002223624828,0.02940714846,0.001388897241,0.01381636151,0.09680326381
2642,0.002223624828,0.03245346277,0.001388897241,0.01380389118,0.09837952419
2643,0.002223624828,0.03175062042,0.001388897241,0.01379143211,0.09742204275
2644,0.002223624828,0.02461632895,0.001388897241,0.01377898428,0.09566029013
2645,0.002223624828,0.03791184461,0.001388897241,0.01376654769,0.1000072831
2646,0.002223624828,0.02833074093,0.001388897241,0.01375412232,0.1006845058
2647,0.002223624828,0.0373897421,0.001388897241,0.01374170817,0.1028949839
2648,0.002223624828,0.04049073348,0.001388897241,0.01372930522,0.1006542668
2649,0.002223624828,0.03854483043,0.001388897241,0.01371691347,0.09908538517
2650,0.002223624828,0.02880909798,0.001388897241,0.0137045329,0.09940310787
2651,0.002223624828,0.03183669943,0.001388897241,0.01369216351,0.09556687484
2652,0.002223624828,0.0430092513,0.001388897241,0.01367980528,0.09754641273
2653,0.002223624828,0.03169666499,0.001388897241,0.0136674582,0.1023382778
2654,0.002223624828,0.03148478636,0.001388897241,0.01365512227,0.1028825848
2655,0.002204263932,0.04467130304,0.001368382057,0.01364279748,0.09970577018
2656,0.002204263932,0.04545444106,0.001368382057,0.0136304838,0.1010956265
2657,0.002204263932,0.03814592176,0.001368382057,0.01361818124,0.1028857238
2658,0.002204263932,0.03949860873,0.001368382057,0.01360588979,0.1003177702
2659,0.002204263932,0.04268329991,0.001368382057,0.01359360943,0.1036211127
2660,0.002200611931,0.04240601008,0.00136003051,0.01358134015,0.1020443121
2661,0.002200611931,0.04322894564,0.00136003051,0.01356908195,0.1010473518
2662,0.002200611931,0.04768756272,0.00136003051,0.01355683481,0.09806553951
2663,0.002200611931,0.0475173374,0.00136003051,0.01354459872,0.09702007523
2664,0.002200611931,0.03371989702,0.00136003051,0.01353237368,0.09611722952
2665,0.002200611931,0.0277567334,0.00136003051,0.01352015968,0.09433815443
2666,0.002200611931,0.02569343936,0.00136003051,0.01350795669,0.09467589358
2667,0.002200611931,0.02922320145,0.00136003051,0.01349576473,0.09405934011
2668,0.002200611931,0.03216435691,0.00136003051,0.01348358376,0.09337709076
2669,0.002200611931,0.03471041675,0.00136003051,0.01347141379,0.09738105003
2670,0.002200611931,0.03389095042,0.00136003051,0.0134592548,0.09724570129
2671,0.002200611931,0.03922841042,0.00136003051,0.01344710679,0.1018500212
2672,0.002200611931,0.03518914786,0.00136003051,0.01343496975,0.1076037059
2673,0.002200611931,0.04515062854,0.00136003051,0.01342284365,0.1080812755
2674,0.002200611931,0.03653960315,0.00136003051,0.01341072851,0.1120315996
2675,0.002200611931,0.03169633785,0.00136003051,0.01339862429,0.1146202418
2676,0.002200611931,0.03949016341,0.00136003051,0.01338653101,0.1155183183
2677,0.002200611931,0.0350859241,0.00136003051,0.01337444863,0.1195783222
2678,0.002200611931,0.0363011443,0.00136003051,0.01336237717,0.121580519
2679,0.002200611931,0.04283731156,0.00136003051,0.01335031659,0.1240873921
2680,0.002200611931,0.04231662866,0.00136003051,0.01333826691,0.1275847068
2681,0.002200611931,0.04796717182,0.00136003051,0.0133262281,0.1228198491
2682,0.002200611931,0.05068174776,0.00136003051,0.01331420015,0.1246117921
2683,0.002200611931,0.03016148871,0.00136003051,0.01330218306,0.1205417765
2684,0.002200611931,0.03616096602,0.00136003051,0.01329017682,0.1221230538
2685,0.002200611931,0.03454890354,0.00136003051,0.01327818142,0.1219019672
2686,0.002200611931,0.03718009564,0.00136003051,0.01326619684,0.1206149054
2687,0.002200611931,0.03884005564,0.00136003051,0.01325422307,0.122073906
2688,0.002200611931,0.03882545354,0.00136003051,0.01324226012,0.1229349717
2689,0.002200611931,0.03726652019,0.00136003051,0.01323030796,0.1266314926
2690,0.002200611931,0.04116584734,0.00136003051,0.01321836659,0.1311367145
2691,0.002200611931,0.04063395875,0.00136003051,0.013206436,0.1369784743
2692,0.002200611931,0.04146749375,0.00136003051,0.01319451618,0.1313933658
2693,0.002200611931,0.03019553156,0.00136003051,0.01318260711,0.1266031893
2694,0.002200611931,0.03583657408,0.00136003051,0.0131707088,0.1265286989
2695,0.002200611931,0.0308016965,0.00136003051,0.01315882122,0.1264173509
2696,0.002200611931,0.03590125418,0.00136003051,0.01314694438,0.1231160535
2697,0.002200611931,0.0341697775,0.00136003051,0.01313507825,0.1258485273
2698,0.002200611931,0.02763787558,0.00136003051,0.01312322283,0.1245887093
2699,0.002200611931,0.03369513946,0.00136003051,0.01311137811,0.1257514167
2700,0.002200611931,0.03560666035,0.00136003051,0.01309954409,0.1248742103
2701,0.002200611931,0.02879340749,0.00136003051,0.01308772074,0.1240187947
2702,0.002200611931,0.02671385942,0.00136003051,0.01307590807,0.1185438126
2703,0.002200611931,0.03090538949,0.00136003051,0.01306410606,0.1157106135
2704,0.002200611931,0.02669620122,0.00136003051,0.0130523147,0.1149429191
2705,0.002200611931,0.02479211176,0.00136003051,0.01304053398,0.1167701246
2706,0.002200611931,0.03034658324,0.00136003051,0.0130287639,0.115611768
2707,0.002200611931,0.02509097864,0.00136003051,0.01301700444,0.1099379057
2708,0.002200611931,0.02288481464,0.00136003051,0.01300525559,0.1056151386
2709,0.002200611931,0.02671097994,0.00136003051,0.01299351735,0.1077421717
2710,0.002200611931,0.02705693514,0.00136003051,0.0129817897,0.1055012468
2711,0.002200611931,0.01999771415,0.00136003051,0.01297007264,0.102390979
2712,0.002200611931,0.02351708986,0.00136003051,0.01295836615,0.09958726495
2713,0.002200611931,0.02644961835,0.00136003051,0.01294667023,0.1022852843
2714,0.002200611931,0.02743648297,0.00136003051,0.01293498487,0.1047548017
2715,0.002200611931,0.03131727264,0.00136003051,0.01292331005,0.1088421375
2716,0.002200611931,0.02869575306,0.00136003051,0.01291164577,0.1094419432
2717,0.002200611931,0.02124842204,0.00136003051,0.01289999202,0.1090029568
2718,0.002200611931,0.02293841256,0.00136003051,0.01288834878,0.1081764104
2719,0.002200611931,0.03169453743,0.00136003051,0.01287671606,0.1065249213
2720,0.002200611931,0.03294589976,0.00136003051,0.01286509383,0.1057580439
2721,0.002200611931,0.03168020046,0.00136003051,0.0128534821,0.1073695518
2722,0.002200611931,0.02620826437,0.00136003051,0.01284188084,0.1082526701
2723,0.002200611931,0.02670944263,0.00136003051,0.01283029006,0.1073390172
2724,0.00217629595,0.02674652582,0.001300962878,0.01281870973,0.1060278793
2725,0.00217629595,0.02085055663,0.001300962878,0.01280713986,0.1049365399
2726,0.00217629595,0.02490890322,0.001300962878,0.01279558044,0.1059079154
2727,0.00217629595,0.02879673598,0.001300962878,0.01278403144,0.1053080524
2728,0.00217629595,0.02448820406,0.001300962878,0.01277249287,0.1008754448
2729,0.00217629595,0.02456316809,0.001300962878,0.01276096472,0.1020819231
2730,0.00217629595,0.02013495167,0.001300962878,0.01274944696,0.09431074597
2731,0.00217629595,0.02478640262,0.001300962878,0.01273793961,0.09541241798
2732,0.00217629595,0.01854661139,0.001300962878,0.01272644264,0.09515757864
2733,0.00217629595,0.01978838828,0.001300962878,0.01271495605,0.09099932481
2734,0.002150087571,0.0173941389,0.001391592568,0.01270347982,0.08547153378
2735,0.002150087571,0.02065706798,0.001391592568,0.01269201396,0.08258220126
2736,0.002150087571,0.01655181577,0.001391592568,0.01268055844,0.08150317184
2737,0.002150087571,0.01952398556,0.001391592568,0.01266911326,0.07699121464
2738,0.002150087571,0.01876999399,0.001391592568,0.01265767841,0.07893415951
2739,0.002150087571,0.02099211176,0.001391592568,0.01264625388,0.08009344819
2740,0.002150087571,0.02332739372,0.001391592568,0.01263483967,0.07735531722
2741,0.002150087571,0.02076350233,0.001391592568,0.01262343576,0.07676372762
2742,0.002150087571,0.02092881474,0.001391592568,0.01261204214,0.07619591201
2743,0.002150087571,0.01869320992,0.001391592568,0.0126006588,0.07396966103
2744,0.002150087571,0.02354264008,0.001391592568,0.01258928574,0.07477989746
2745,0.002150087571,0.02515391701,0.001391592568,0.01257792294,0.07545254652
2746,0.002150087571,0.02626883496,0.001391592568,0.0125665704,0.0751848327
2747,0.002150087571,0.02188614219,0.001391592568,0.0125552281,0.07581890452
2748,0.002150087571,0.02240192806,0.001391592568,0.01254389604,0.07645173328
2749,0.002150087571,0.02126987344,0.001391592568,0.01253257421,0.07645247602
2750,0.002150087571,0.02148766503,0.001391592568,0.0125212626,0.07927064406
2751,0.002150087571,0.01866151485,0.001391592568,0.0125099612,0.08127230747
2752,0.002150087571,0.019511189,0.001391592568,0.01249867,0.08579540627
2753,0.002150087571,0.0236299796,0.001391592568,0.01248738899,0.0885454747
2754,0.002150087571,0.02869054189,0.001391592568,0.01247611816,0.09155247593
2755,0.002150087571,0.02417621392,0.001391592568,0.01246485751,0.0936494037
2756,0.002150087571,0.02603750261,0.001391592568,0.01245360701,0.09749224194
2757,0.002150087571,0.02777324585,0.001391592568,0.01244236668,0.09993987383
2758,0.002150087571,0.03419859391,0.001391592568,0.01243113649,0.1005617894
2759,0.002150087571,0.02616175114,0.001391592568,0.01241991643,0.104000633
2760,0.002150087571,0.03110339038,0.001391592568,0.0124087065,0.1055156007
2761,0.002150087571,0.03509876065,0.001391592568,0.01239750669,0.1043325423
2762,0.002150087571,0.03111317304,0.001391592568,0.01238631699,0.1075028023
2763,0.002150087571,0.03492716617,0.001391592568,0.01237513739,0.107328723
2764,0.002150087571,0.03501577063,0.001391592568,0.01236396787,0.100917043
2765,0.002150087571,0.03542495605,0.001391592568,0.01235280844,0.1024676795
2766,0.002150087571,0.02557409038,0.001391592568,0.01234165908,0.1044638999
2767,0.002150087571,0.03845821799,0.001391592568,0.01233051979,0.1051098211
2768,0.002150087571,0.04208661218,0.001391592568,0.01231939055,0.1082230004
2769,0.002150087571,0.03720215828,0.001391592568,0.01230827135,0.1069428173
2770,0.002150087571,0.04352458288,0.001391592568,0.01229716219,0.1107477575
2771,0.002150087571,0.04038819155,0.001391592568,0.01228606306,0.1114641062
2772,0.002150087571,0.03396244495,0.001391592568,0.01227497394,0.1122974287
2773,0.002150087571,0.03520915099,0.001391592568,0.01226389483,0.1125158942
2774,0.002150087571,0.04014709872,0.001391592568,0.01225282573,0.1141527869
2775,0.002150087571,0.03850548041,0.001391592568,0.01224176661,0.1113868933
2776,0.002150087571,0.03268622294,0.001391592568,0.01223071747,0.1133189933
2777,0.002117879733,0.03924455022,0.001540470326,0.01221967831,0.1113603596
2778,0.002117879733,0.0285024364,0.001540470326,0.01220864911,0.1097092804
2779,0.002117578488,0.02916610017,0.001624199854,0.01219762987,0.1085158192
2780,0.002110660358,0.03062543841,0.001556999504,0.01218662057,0.109523678
2781,0.002078812867,0.02878689066,0.001603861165,0.01217562121,0.1110513862
2782,0.002078812867,0.03197521489,0.001603861165,0.01216463178,0.1122536469
2783,0.002078812867,0.03329157694,0.001603861165,0.01215365226,0.1148393117
2784,0.002078812867,0.03268597329,0.001603861165,0.01214268266,0.1123686687
2785,0.002078812867,0.03001509991,0.001603861165,0.01213172295,0.1128729046
2786,0.002078812867,0.03107393803,0.001603861165,0.01212077314,0.1095754325
2787,0.002078812867,0.03229189059,0.001603861165,0.01210983321,0.1051529504
2788,0.002078812867,0.02734937124,0.001603861165,0.01209890316,0.09949926526
2789,0.002078812867,0.02243312619,0.001603861165,0.01208798297,0.08946955896
2790,0.002078812867,0.02206192734,0.001603861165,0.01207707263,0.08437183406
2791,0.002078812867,0.02190020139,0.001603861165,0.01206617215,0.08249174889
2792,0.002078812867,0.0256888792,0.001603861165,0.0120552815,0.07851617673
2793,0.002078812867,0.02103665254,0.001603861165,0.01204440068,0.07588545008
2794,0.002078812867,0.01602530974,0.001603861165,0.01203352969,0.07356185179
2795,0.002078812867,0.01582117677,0.001603861165,0.0120226685,0.07622731993
2796,0.002078812867,0.02037603397,0.001603861165,0.01201181712,0.07576352088
2797,0.002078812867,0.01792400964,0.001603861165,0.01200097553,0.07690614078
2798,0.002078812867,0.01870536335,0.001603861165,0.01199014373,0.08020407812
2799,0.002078812867,0.02026026207,0.001603861165,0.0119793217,0.0755401065
2800,0.002078812867,0.01693817772,0.001603861165,0.01196850945,0.07693378901
2801,0.002070001862,0.01783012304,0.00162360943,0.01195770695,0.07481904095
2802,0.002070001862,0.01644790464,0.00162360943,0.0119469142,0.07675889997
2803,0.002070001862,0.01733771735,0.00162360943,0.01193613119,0.07371063219
2804,0.002070001862,0.02314871334,0.00162360943,0.01192535791,0.07339122346
2805,0.002070001862,0.02554435908,0.00162360943,0.01191459436,0.07507693226
2806,0.002070001862,0.01885338873,0.00162360943,0.01190384053,0.07569626725
2807,0.002070001862,0.01970326388,0.00162360943,0.01189309639,0.07737654091
2808,0.002044576593,0.02764966177,0.00126876581,0.01188236196,0.0831121109
2809,0.002044576593,0.02050821867,0.00126876581,0.01187163722,0.08227516203
2810,0.002044576593,0.02298003846,0.00126876581,0.01186092215,0.08604565803
2811,0.002044576593,0.02186292548,0.00126876581,0.01185021676,0.08487280379
2812,0.002044576593,0.02484072182,0.00126876581,0.01183952103,0.08583439983
2813,0.002044576593,0.02349115196,0.00126876581,0.01182883495,0.08577856719
2814,0.002044576593,0.02076306517,0.00126876581,0.01181815852,0.08451223189
2815,0.002044576593,0.02167777773,0.00126876581,0.01180749172,0.08497609944
2816,0.002044576593,0.02329691939,0.00126876581,0.01179683455,0.08510182931
2817,0.002044576593,0.02519698123,0.00126876581,0.011786187,0.08375577024
2818,0.002044576593,0.02470506709,0.00126876581,0.01177554906,0.08126302041
2819,0.002044576593,0.02699543281,0.00126876581,0.01176492073,0.08272785904
2820,0.002044576593,0.02319796423,0.00126876581,0.01175430198,0.0824145652
2821,0.002044576593,0.02556223168,0.00126876581,0.01174369282,0.08274229633
2822,0.002044576593,0.03761609789,0.00126876581,0.01173309324,0.08223277546
2823,0.002044576593,0.02074595822,0.00126876581,0.01172250322,0.08207907189
2824,0.002044576593,0.02510618077,0.00126876581,0.01171192276,0.08230304107
2825,0.002044576593,0.03022367804,0.00126876581,0.01170135185,0.08497741571
2826,0.002044576593,0.02884349027,0.00126876581,0.01169079048,0.08492947475
2827,0.002044576593,0.03249139946,0.00126876581,0.01168023864,0.08676158418
2828,0.002044576593,0.02830891509,0.00126876581,0.01166969633,0.08634130063
2829,0.002044576593,0.02753033514,0.00126876581,0.01165916353,0.08832262459
2830,0.002044576593,0.03399451962,0.00126876581,0.01164864024,0.09109554518
2831,0.002044576593,0.03293144894,0.00126876581,0.01163812645,0.09578014727
2832,0.002044576593,0.0415323416,0.00126876581,0.01162762215,0.09863039613
2833,0.002044576593,0.03980750505,0.00126876581,0.01161712732,0.1015349837
2834,0.002044576593,0.04213216934,0.00126876581,0.01160664197,0.1028836619
2835,0.002044576593,0.06013742891,0.00126876581,0.01159616609,0.105569058
2836,0.002044576593,0.04759918962,0.00126876581,0.01158569966,0.1075311694
2837,0.002044576593,0.0347124675,0.00126876581,0.01157524267,0.1090795438
2838,0.002044576593,0.0431212253,0.00126876581,0.01156479513,0.109485572
2839,0.002044576593,0.0478960962,0.00126876581,0.01155435701,0.1108067596
2840,0.002044576593,0.0476973001,0.00126876581,0.01154392832,0.1082382975
2841,0.002044576593,0.04885250501,0.00126876581,0.01153350903,0.1070678174
2842,0.002044576593,0.04951666219,0.00126876581,0.01152309916,0.1098777277
2843,0.002044576593,0.04744810601,0.00126876581,0.01151269867,0.1093299965
2844,0.002044576593,0.054162707,0.00126876581,0.01150230758,0.1091982445
2845,0.002044576593,0.04248183728,0.00126876581,0.01149192586,0.1061702726
2846,0.002044576593,0.05114995271,0.00126876581,0.01148155352,0.1041833758
2847,0.002044576593,0.04175416172,0.00126876581,0.01147119053,0.1049307296
2848,0.002044576593,0.03748191073,0.00126876581,0.0114608369,0.1045727638
2849,0.002044576593,0.05911862278,0.00126876581,0.01145049262,0.1046612177
2850,0.002044576593,0.04945569959,0.00126876581,0.01144015767,0.1060799528
2851,0.001987276964,0.0418773167,0.001188530709,0.01142983205,0.104059975
2852,0.001987276964,0.05063350528,0.001188530709,0.01141951574,0.1070857477
2853,0.001987276964,0.04350880753,0.001188530709,0.01140920875,0.1028564358
2854,0.001987276964,0.03257762197,0.001188530709,0.01139891107,0.098984002
2855,0.001987276964,0.03096553797,0.001188530709,0.01138862267,0.0942488323
2856,0.001987276964,0.02853959914,0.001188530709,0.01137834357,0.08486824243
2857,0.001987276964,0.0227368121,0.001188530709,0.01136807374,0.08167505918
2858,0.001972031803,0.02997003943,0.001214989044,0.01135781318,0.07706612571
2859,0.001972031803,0.0216992989,0.001214989044,0.01134756188,0.07244664833
2860,0.001972031803,0.01999066892,0.001214989044,0.01133731983,0.06886771996
2861,0.001972031803,0.01919849334,0.001214989044,0.01132708703,0.0698257092
2862,0.001972031803,0.01976769311,0.001214989044,0.01131686346,0.07185433251
2863,0.001972031803,0.01933450466,0.001214989044,0.01130664912,0.07451309762
2864,0.001972031803,0.02455825435,0.001214989044,0.011296444,0.07369616261
2865,0.001972031803,0.02275387331,0.001214989044,0.0112862481,0.07036930105
2866,0.001972031803,0.02326092377,0.001214989044,0.01127606139,0.06932979684
2867,0.001972031803,0.01849233303,0.001214989044,0.01126588388,0.06851722494
2868,0.001972031803,0.03112730971,0.001214989044,0.01125571555,0.06897090467
2869,0.001972031803,0.01585680042,0.001214989044,0.0112455564,0.06614501528
2870,0.001972031803,0.01600700957,0.001214989044,0.01123540643,0.06505672583
2871,0.001972031803,0.01578750737,0.001214989044,0.01122526561,0.06311087077
2872,0.001972031803,0.01405473446,0.001214989044,0.01121513394,0.06245879322
2873,0.001972031803,0.01709760428,0.001214989044,0.01120501142,0.06339103128
2874,0.001972031803,0.01243554904,0.001214989044,0.01119489804,0.06246907448
2875,0.001972031803,0.01692048495,0.001214989044,0.01118479378,0.06445176071
2876,0.001972031803,0.01383676893,0.001214989044,0.01117469865,0.06439281438
2877,0.001972031803,0.01540982545,0.001214989044,0.01116461262,0.06562444324
2878,0.001972031803,0.01639413098,0.001214989044,0.0111545357,0.0668360676
2879,0.001964966146,0.01705632445,0.001250855228,0.01114446788,0.06613523241
2880,0.001964966146,0.01424518521,0.001250855228,0.01113440914,0.06547833505
2881,0.001964966146,0.0133847445,0.001250855228,0.01112435948,0.06275168875
2882,0.001960577978,0.01579339655,0.001282775605,0.01111431889,0.06418294889
2883,0.001960577978,0.01244711337,0.001282775605,0.01110428736,0.06399226572
2884,0.001960577978,0.01503848503,0.001282775605,0.01109426489,0.06183685448
2885,0.001960577978,0.01597668479,0.001282775605,0.01108425147,0.05987584006
2886,0.001960577978,0.01448097971,0.001282775605,0.01107424708,0.05930729747
2887,0.001960577978,0.01368823066,0.001282775605,0.01106425172,0.05868123201
2888,0.001960577978,0.0116939213,0.001282775605,0.01105426538,0.0568143638
2889,0.001960577978,0.01232026438,0.001282775605,0.01104428806,0.05653852326
2890,0.001960577978,0.01381555237,0.001282775605,0.01103431974,0.05623195199
2891,0.001960577978,0.01406480506,0.001282775605,0.01102436042,0.05658396877
2892,0.001960577978,0.01053057293,0.001282775605,0.01101441009,0.05703221304
2893,0.001960577978,0.01864671379,0.001282775605,0.01100446873,0.05718780813
2894,0.001960577978,0.02113152895,0.001282775605,0.01099453636,0.05675441999
2895,0.001960577978,0.01522987114,0.001282775605,0.01098461294,0.05764770405
2896,0.001960577978,0.02112688004,0.001282775605,0.01097469849,0.05762416745
2897,0.001960577978,0.01404812673,0.001282775605,0.01096479298,0.05810730956
2898,0.001960577978,0.01893834733,0.001282775605,0.01095489641,0.05946349255
2899,0.001960577978,0.01341607271,0.001282775605,0.01094500877,0.05994328804
2900,0.001960577978,0.01313582232,0.001282775605,0.01093513006,0.06033237842
2901,0.001960577978,0.01617801055,0.001282775605,0.01092526027,0.06169716274
2902,0.001960577978,0.01184264474,0.001282775605,0.01091539938,0.06264313113
2903,0.001960577978,0.01550450573,0.001282775605,0.01090554739,0.06236888627
2904,0.001949558614,0.01767038849,0.001263894029,0.0108957043,0.05983005599
2905,0.001949558614,0.01406023219,0.001263894029,0.01088587009,0.05662772273
2906,0.001949558614,0.01146112495,0.001263894029,0.01087604475,0.05378352199
2907,0.001949558614,0.01277760128,0.001263894029,0.01086622829,0.05259928973
2908,0.001949558614,0.01239816026,0.001263894029,0.01085642068,0.05027805558
2909,0.001949558614,0.01408335321,0.001263894029,0.01084662193,0.0476103647
2910,0.001949558614,0.01198961201,0.001263894029,0.01083683202,0.0464480639
2911,0.001949558614,0.009806194561,0.001263894029,0.01082705095,0.04552528206
2912,0.001949558614,0.01041073119,0.001263894029,0.0108172787,0.04563085029
2913,0.001949558614,0.01212365923,0.001263894029,0.01080751528,0.04605521374
2914,0.001949558614,0.01366238366,0.001263894029,0.01079776066,0.04674608768
2915,0.001949558614,0.01179659377,0.001263894029,0.01078801485,0.0467547386
2916,0.001941118291,0.01498491561,0.001228459469,0.01077827784,0.04511457949
2917,0.001941118291,0.0113356576,0.001228459469,0.01076854962,0.04428423304
2918,0.001941118291,0.01341670699,0.001228459469,0.01075883017,0.04529948216
2919,0.001941118291,0.01105235733,0.001228459469,0.0107491195,0.04684380945
2920,0.001941118291,0.009841487279,0.001228459469,0.0107394176,0.04698308505
2921,0.001941118291,0.01201716641,0.001228459469,0.01072972445,0.04745759874
2922,0.001941118291,0.01379502626,0.001228459469,0.01072004005,0.04958595306
2923,0.001941118291,0.01120827044,0.001228459469,0.01071036439,0.05075894392
2924,0.001941118291,0.01582460962,0.001228459469,0.01070069746,0.04993185414
2925,0.001941118291,0.01293943021,0.001228459469,0.01069103926,0.0510429117
2926,0.001941118291,0.01320906124,0.001228459469,0.01068138978,0.05169557653
2927,0.001941118291,0.01996459582,0.001228459469,0.010671749,0.05121556822
2928,0.001941118291,0.01297556248,0.001228459469,0.01066211693,0.0520207725
2929,0.001941118291,0.01413501216,0.001228459469,0.01065249355,0.05202723158
2930,0.001941118291,0.01556848954,0.001228459469,0.01064287885,0.05188258346
2931,0.001922786782,0.01477848689,0.001193011586,0.01063327284,0.05137727666
2932,0.001922786782,0.01563706417,0.001193011586,0.01062367549,0.05166759627
2933,0.001922786782,0.01665309805,0.001193011586,0.01061408681,0.05312501155
2934,0.001922786782,0.01644534611,0.001193011586,0.01060450678,0.0525502126
2935,0.001922786782,0.01929350372,0.001193011586,0.0105949354,0.05321505546
2936,0.001899590576,0.01705437345,0.001256901995,0.01058537265,0.05289365226
2937,0.001899590576,0.01604031522,0.001256901995,0.01057581854,0.05435974415
2938,0.001899590576,0.01727255193,0.001256901995,0.01056627305,0.05585114028
2939,0.001899590576,0.01681340163,0.001256901995,0.01055673618,0.05519851238
2940,0.001899590576,0.02097381641,0.001256901995,0.01054720792,0.05581395431
2941,0.001899590576,0.01672917166,0.001256901995,0.01053768825,0.05717038952
2942,0.001899590576,0.02268261575,0.001256901995,0.01052817718,0.05676012841
2943,0.001899590576,0.01875979422,0.001256901995,0.01051867469,0.05591624667
2944,0.001899590576,0.01953219807,0.001256901995,0.01050918078,0.05346903196
2945,0.001899590576,0.01745239913,0.001256901995,0.01049969543,0.05465715137
2946,0.001899590576,0.02386624487,0.001256901995,0.01049021865,0.05625486157
2947,0.001899590576,0.02325706813,0.001256901995,0.01048075042,0.05592183857
2948,0.001899590576,0.02280282155,0.001256901995,0.01047129074,0.05878838326
2949,0.001899590576,0.02078113526,0.001256901995,0.0104618396,0.05947884539
2950,0.001879645833,0.02014347749,0.001244447704,0.01045239698,0.05652995185
2951,0.001879645833,0.02070993294,0.001244447704,0.01044296289,0.05552054498
2952,0.001857445547,0.01761285955,0.001184236134,0.01043353731,0.05396393045
2953,0.001857445547,0.01584912907,0.001184236134,0.01042412025,0.05157839104
2954,0.001857445547,0.01408152914,0.001184236134,0.01041471168,0.05004842427
2955,0.001857445547,0.01679153716,0.001184236134,0.0104053116,0.051840147
2956,0.001857445547,0.01645035091,0.001184236134,0.01039592001,0.05274713884
2957,0.001857445547,0.01441049782,0.001184236134,0.01038653689,0.05337281973
2958,0.001857445547,0.01760434537,0.001184236134,0.01037716224,0.05407909501
2959,0.001857445547,0.01602654043,0.001184236134,0.01036779606,0.05486676805
2960,0.001857445547,0.01361660511,0.001184236134,0.01035843832,0.05363435711
2961,0.001857445547,0.01357448748,0.001184236134,0.01034908904,0.05391494366
2962,0.001857445547,0.01417081852,0.001184236134,0.01033974819,0.05489488505
2963,0.001857445547,0.01597088359,0.001184236134,0.01033041577,0.05481612643
2964,0.001857445547,0.01675218963,0.001184236134,0.01032109178,0.05563975768
2965,0.001857445547,0.0144147049,0.001184236134,0.0103117762,0.05423025947
2966,0.001857445547,0.01495505025,0.001184236134,0.01030246903,0.0553554875
2967,0.001857445547,0.01515910203,0.001184236134,0.01029317026,0.05698049399
2968,0.001857445547,0.01726700099,0.001184236134,0.01028387988,0.05708968903
2969,0.001857445547,0.0191463788,0.001184236134,0.01027459789,0.05765194949
2970,0.001857445547,0.02043017869,0.001184236134,0.01026532428,0.05904052522
2971,0.001857445547,0.01800756221,0.001184236134,0.01025605903,0.05930623559
2972,0.001857445547,0.02036586408,0.001184236134,0.01024680215,0.05918410288
2973,0.001857445547,0.01807280029,0.001184236134,0.01023755363,0.05998745383
2974,0.001857445547,0.01658785989,0.001184236134,0.01022831345,0.05967000785
2975,0.001857445547,0.01843952732,0.001184236134,0.01021908161,0.06013388193
2976,0.001857445547,0.01641799765,0.001184236134,0.0102098581,0.05776472779
2977,0.001857445547,0.0129110196,0.001184236134,0.01020064292,0.05517730032
2978,0.001857445547,0.01717222798,0.001184236134,0.01019143606,0.05508265754
2979,0.001857445547,0.01270329164,0.001184236134,0.0101822375,0.05479838407
2980,0.001857445547,0.01407749466,0.001184236134,0.01017304725,0.05609504486
2981,0.001857445547,0.01283052488,0.001184236134,0.01016386529,0.05366380764
2982,0.001857445547,0.01430111402,0.001184236134,0.01015469162,0.05197795724
2983,0.001829647119,0.01402999216,0.001325257636,0.01014552624,0.05116676727
2984,0.001829647119,0.0121951534,0.001325257636,0.01013636912,0.05002074944
2985,0.001829647119,0.01408822704,0.001325257636,0.01012722027,0.0507693113
2986,0.001829647119,0.01424064878,0.001325257636,0.01011807967,0.05077094554
2987,0.001829647119,0.01347812313,0.001325257636,0.01010894733,0.05135556472
2988,0.001829647119,0.01657229,0.001325257636,0.01009982323,0.05154554463
2989,0.001829647119,0.01521339043,0.001325257636,0.01009070736,0.05290892837
2990,0.001829647119,0.01511109351,0.001325257636,0.01008159972,0.05204908305
2991,0.001829647119,0.01365844462,0.001325257636,0.0100725003,0.0518684251
2992,0.001829647119,0.01299202063,0.001325257636,0.0100634091,0.05226598277
2993,0.001829647119,0.01514251997,0.001325257636,0.0100543261,0.05285658163
2994,0.001829647119,0.01545228228,0.001325257636,0.0100452513,0.05402156168
2995,0.001829647119,0.01443688725,0.001325257636,0.01003618468,0.05349642227
2996,0.001829647119,0.01351387845,0.001325257636,0.01002712626,0.05323409811
2997,0.001829647119,0.01544541775,0.001325257636,0.01001807601,0.05348219891
2998,0.001829647119,0.01717143955,0.001325257636,0.01000903392,0.05400552505
2999,0.001829647119,0.0145008394,0.001325257636,0.01,0.05133127722
3000,0.001829647119,0.0178038595,0.001325257636,0.01,0.05128682291
